season,round,driver_id,stop,lap,time,duration,duration_s,pos_before,pos_after,position_change,position_gained
2011,1,webber,1,11,17:20:48,23.426,23.426,3.0,7.0,-4.0,0
2011,1,alonso,1,12,17:22:34,23.251,23.251,5.0,10.0,-5.0,0
2011,1,massa,1,13,17:24:10,23.842,23.842,5.0,10.0,-5.0,0
2011,1,barrichello,1,13,17:24:29,23.643,23.643,14.0,15.0,-1.0,0
2011,1,vettel,1,14,17:25:17,22.603,22.603,1.0,2.0,-1.0,0
2011,1,resta,1,14,17:26:03,24.863,24.863,10.0,16.0,-6.0,0
2011,1,ambrosio,1,14,17:26:50,25.259,25.259,20.0,21.0,-1.0,0
2011,1,buemi,1,15,17:27:34,25.342,25.342,8.0,12.0,-4.0,0
2011,1,heidfeld,1,15,17:27:41,22.994,22.994,11.0,15.0,-4.0,0
2011,1,hamilton,1,16,17:28:24,23.227,23.227,1.0,2.0,-1.0,0
2011,1,petrov,1,16,17:28:39,24.535,24.535,2.0,4.0,-2.0,0
2011,1,rosberg,1,16,17:29:00,23.716,23.716,5.0,9.0,-4.0,0
2011,1,kobayashi,1,16,17:29:06,24.064,24.064,7.0,10.0,-3.0,0
2011,1,sutil,1,16,17:29:08,25.978,25.978,8.0,14.0,-6.0,0
2011,1,trulli,1,16,17:29:49,24.899,24.899,18.0,19.0,-1.0,0
2011,1,alguersuari,2,17,17:31:06,24.463,24.463,11.0,16.0,-5.0,0
2011,1,kovalainen,1,17,17:31:11,24.865,24.865,13.0,17.0,-4.0,0
2011,1,michael_schumacher,2,17,17:32:08,23.988,23.988,20.0,20.0,0.0,0
2011,1,glock,1,18,17:33:02,23.792,23.792,16.0,19.0,-3.0,0
2011,1,button,2,19,17:33:53,23.303,23.303,6.0,12.0,-6.0,0
2011,1,perez,1,23,17:40:27,23.438,23.438,7.0,13.0,-6.0,0
2011,1,barrichello,2,23,17:40:45,37.856,37.856,9.0,15.0,-6.0,0
2011,1,webber,2,26,17:44:29,22.520,22.52,3.0,5.0,-2.0,0
2011,1,alonso,2,27,17:46:04,24.733,24.733,4.0,6.0,-2.0,0
2011,1,barrichello,3,28,17:49:07,16.892,16.892,15.0,15.0,0.0,0
2011,1,buemi,2,29,17:49:47,23.100,23.1,9.0,12.0,-3.0,0
2011,1,heidfeld,2,30,17:51:32,25.098,25.098,11.0,14.0,-3.0,0
2011,1,massa,2,31,17:52:28,24.500,24.5,4.0,7.0,-3.0,0
2011,1,kobayashi,2,32,17:54:21,24.192,24.192,7.0,11.0,-4.0,0
2011,1,vettel,2,36,17:59:17,24.036,24.036,1.0,1.0,0.0,0
2011,1,hamilton,2,36,17:59:29,23.199,23.199,2.0,2.0,0.0,0
2011,1,alguersuari,3,35,17:59:45,26.348,26.348,13.0,14.0,-1.0,0
2011,1,petrov,2,36,17:59:47,25.683,25.683,3.0,5.0,-2.0,0
2011,1,resta,2,36,18:00:48,24.332,24.332,9.0,12.0,-3.0,0
2011,1,button,3,37,18:01:49,22.681,22.681,6.0,7.0,-1.0,0
2011,1,sutil,2,37,18:02:15,23.871,23.871,8.0,11.0,-3.0,0
2011,1,trulli,2,37,18:03:55,24.848,24.848,16.0,16.0,0.0,0
2011,1,ambrosio,2,38,18:06:53,26.446,26.446,17.0,17.0,0.0,0
2011,1,webber,3,41,18:07:37,26.230,26.23,3.0,5.0,-2.0,0
2011,1,barrichello,4,40,18:08:03,26.309,26.309,15.0,15.0,0.0,0
2011,1,alonso,3,42,18:09:08,24.181,24.181,3.0,4.0,-1.0,0
2011,1,massa,3,48,18:18:54,24.095,24.095,6.0,10.0,-4.0,0
2011,2,sutil,1,3,16:09:07,31.694,31.694,15.0,23.0,-8.0,0
2011,2,barrichello,1,3,16:10:04,32.978,32.978,17.0,24.0,-7.0,0
2011,2,webber,1,10,16:21:21,22.572,22.572,10.0,15.0,-5.0,0
2011,2,resta,1,11,16:23:16,22.773,22.773,14.0,17.0,-3.0,0
2011,2,hamilton,1,12,16:24:40,22.552,22.552,3.0,5.0,-2.0,0
2011,2,vettel,1,13,16:26:17,23.019,23.019,1.0,1.0,0.0,0
2011,2,heidfeld,1,13,16:26:28,23.900,23.9,2.0,7.0,-5.0,0
2011,2,button,1,13,16:26:29,22.400,22.4,3.0,5.0,-2.0,0
2011,2,massa,1,13,16:26:30,29.224,29.224,4.0,10.0,-6.0,0
2011,2,trulli,1,13,16:27:03,25.516,25.516,16.0,21.0,-5.0,0
2011,2,alonso,1,14,16:28:15,23.152,23.152,2.0,5.0,-3.0,0
2011,2,michael_schumacher,1,14,16:28:34,22.576,22.576,8.0,12.0,-4.0,0
2011,2,petrov,1,15,16:30:10,23.182,23.182,2.0,9.0,-7.0,0
2011,2,buemi,1,15,16:30:23,23.280,23.28,6.0,12.0,-6.0,0
2011,2,rosberg,1,15,16:30:37,24.967,24.967,14.0,15.0,-1.0,0
2011,2,kovalainen,1,15,16:30:37,29.084,29.084,15.0,18.0,-3.0,0
2011,2,alguersuari,1,16,16:32:25,23.584,23.584,11.0,14.0,-3.0,0
2011,2,sutil,2,16,16:32:31,22.046,22.046,17.0,16.0,1.0,1
2011,2,kobayashi,1,17,16:33:53,23.280,23.28,3.0,11.0,-8.0,0
2011,2,perez,1,17,16:34:14,23.597,23.597,11.0,15.0,-4.0,0
2011,2,glock,1,17,16:34:28,24.617,24.617,16.0,18.0,-2.0,0
2011,2,ambrosio,1,17,16:34:39,26.252,26.252,18.0,20.0,-2.0,0
2011,2,liuzzi,1,17,16:34:56,27.815,27.815,20.0,21.0,-1.0,0
2011,2,barrichello,2,17,16:35:41,24.502,24.502,22.0,22.0,0.0,0
2011,2,buemi,2,20,16:39:30,29.843,29.843,12.0,16.0,-4.0,0
2011,2,webber,2,22,16:42:37,21.991,21.991,6.0,10.0,-4.0,0
2011,2,button,2,23,16:44:11,22.471,22.471,4.0,7.0,-3.0,0
2011,2,hamilton,2,24,16:45:48,22.611,22.611,2.0,5.0,-3.0,0
2011,2,resta,2,24,16:46:20,22.419,22.419,8.0,12.0,-4.0,0
2011,2,vettel,2,25,16:47:27,21.893,21.893,1.0,1.0,0.0,0
2011,2,alonso,2,26,16:49:19,23.894,23.894,2.0,4.0,-2.0,0
2011,2,heidfeld,2,26,16:49:31,23.221,23.221,3.0,6.0,-3.0,0
2011,2,massa,2,27,16:51:17,22.541,22.541,2.0,7.0,-5.0,0
2011,2,petrov,2,27,16:51:25,22.680,22.68,7.0,9.0,-2.0,0
2011,2,michael_schumacher,2,28,16:53:26,22.261,22.261,9.0,11.0,-2.0,0
2011,2,rosberg,2,29,16:55:28,22.577,22.577,12.0,15.0,-3.0,0
2011,2,webber,3,32,17:00:01,22.069,22.069,5.0,7.0,-2.0,0
2011,2,alguersuari,2,32,17:00:55,22.888,22.888,12.0,15.0,-3.0,0
2011,2,sutil,3,32,17:00:56,22.550,22.55,13.0,14.0,-1.0,0
2011,2,buemi,3,32,17:01:03,27.439,27.439,14.0,16.0,-2.0,0
2011,2,kovalainen,2,34,17:04:41,23.336,23.336,13.0,16.0,-3.0,0
2011,2,glock,2,34,17:05:19,24.429,24.429,17.0,17.0,0.0,0
2011,2,ambrosio,2,35,17:07:20,24.416,24.416,18.0,18.0,0.0,0
2011,2,kobayashi,2,36,17:07:26,23.442,23.442,9.0,10.0,-1.0,0
2011,2,hamilton,3,37,17:08:28,25.382,25.382,2.0,5.0,-3.0,0
2011,2,resta,3,37,17:09:21,23.977,23.977,10.0,11.0,-1.0,0
2011,2,button,3,38,17:10:13,22.483,22.483,2.0,3.0,-1.0,0
2011,2,massa,3,38,17:10:28,22.893,22.893,6.0,8.0,-2.0,0
2011,2,heidfeld,3,39,17:12:09,22.602,22.602,4.0,7.0,-3.0,0
2011,2,liuzzi,2,38,17:13:32,26.554,26.554,19.0,19.0,0.0,0
2011,2,rosberg,3,40,17:15:05,22.526,22.526,12.0,15.0,-3.0,0
2011,2,vettel,3,41,17:15:08,22.313,22.313,1.0,1.0,0.0,0
2011,2,alonso,3,41,17:15:25,23.812,23.812,2.0,4.0,-2.0,0
2011,2,michael_schumacher,3,42,17:18:08,22.227,22.227,9.0,11.0,-2.0,0
2011,2,webber,4,43,17:19:10,22.161,22.161,4.0,7.0,-3.0,0
2011,2,petrov,3,44,17:21:08,28.694,28.694,7.0,9.0,-2.0,0
2011,2,alonso,4,46,17:24:24,27.182,27.182,4.0,7.0,-3.0,0
2011,2,liuzzi,3,44,17:25:07,38.823,38.823,18.0,18.0,0.0,0
2011,2,hamilton,4,52,17:34:48,22.466,22.466,3.0,7.0,-4.0,0
2011,3,liuzzi,1,9,15:20:00,14.160,14.16,23.0,23.0,0.0,0
2011,3,michael_schumacher,1,10,15:21:12,20.522,20.522,9.0,14.0,-5.0,0
2011,3,webber,1,10,15:21:27,23.442,23.442,15.0,18.0,-3.0,0
2011,3,maldonado,1,10,15:21:35,23.160,23.16,19.0,21.0,-2.0,0
2011,3,resta,1,11,15:22:57,21.989,21.989,7.0,14.0,-7.0,0
2011,3,rosberg,1,12,15:24:32,20.771,20.771,4.0,8.0,-4.0,0
2011,3,buemi,1,12,15:24:56,22.010,22.01,12.0,18.0,-6.0,0
2011,3,button,1,14,15:27:59,23.779,23.779,1.0,5.0,-4.0,0
2011,3,vettel,1,14,15:28:00,21.995,21.995,3.0,4.0,-1.0,0
2011,3,kobayashi,1,14,15:28:17,21.855,21.855,7.0,14.0,-7.0,0
2011,3,massa,1,15,15:29:47,21.624,21.624,2.0,4.0,-2.0,0
2011,3,hamilton,1,15,15:29:49,20.878,20.878,1.0,5.0,-4.0,0
2011,3,sutil,1,15,15:30:01,20.989,20.989,6.0,11.0,-5.0,0
2011,3,alonso,1,16,15:31:34,22.524,22.524,1.0,7.0,-6.0,0
2011,3,perez,1,16,15:31:55,21.473,21.473,10.0,15.0,-5.0,0
2011,3,barrichello,1,16,15:32:01,21.709,21.709,12.0,17.0,-5.0,0
2011,3,buemi,2,16,15:32:19,24.722,24.722,18.0,20.0,-2.0,0
2011,3,glock,1,16,15:32:33,22.683,22.683,20.0,22.0,-2.0,0
2011,3,petrov,1,17,15:33:36,21.981,21.981,3.0,12.0,-9.0,0
2011,3,heidfeld,1,18,15:35:28,22.216,22.216,7.0,14.0,-7.0,0
2011,3,kovalainen,1,19,15:37:31,22.485,22.485,14.0,18.0,-4.0,0
2011,3,trulli,1,20,15:39:24,23.029,23.029,15.0,19.0,-4.0,0
2011,3,ambrosio,1,20,15:39:50,22.901,22.901,20.0,22.0,-2.0,0
2011,3,liuzzi,2,21,15:42:05,24.467,24.467,23.0,23.0,0.0,0
2011,3,karthikeyan,1,23,15:45:28,26.049,26.049,20.0,22.0,-2.0,0
2011,3,button,2,24,15:45:35,20.758,20.758,3.0,6.0,-3.0,0
2011,3,rosberg,2,25,15:47:13,22.005,22.005,1.0,4.0,-3.0,0
2011,3,hamilton,2,25,15:47:20,20.533,20.533,4.0,6.0,-2.0,0
2011,3,webber,2,25,15:47:44,21.132,21.132,11.0,15.0,-4.0,0
2011,3,maldonado,2,25,15:48:09,22.062,22.062,16.0,18.0,-2.0,0
2011,3,michael_schumacher,2,26,15:49:15,21.964,21.964,6.0,13.0,-7.0,0
2011,3,glock,2,28,15:54:22,21.908,21.908,20.0,21.0,-1.0,0
2011,3,sutil,2,30,15:56:26,21.058,21.058,8.0,14.0,-6.0,0
2011,3,kobayashi,2,30,15:56:28,21.936,21.936,9.0,13.0,-4.0,0
2011,3,heidfeld,2,30,15:56:29,21.821,21.821,13.0,15.0,-2.0,0
2011,3,vettel,2,31,15:57:37,21.533,21.533,1.0,5.0,-4.0,0
2011,3,alonso,2,32,15:59:39,21.251,21.251,6.0,9.0,-3.0,0
2011,3,resta,2,32,15:59:51,21.218,21.218,7.0,12.0,-5.0,0
2011,3,massa,2,33,16:01:04,21.168,21.168,1.0,5.0,-4.0,0
2011,3,buemi,3,33,16:02:13,21.928,21.928,16.0,19.0,-3.0,0
2011,3,ambrosio,2,34,16:05:10,22.802,22.802,20.0,21.0,-1.0,0
2011,3,barrichello,2,35,16:05:24,21.481,21.481,11.0,16.0,-5.0,0
2011,3,perez,2,36,16:06:55,23.397,23.397,10.0,14.0,-4.0,0
2011,3,button,3,37,16:08:00,21.237,21.237,3.0,5.0,-2.0,0
2011,3,petrov,2,37,16:08:34,22.005,22.005,8.0,13.0,-5.0,0
2011,3,hamilton,3,38,16:09:38,20.567,20.567,2.0,4.0,-2.0,0
2011,3,rosberg,3,39,16:11:19,20.720,20.72,1.0,3.0,-2.0,0
2011,3,michael_schumacher,3,39,16:11:49,21.400,21.4,7.0,8.0,-1.0,0
2011,3,webber,3,40,16:13:29,21.091,21.091,6.0,7.0,-1.0,0
2011,3,glock,3,39,16:14:17,33.827,33.827,20.0,23.0,-3.0,0
2011,3,kovalainen,2,40,16:14:27,21.890,21.89,16.0,17.0,-1.0,0
2011,3,maldonado,3,40,16:14:36,27.620,27.62,17.0,19.0,-2.0,0
2011,3,trulli,2,42,16:18:14,22.260,22.26,17.0,19.0,-2.0,0
2011,3,liuzzi,3,45,16:25:39,23.499,23.499,23.0,23.0,0.0,0
2011,3,sutil,3,47,16:26:24,28.708,28.708,11.0,16.0,-5.0,0
2011,3,perez,4,50,16:31:39,28.845,28.845,15.0,17.0,-2.0,0
2011,4,michael_schumacher,1,2,15:06:35,30.182,30.182,7.0,22.0,-15.0,0
2011,4,petrov,1,8,15:16:06,21.422,21.422,8.0,16.0,-8.0,0
2011,4,massa,1,9,15:17:37,22.022,22.022,7.0,9.0,-2.0,0
2011,4,hamilton,1,9,15:17:38,20.833,20.833,6.0,8.0,-2.0,0
2011,4,buemi,1,9,15:17:47,21.769,21.769,12.0,17.0,-5.0,0
2011,4,webber,1,10,15:19:04,21.050,21.05,2.0,3.0,-1.0,0
2011,4,alonso,1,10,15:19:05,21.308,21.308,3.0,4.0,-1.0,0
2011,4,rosberg,1,10,15:19:09,22.573,22.573,4.0,6.0,-2.0,0
2011,4,heidfeld,1,10,15:19:16,22.300,22.3,8.0,11.0,-3.0,0
2011,4,barrichello,1,10,15:19:20,22.717,22.717,9.0,15.0,-6.0,0
2011,4,sutil,1,10,15:19:22,21.649,21.649,10.0,16.0,-6.0,0
2011,4,vettel,1,11,15:20:32,20.623,20.623,1.0,1.0,0.0,0
2011,4,resta,1,11,15:21:00,20.775,20.775,10.0,16.0,-6.0,0
2011,4,maldonado,1,11,15:21:09,23.881,23.881,13.0,19.0,-6.0,0
2011,4,button,1,13,15:23:57,21.368,21.368,1.0,7.0,-6.0,0
2011,4,kobayashi,1,13,15:24:09,21.820,21.82,5.0,12.0,-7.0,0
2011,4,alguersuari,1,13,15:24:25,22.713,22.713,10.0,19.0,-9.0,0
2011,4,trulli,1,13,15:24:28,23.066,23.066,17.0,20.0,-3.0,0
2011,4,michael_schumacher,2,14,15:26:02,20.907,20.907,14.0,16.0,-2.0,0
2011,4,karthikeyan,1,14,15:26:26,27.353,27.353,23.0,22.0,1.0,1
2011,4,kovalainen,1,15,15:27:42,22.854,22.854,16.0,19.0,-3.0,0
2011,4,liuzzi,1,15,15:28:03,24.634,24.634,22.0,23.0,-1.0,0
2011,4,perez,2,16,15:29:30,22.895,22.895,18.0,20.0,-2.0,0
2011,4,ambrosio,1,16,15:29:37,22.779,22.779,21.0,21.0,0.0,0
2011,4,petrov,2,19,15:33:42,21.323,21.323,8.0,14.0,-6.0,0
2011,4,hamilton,2,20,15:35:09,21.075,21.075,4.0,10.0,-6.0,0
2011,4,webber,2,21,15:36:27,20.421,20.421,2.0,3.0,-1.0,0
2011,4,rosberg,2,22,15:38:24,20.927,20.927,6.0,10.0,-4.0,0
2011,4,heidfeld,2,22,15:38:25,21.919,21.919,7.0,11.0,-4.0,0
2011,4,alonso,2,23,15:39:35,21.732,21.732,2.0,3.0,-1.0,0
2011,4,massa,2,23,15:39:58,21.322,21.322,4.0,7.0,-3.0,0
2011,4,buemi,2,23,15:40:07,22.128,22.128,9.0,13.0,-4.0,0
2011,4,kobayashi,2,23,15:40:15,23.455,23.455,8.0,16.0,-8.0,0
2011,4,barrichello,2,24,15:41:43,22.868,22.868,8.0,13.0,-5.0,0
2011,4,resta,2,24,15:41:50,20.930,20.93,11.0,16.0,-5.0,0
2011,4,vettel,2,25,15:42:31,20.112,20.112,1.0,1.0,0.0,0
2011,4,sutil,2,25,15:43:21,21.084,21.084,7.0,14.0,-7.0,0
2011,4,maldonado,2,25,15:43:41,22.555,22.555,16.0,19.0,-3.0,0
2011,4,trulli,2,25,15:43:47,22.862,22.862,19.0,20.0,-1.0,0
2011,4,button,2,26,15:44:37,22.639,22.639,4.0,7.0,-3.0,0
2011,4,karthikeyan,2,27,15:47:59,24.962,24.962,22.0,22.0,0.0,0
2011,4,alguersuari,2,29,15:49:46,21.826,21.826,12.0,17.0,-5.0,0
2011,4,michael_schumacher,3,30,15:51:13,20.379,20.379,10.0,14.0,-4.0,0
2011,4,kovalainen,2,31,15:53:27,21.633,21.633,19.0,20.0,-1.0,0
2011,4,resta,3,32,15:54:38,20.887,20.887,15.0,16.0,-1.0,0
2011,4,perez,3,32,15:54:42,22.365,22.365,16.0,18.0,-2.0,0
2011,4,rosberg,3,33,15:55:49,20.949,20.949,8.0,9.0,-1.0,0
2011,4,hamilton,3,34,15:57:04,35.688,35.688,4.0,7.0,-3.0,0
2011,4,ambrosio,2,33,15:57:20,24.837,24.837,21.0,21.0,0.0,0
2011,4,petrov,3,34,15:57:21,21.838,21.838,5.0,10.0,-5.0,0
2011,4,massa,3,34,15:57:22,23.471,23.471,6.0,12.0,-6.0,0
2011,4,webber,3,35,15:58:20,20.843,20.843,3.0,3.0,0.0,0
2011,4,alonso,3,36,15:59:49,21.702,21.702,2.0,2.0,0.0,0
2011,4,heidfeld,3,36,16:00:31,20.872,20.872,5.0,10.0,-5.0,0
2011,4,kobayashi,3,38,16:03:58,22.456,22.456,14.0,16.0,-2.0,0
2011,4,button,3,39,16:05:05,21.417,21.417,4.0,6.0,-2.0,0
2011,4,alguersuari,3,39,16:05:31,21.986,21.986,15.0,15.0,0.0,0
2011,4,vettel,3,40,16:05:46,20.385,20.385,1.0,1.0,0.0,0
2011,4,trulli,3,39,16:06:10,22.219,22.219,19.0,20.0,-1.0,0
2011,4,buemi,3,40,16:06:48,22.032,22.032,5.0,11.0,-6.0,0
2011,4,barrichello,3,40,16:07:01,21.687,21.687,10.0,16.0,-6.0,0
2011,4,sutil,3,40,16:07:05,21.006,21.006,13.0,17.0,-4.0,0
2011,4,liuzzi,4,37,16:07:22,43.603,43.603,23.0,23.0,0.0,0
2011,4,maldonado,3,41,16:09:04,21.827,21.827,18.0,18.0,0.0,0
2011,4,perez,4,42,16:10:21,21.715,21.715,13.0,17.0,-4.0,0
2011,4,rosberg,4,44,16:12:55,20.308,20.308,5.0,7.0,-2.0,0
2011,4,webber,4,45,16:13:49,22.087,22.087,3.0,3.0,0.0,0
2011,4,petrov,4,45,16:14:37,21.662,21.662,7.0,8.0,-1.0,0
2011,4,michael_schumacher,4,45,16:14:46,20.597,20.597,11.0,12.0,-1.0,0
2011,4,alonso,4,46,16:15:17,21.379,21.379,2.0,2.0,0.0,0
2011,4,maldonado,4,45,16:15:30,13.925,13.925,18.0,17.0,1.0,1
2011,4,hamilton,4,46,16:15:51,22.041,22.041,4.0,5.0,-1.0,0
2011,4,heidfeld,4,46,16:16:10,21.884,21.884,7.0,9.0,-2.0,0
2011,4,massa,4,46,16:16:13,26.685,26.685,8.0,13.0,-5.0,0
2011,4,vettel,4,47,16:16:40,20.489,20.489,1.0,1.0,0.0,0
2011,4,karthikeyan,3,45,16:17:26,24.474,24.474,22.0,21.0,1.0,1
2011,4,kovalainen,3,53,16:28:36,23.114,23.114,19.0,19.0,0.0,0
2011,4,alguersuari,4,55,16:30:31,21.931,21.931,13.0,16.0,-3.0,0
2011,5,perez,1,7,14:14:14,23.592,23.592,11.0,19.0,-8.0,0
2011,5,maldonado,1,8,14:15:48,22.689,22.689,12.0,17.0,-5.0,0
2011,5,vettel,1,9,14:16:54,20.253,20.253,2.0,3.0,-1.0,0
2011,5,buemi,1,9,14:17:17,20.818,20.818,10.0,15.0,-5.0,0
2011,5,alonso,1,10,14:18:23,20.567,20.567,1.0,1.0,0.0,0
2011,5,webber,1,10,14:18:27,20.881,20.881,2.0,4.0,-2.0,0
2011,5,michael_schumacher,1,10,14:18:43,20.084,20.084,6.0,7.0,-1.0,0
2011,5,hamilton,1,11,14:19:57,19.761,19.761,2.0,3.0,-1.0,0
2011,5,petrov,1,11,14:20:14,21.856,21.856,4.0,8.0,-4.0,0
2011,5,rosberg,1,11,14:20:17,20.647,20.647,5.0,10.0,-5.0,0
2011,5,massa,1,11,14:20:19,20.800,20.8,8.0,11.0,-3.0,0
2011,5,alguersuari,1,11,14:20:28,20.741,20.741,10.0,16.0,-6.0,0
2011,5,barrichello,1,11,14:20:48,29.936,29.936,18.0,24.0,-6.0,0
2011,5,sutil,1,13,14:23:57,20.773,20.773,17.0,20.0,-3.0,0
2011,5,button,1,14,14:24:51,20.015,20.015,5.0,5.0,0.0,0
2011,5,karthikeyan,1,14,14:25:56,24.843,24.843,23.0,24.0,-1.0,0
2011,5,resta,1,15,14:26:40,20.070,20.07,6.0,13.0,-7.0,0
2011,5,trulli,1,15,14:26:50,22.364,22.364,11.0,16.0,-5.0,0
2011,5,kovalainen,1,16,14:28:30,21.019,21.019,13.0,19.0,-6.0,0
2011,5,liuzzi,1,16,14:28:55,23.157,23.157,19.0,21.0,-2.0,0
2011,5,glock,1,16,14:29:00,22.744,22.744,21.0,22.0,-1.0,0
2011,5,ambrosio,1,17,14:30:41,23.176,23.176,23.0,23.0,0.0,0
2011,5,vettel,2,18,14:30:44,19.887,19.887,2.0,2.0,0.0,0
2011,5,alonso,2,19,14:32:13,20.238,20.238,1.0,3.0,-2.0,0
2011,5,webber,2,19,14:32:16,20.079,20.079,3.0,4.0,-1.0,0
2011,5,maldonado,2,20,14:34:36,24.821,24.821,11.0,16.0,-5.0,0
2011,5,massa,2,21,14:35:51,21.635,21.635,9.0,11.0,-2.0,0
2011,5,heidfeld,1,21,14:36:21,21.322,21.322,14.0,19.0,-5.0,0
2011,5,hamilton,2,23,14:38:08,20.235,20.235,1.0,2.0,-1.0,0
2011,5,barrichello,2,23,14:39:40,21.226,21.226,19.0,20.0,-1.0,0
2011,5,alguersuari,2,24,14:40:47,20.872,20.872,12.0,16.0,-4.0,0
2011,5,buemi,2,25,14:42:10,24.745,24.745,9.0,14.0,-5.0,0
2011,5,kobayashi,2,25,14:42:46,21.128,21.128,17.0,20.0,-3.0,0
2011,5,michael_schumacher,2,26,14:43:25,20.487,20.487,6.0,7.0,-1.0,0
2011,5,petrov,2,26,14:43:33,24.232,24.232,8.0,10.0,-2.0,0
2011,5,rosberg,2,27,14:45:01,19.534,19.534,7.0,9.0,-2.0,0
2011,5,alonso,3,29,14:47:26,20.738,20.738,3.0,3.0,0.0,0
2011,5,webber,3,29,14:47:27,20.279,20.279,4.0,4.0,0.0,0
2011,5,kovalainen,2,28,14:47:28,20.807,20.807,18.0,20.0,-2.0,0
2011,5,perez,2,29,14:48:40,21.143,21.143,11.0,15.0,-4.0,0
2011,5,trulli,2,29,14:48:41,21.723,21.723,14.0,17.0,-3.0,0
2011,5,karthikeyan,2,28,14:48:52,24.448,24.448,24.0,23.0,1.0,1
2011,5,button,2,30,14:49:06,20.763,20.763,5.0,5.0,0.0,0
2011,5,sutil,2,30,14:50:19,20.267,20.267,16.0,19.0,-3.0,0
2011,5,resta,2,32,14:53:02,20.126,20.126,9.0,14.0,-5.0,0
2011,5,vettel,3,34,14:54:42,20.426,20.426,1.0,1.0,0.0,0
2011,5,hamilton,3,35,14:56:14,20.473,20.473,1.0,2.0,-1.0,0
2011,5,ambrosio,2,34,14:58:05,22.982,22.982,22.0,22.0,0.0,0
2011,5,barrichello,3,35,14:58:09,20.650,20.65,17.0,20.0,-3.0,0
2011,5,massa,3,36,14:58:48,22.419,22.419,6.0,9.0,-3.0,0
2011,5,maldonado,3,36,14:59:14,21.574,21.574,10.0,14.0,-4.0,0
2011,5,heidfeld,2,36,14:59:22,21.953,21.953,13.0,15.0,-2.0,0
2011,5,alguersuari,3,36,14:59:25,21.019,21.019,12.0,18.0,-6.0,0
2011,5,alonso,4,39,15:02:54,20.380,20.38,4.0,5.0,-1.0,0
2011,5,glock,2,38,15:03:54,21.632,21.632,21.0,21.0,0.0,0
2011,5,michael_schumacher,3,41,15:06:21,20.451,20.451,6.0,6.0,0.0,0
2011,5,petrov,3,41,15:06:36,21.739,21.739,8.0,11.0,-3.0,0
2011,5,kovalainen,3,41,15:07:42,23.068,23.068,19.0,20.0,-1.0,0
2011,5,rosberg,3,42,15:07:53,20.395,20.395,6.0,7.0,-1.0,0
2011,5,buemi,3,42,15:08:31,20.819,20.819,10.0,16.0,-6.0,0
2011,5,trulli,3,43,15:10:27,23.001,23.001,17.0,19.0,-2.0,0
2011,5,kobayashi,3,44,15:11:40,20.500,20.5,13.0,16.0,-3.0,0
2011,5,webber,4,47,15:14:50,19.984,19.984,4.0,4.0,0.0,0
2011,5,vettel,4,48,15:15:41,20.292,20.292,1.0,1.0,0.0,0
2011,5,perez,3,47,15:16:00,21.829,21.829,10.0,13.0,-3.0,0
2011,5,button,3,48,15:16:10,20.107,20.107,3.0,3.0,0.0,0
2011,5,hamilton,4,49,15:17:11,20.988,20.988,1.0,2.0,-1.0,0
2011,5,sutil,3,48,15:17:54,23.230,23.23,14.0,17.0,-3.0,0
2011,5,karthikeyan,3,47,15:19:38,24.298,24.298,23.0,22.0,1.0,1
2011,5,heidfeld,3,50,15:20:32,20.796,20.796,10.0,12.0,-2.0,0
2011,5,alguersuari,4,50,15:21:09,23.143,23.143,16.0,18.0,-2.0,0
2011,5,ambrosio,3,49,15:21:44,21.708,21.708,22.0,21.0,1.0,1
2011,5,resta,3,51,15:22:03,20.573,20.573,9.0,13.0,-4.0,0
2011,5,maldonado,4,53,15:25:26,22.077,22.077,13.0,16.0,-3.0,0
2011,5,glock,3,53,15:27:29,21.170,21.17,20.0,20.0,0.0,0
2011,5,barrichello,4,54,15:27:32,20.637,20.637,17.0,18.0,-1.0,0
2011,6,michael_schumacher,1,12,14:19:30,35.084,35.084,10.0,21.0,-11.0,0
2011,6,button,1,15,14:22:57,25.280,25.28,2.0,1.0,1.0,1
2011,6,rosberg,1,15,14:23:33,25.189,25.189,7.0,19.0,-12.0,0
2011,6,vettel,1,16,14:24:15,28.536,28.536,1.0,2.0,-1.0,0
2011,6,webber,1,16,14:24:32,37.735,37.735,3.0,14.0,-11.0,0
2011,6,alonso,1,17,14:25:41,25.352,25.352,1.0,3.0,-2.0,0
2011,6,kovalainen,1,19,14:29:21,26.477,26.477,17.0,21.0,-4.0,0
2011,6,resta,1,20,14:30:24,24.970,24.97,9.0,16.0,-7.0,0
2011,6,hamilton,1,22,14:33:00,31.445,31.445,7.0,13.0,-6.0,0
2011,6,glock,1,22,14:33:33,26.827,26.827,17.0,21.0,-4.0,0
2011,6,trulli,1,24,14:36:13,25.595,25.595,13.0,18.0,-5.0,0
2011,6,maldonado,1,25,14:37:09,26.468,26.468,5.0,13.0,-8.0,0
2011,6,massa,1,26,14:38:20,26.615,26.615,4.0,10.0,-6.0,0
2011,6,karthikeyan,1,25,14:38:46,28.325,28.325,22.0,23.0,-1.0,0
2011,6,resta,2,27,14:40:23,19.360,19.36,14.0,16.0,-2.0,0
2011,6,petrov,1,28,14:41:17,28.856,28.856,4.0,13.0,-9.0,0
2011,6,alguersuari,1,29,14:43:07,25.907,25.907,14.0,17.0,-3.0,0
2011,6,barrichello,1,32,14:46:47,25.921,25.921,4.0,12.0,-8.0,0
2011,6,button,2,33,14:46:57,26.421,26.421,1.0,2.0,-1.0,0
2011,6,resta,3,32,14:47:35,47.226,47.226,16.0,18.0,-2.0,0
2011,6,heidfeld,1,33,14:48:15,25.851,25.851,6.0,10.0,-4.0,0
2011,6,buemi,1,33,14:48:16,26.073,26.073,7.0,11.0,-4.0,0
2011,6,alonso,2,34,14:48:45,31.382,31.382,2.0,3.0,-1.0,0
2011,6,rosberg,2,33,14:48:50,25.310,25.31,15.0,15.0,0.0,0
2011,6,liuzzi,1,32,14:49:02,28.298,28.298,21.0,19.0,2.0,1
2011,6,ambrosio,1,33,14:49:39,27.577,27.577,19.0,17.0,2.0,1
2011,6,kobayashi,1,34,14:49:49,28.642,28.642,4.0,5.0,-1.0,0
2011,6,sutil,1,34,14:49:51,25.037,25.037,5.0,4.0,1.0,1
2011,6,karthikeyan,2,33,14:51:08,39.917,39.917,22.0,20.0,2.0,1
2011,6,hamilton,2,43,15:03:45,19.347,19.347,7.0,9.0,-2.0,0
2011,6,trulli,2,46,15:09:08,26.065,26.065,14.0,18.0,-4.0,0
2011,6,button,3,48,15:09:55,24.670,24.67,2.0,3.0,-1.0,0
2011,6,hamilton,3,49,15:12:04,26.977,26.977,9.0,9.0,0.0,0
2011,6,kovalainen,2,52,15:17:38,25.878,25.878,16.0,18.0,-2.0,0
2011,6,rosberg,3,53,15:18:33,25.116,25.116,14.0,14.0,0.0,0
2011,6,maldonado,2,54,15:18:38,25.687,25.687,7.0,8.0,-1.0,0
2011,6,webber,2,55,15:19:56,26.269,26.269,6.0,7.0,-1.0,0
2011,6,alguersuari,2,56,15:22:30,27.550,27.55,13.0,14.0,-1.0,0
2011,6,buemi,2,62,15:30:24,25.045,25.045,11.0,12.0,-1.0,0
2011,6,ambrosio,2,63,15:33:21,26.464,26.464,18.0,18.0,0.0,0
2011,6,sutil,2,68,15:37:52,27.879,27.879,6.0,8.0,-2.0,0
2011,6,barrichello,2,68,15:38:54,25.675,25.675,11.0,10.0,1.0,1
2011,6,heidfeld,2,69,15:40:13,26.281,26.281,9.0,9.0,0.0,0
2011,7,button,1,8,13:15:11,23.650,23.65,6.0,12.0,-6.0,0
2011,7,liuzzi,1,9,13:17:25,27.202,27.202,21.0,23.0,-2.0,0
2011,7,button,2,13,13:25:10,14.501,14.501,12.0,11.0,1.0,1
2011,7,barrichello,1,15,13:28:31,23.305,23.305,13.0,17.0,-4.0,0
2011,7,sutil,1,16,13:30:09,24.052,24.052,13.0,17.0,-4.0,0
2011,7,buemi,1,17,13:31:50,23.949,23.949,14.0,14.0,0.0,0
2011,7,ambrosio,1,17,13:32:07,24.143,24.143,23.0,21.0,2.0,1
2011,7,michael_schumacher,1,18,13:33:04,24.472,24.472,3.0,8.0,-5.0,0
2011,7,alonso,2,19,13:34:54,26.348,26.348,5.0,8.0,-3.0,0
2011,7,button,3,19,13:35:02,23.868,23.868,8.0,10.0,-2.0,0
2011,7,rosberg,2,19,13:35:10,22.986,22.986,10.0,11.0,-1.0,0
2011,7,alguersuari,1,19,13:35:14,26.045,26.045,13.0,14.0,-1.0,0
2011,7,barrichello,2,19,13:35:21,25.066,25.066,15.0,16.0,-1.0,0
2011,7,kovalainen,1,19,13:35:26,44.037,44.037,14.0,22.0,-8.0,0
2011,7,trulli,1,19,13:35:28,51.684,51.684,16.0,23.0,-7.0,0
2011,7,maldonado,2,19,13:35:30,24.943,24.943,18.0,20.0,-2.0,0
2011,7,vettel,1,20,13:36:13,23.872,23.872,1.0,1.0,0.0,0
2011,7,webber,1,20,13:36:40,29.546,29.546,4.0,7.0,-3.0,0
2011,7,buemi,2,20,13:37:27,24.649,24.649,14.0,18.0,-4.0,0
2011,7,massa,1,21,13:38:09,24.886,24.886,1.0,3.0,-2.0,0
2011,7,michael_schumacher,2,21,13:38:51,24.196,24.196,8.0,12.0,-4.0,0
2011,7,ambrosio,2,23,13:43:32,30.497,30.497,21.0,23.0,-2.0,0
2011,7,ambrosio,3,33,16:07:00,24.655,24.655,22.0,12.0,10.0,1
2011,7,michael_schumacher,3,34,16:08:48,22.832,22.832,12.0,8.0,4.0,1
2011,7,sutil,2,34,16:08:49,22.923,22.923,13.0,13.0,0.0,0
2011,7,glock,1,34,16:08:50,24.425,24.425,15.0,19.0,-4.0,0
2011,7,barrichello,3,34,16:08:51,24.684,24.684,16.0,14.0,2.0,1
2011,7,buemi,3,34,16:08:53,23.970,23.97,18.0,17.0,1.0,1
2011,7,heidfeld,1,35,16:10:18,23.113,23.113,4.0,3.0,1.0,1
2011,7,resta,1,35,16:10:20,22.479,22.479,6.0,5.0,1.0,1
2011,7,rosa,1,35,16:10:23,30.288,30.288,10.0,17.0,-7.0,0
2011,7,alguersuari,2,35,16:10:26,24.863,24.863,12.0,13.0,-1.0,0
2011,7,maldonado,3,35,16:10:29,23.593,23.593,13.0,12.0,1.0,1
2011,7,liuzzi,2,35,16:10:48,34.897,34.897,17.0,20.0,-3.0,0
2011,7,kobayashi,1,36,16:11:49,23.687,23.687,2.0,2.0,0.0,0
2011,7,massa,2,36,16:11:50,22.742,22.742,3.0,3.0,0.0,0
2011,7,petrov,1,36,16:11:52,23.816,23.816,4.0,8.0,-4.0,0
2011,7,webber,2,36,16:11:53,22.402,22.402,5.0,6.0,-1.0,0
2011,7,rosberg,3,36,16:11:57,22.735,22.735,7.0,9.0,-2.0,0
2011,7,trulli,2,36,16:12:14,23.332,23.332,11.0,18.0,-7.0,0
2011,7,ambrosio,4,36,16:12:15,14.538,14.538,12.0,15.0,-3.0,0
2011,7,vettel,2,37,16:13:21,22.958,22.958,1.0,1.0,0.0,0
2011,7,karthikeyan,1,37,16:14:01,29.115,29.115,12.0,19.0,-7.0,0
2011,7,button,5,37,16:14:55,31.718,31.718,11.0,21.0,-10.0,0
2011,7,resta,2,43,16:24:38,28.630,28.63,5.0,18.0,-13.0,0
2011,7,sutil,3,45,16:27:43,14.565,14.565,8.0,14.0,-6.0,0
2011,7,webber,3,50,16:35:03,22.770,22.77,6.0,8.0,-2.0,0
2011,7,barrichello,4,50,16:35:12,23.059,23.059,9.0,10.0,-1.0,0
2011,7,buemi,4,50,16:35:23,26.561,26.561,13.0,15.0,-2.0,0
2011,7,resta,3,50,16:35:33,14.538,14.538,15.0,11.0,4.0,1
2011,7,button,6,51,16:36:41,23.741,23.741,8.0,7.0,1.0,1
2011,7,alguersuari,3,51,16:36:45,23.338,23.338,9.0,10.0,-1.0,0
2011,7,maldonado,4,51,16:36:46,23.700,23.7,10.0,11.0,-1.0,0
2011,7,glock,2,51,16:37:16,25.079,25.079,16.0,17.0,-1.0,0
2011,7,karthikeyan,2,51,16:37:38,29.540,29.54,19.0,19.0,0.0,0
2011,7,michael_schumacher,4,52,16:37:50,22.869,22.869,2.0,2.0,0.0,0
2011,7,massa,3,52,16:37:52,22.560,22.56,3.0,12.0,-9.0,0
2011,7,heidfeld,2,52,16:37:57,23.364,23.364,5.0,6.0,-1.0,0
2011,7,rosa,2,52,16:38:22,24.039,24.039,9.0,13.0,-4.0,0
2011,7,trulli,3,52,16:38:45,25.140,25.14,15.0,16.0,-1.0,0
2011,7,ambrosio,5,52,16:38:56,30.714,30.714,17.0,18.0,-1.0,0
2011,7,vettel,3,53,16:39:07,22.526,22.526,1.0,1.0,0.0,0
2011,7,liuzzi,3,52,16:39:20,33.278,33.278,19.0,19.0,0.0,0
2011,7,kobayashi,2,53,16:39:22,24.618,24.618,2.0,5.0,-3.0,0
2011,7,petrov,2,53,16:39:31,24.145,24.145,3.0,7.0,-4.0,0
2011,7,rosberg,4,53,16:39:36,22.702,22.702,5.0,10.0,-5.0,0
2011,7,resta,4,53,16:40:04,23.129,23.129,11.0,15.0,-4.0,0
2011,8,maldonado,1,10,14:22:02,21.301,21.301,20.0,23.0,-3.0,0
2011,8,heidfeld,1,11,14:23:23,22.114,22.114,10.0,15.0,-5.0,0
2011,8,barrichello,1,11,14:23:27,21.163,21.163,12.0,16.0,-4.0,0
2011,8,kobayashi,1,11,14:23:29,23.492,23.492,13.0,19.0,-6.0,0
2011,8,hamilton,1,12,14:24:49,20.340,20.34,5.0,5.0,0.0,0
2011,8,rosberg,1,12,14:25:02,21.054,21.054,7.0,8.0,-1.0,0
2011,8,sutil,1,12,14:25:09,20.676,20.676,9.0,12.0,-3.0,0
2011,8,webber,1,13,14:26:28,20.465,20.465,2.0,2.0,0.0,0
2011,8,vettel,1,14,14:28:11,21.006,21.006,1.0,1.0,0.0,0
2011,8,alonso,1,14,14:28:15,21.477,21.477,2.0,3.0,-1.0,0
2011,8,button,1,14,14:28:31,20.997,20.997,5.0,6.0,-1.0,0
2011,8,michael_schumacher,1,14,14:28:40,21.201,21.201,6.0,21.0,-15.0,0
2011,8,resta,1,14,14:28:51,20.567,20.567,8.0,13.0,-5.0,0
2011,8,buemi,1,14,14:28:54,21.321,21.321,9.0,14.0,-5.0,0
2011,8,kovalainen,1,14,14:29:11,23.241,23.241,17.0,20.0,-3.0,0
2011,8,karthikeyan,1,14,14:29:43,28.030,28.03,24.0,24.0,0.0,0
2011,8,massa,1,15,14:30:07,20.718,20.718,1.0,5.0,-4.0,0
2011,8,petrov,1,15,14:30:49,22.104,22.104,10.0,17.0,-7.0,0
2011,8,liuzzi,1,15,14:31:23,24.459,24.459,22.0,23.0,-1.0,0
2011,8,glock,1,17,14:34:56,21.900,21.9,19.0,21.0,-2.0,0
2011,8,trulli,1,18,14:36:30,23.327,23.327,16.0,20.0,-4.0,0
2011,8,ambrosio,1,18,14:36:56,21.943,21.943,21.0,22.0,-1.0,0
2011,8,alguersuari,1,19,14:37:50,21.391,21.391,8.0,14.0,-6.0,0
2011,8,hamilton,2,24,14:46:06,21.035,21.035,4.0,6.0,-2.0,0
2011,8,perez,1,25,14:48:56,21.939,21.939,14.0,18.0,-4.0,0
2011,8,buemi,2,26,14:50:28,20.460,20.46,12.0,14.0,-2.0,0
2011,8,kovalainen,2,26,14:51:06,21.126,21.126,19.0,20.0,-1.0,0
2011,8,heidfeld,2,27,14:52:04,22.285,22.285,9.0,10.0,-1.0,0
2011,8,resta,2,27,14:52:08,20.818,20.818,11.0,11.0,0.0,0
2011,8,petrov,2,27,14:52:26,21.168,21.168,13.0,16.0,-3.0,0
2011,8,webber,2,28,14:52:53,20.319,20.319,3.0,3.0,0.0,0
2011,8,sutil,2,28,14:53:47,20.286,20.286,8.0,9.0,-1.0,0
2011,8,barrichello,2,28,14:53:53,21.262,21.262,9.0,12.0,-3.0,0
2011,8,maldonado,2,28,14:54:30,21.805,21.805,17.0,19.0,-2.0,0
2011,8,alonso,2,29,14:54:36,20.551,20.551,2.0,3.0,-1.0,0
2011,8,liuzzi,2,28,14:55:33,22.766,22.766,23.0,23.0,0.0,0
2011,8,vettel,2,30,14:56:16,20.441,20.441,1.0,1.0,0.0,0
2011,8,button,2,30,14:56:46,20.325,20.325,5.0,6.0,-1.0,0
2011,8,rosberg,2,30,14:57:07,23.547,23.547,7.0,8.0,-1.0,0
2011,8,karthikeyan,2,29,14:58:17,24.675,24.675,24.0,24.0,0.0,0
2011,8,massa,2,31,14:58:23,25.537,25.537,2.0,5.0,-3.0,0
2011,8,michael_schumacher,3,31,14:59:40,21.168,21.168,15.0,17.0,-2.0,0
2011,8,kobayashi,2,33,15:03:14,20.545,20.545,14.0,16.0,-2.0,0
2011,8,trulli,2,34,15:05:36,22.131,22.131,18.0,20.0,-2.0,0
2011,8,ambrosio,2,37,15:11:48,22.250,22.25,22.0,22.0,0.0,0
2011,8,petrov,3,39,15:13:41,21.105,21.105,14.0,16.0,-2.0,0
2011,8,heidfeld,3,40,15:15:10,21.472,21.472,10.0,12.0,-2.0,0
2011,8,barrichello,3,40,15:15:16,21.286,21.286,12.0,14.0,-2.0,0
2011,8,webber,3,42,15:17:11,20.367,20.367,2.0,3.0,-1.0,0
2011,8,hamilton,3,42,15:17:41,20.212,20.212,4.0,6.0,-2.0,0
2011,8,alguersuari,2,42,15:18:33,21.103,21.103,8.0,9.0,-1.0,0
2011,8,kovalainen,3,42,15:19:57,22.632,22.632,19.0,20.0,-1.0,0
2011,8,sutil,3,43,15:20:21,21.036,21.036,8.0,9.0,-1.0,0
2011,8,glock,2,42,15:20:26,22.030,22.03,21.0,21.0,0.0,0
2011,8,resta,3,44,15:22:18,21.069,21.069,8.0,14.0,-6.0,0
2011,8,alonso,3,45,15:22:21,20.136,20.136,2.0,2.0,0.0,0
2011,8,liuzzi,3,43,15:23:02,22.235,22.235,23.0,23.0,0.0,0
2011,8,maldonado,3,44,15:23:06,21.490,21.49,18.0,18.0,0.0,0
2011,8,rosberg,3,45,15:23:36,20.896,20.896,7.0,7.0,0.0,0
2011,8,buemi,3,45,15:24:07,20.995,20.995,8.0,13.0,-5.0,0
2011,8,vettel,3,47,15:25:39,20.331,20.331,1.0,1.0,0.0,0
2011,8,karthikeyan,3,44,15:26:13,26.059,26.059,24.0,24.0,0.0,0
2011,8,massa,3,48,15:28:09,20.404,20.404,4.0,5.0,-1.0,0
2011,8,button,3,48,15:28:21,20.479,20.479,5.0,6.0,-1.0,0
2011,9,michael_schumacher,1,9,13:20:38,30.242,30.242,9.0,17.0,-8.0,0
2011,9,heidfeld,1,10,13:22:37,24.716,24.716,14.0,14.0,0.0,0
2011,9,button,1,11,13:24:05,25.070,25.07,6.0,6.0,0.0,0
2011,9,sutil,1,11,13:24:13,25.737,25.737,8.0,8.0,0.0,0
2011,9,kobayashi,1,11,13:24:19,28.448,28.448,9.0,12.0,-3.0,0
2011,9,maldonado,1,11,13:24:27,26.238,26.238,13.0,15.0,-2.0,0
2011,9,buemi,1,11,13:24:30,26.279,26.279,15.0,16.0,-1.0,0
2011,9,petrov,1,11,13:24:37,24.880,24.88,16.0,17.0,-1.0,0
2011,9,barrichello,1,11,13:24:38,25.860,25.86,17.0,18.0,-1.0,0
2011,9,glock,1,11,13:24:52,25.416,25.416,19.0,19.0,0.0,0
2011,9,liuzzi,1,11,13:25:12,26.643,26.643,21.0,20.0,1.0,1
2011,9,ambrosio,1,11,13:25:14,28.742,28.742,22.0,21.0,1.0,1
2011,9,webber,1,12,13:25:41,23.973,23.973,2.0,2.0,0.0,0
2011,9,alonso,1,12,13:25:42,26.566,26.566,3.0,3.0,0.0,0
2011,9,hamilton,1,12,13:25:49,25.100,25.1,5.0,4.0,1.0,1
2011,9,resta,1,12,13:26:02,26.612,26.612,8.0,7.0,1.0,1
2011,9,rosberg,1,12,13:26:12,24.722,24.722,10.0,10.0,0.0,0
2011,9,perez,1,12,13:26:13,25.386,25.386,11.0,11.0,0.0,0
2011,9,alguersuari,1,12,13:26:20,24.719,24.719,14.0,14.0,0.0,0
2011,9,ricciardo,1,12,13:27:17,25.872,25.872,22.0,22.0,0.0,0
2011,9,vettel,1,13,13:27:22,24.818,24.818,1.0,1.0,0.0,0
2011,9,massa,1,13,13:27:39,24.159,24.159,5.0,6.0,-1.0,0
2011,9,michael_schumacher,2,16,13:33:23,31.751,31.751,9.0,17.0,-8.0,0
2011,9,kobayashi,2,20,13:40:27,31.551,31.551,13.0,18.0,-5.0,0
2011,9,hamilton,2,24,13:46:21,24.065,24.065,3.0,6.0,-3.0,0
2011,9,maldonado,2,24,13:47:12,24.272,24.272,14.0,15.0,-1.0,0
2011,9,sutil,2,25,13:48:32,24.077,24.077,8.0,11.0,-3.0,0
2011,9,webber,2,26,13:49:36,25.490,25.49,2.0,4.0,-2.0,0
2011,9,button,2,26,13:49:45,24.287,24.287,4.0,5.0,-1.0,0
2011,9,massa,2,26,13:49:48,23.929,23.929,5.0,6.0,-1.0,0
2011,9,resta,3,26,13:50:52,31.471,31.471,16.0,16.0,0.0,0
2011,9,vettel,2,27,13:51:10,31.558,31.558,1.0,3.0,-2.0,0
2011,9,alonso,2,27,13:51:15,23.974,23.974,3.0,1.0,2.0,1
2011,9,ambrosio,2,28,13:55:39,25.428,25.428,18.0,19.0,-1.0,0
2011,9,ricciardo,2,28,13:56:23,26.942,26.942,20.0,20.0,0.0,0
2011,9,rosberg,2,30,13:56:50,24.399,24.399,7.0,8.0,-1.0,0
2011,9,heidfeld,2,30,13:57:06,24.434,24.434,9.0,11.0,-2.0,0
2011,9,glock,2,30,13:58:43,24.959,24.959,17.0,17.0,0.0,0
2011,9,alguersuari,2,31,13:58:46,24.095,24.095,10.0,13.0,-3.0,0
2011,9,michael_schumacher,3,31,13:58:47,24.651,24.651,12.0,12.0,0.0,0
2011,9,barrichello,2,31,13:59:02,23.955,23.955,14.0,15.0,-1.0,0
2011,9,perez,2,32,14:00:08,25.619,25.619,7.0,8.0,-1.0,0
2011,9,liuzzi,2,31,14:00:49,25.505,25.505,18.0,19.0,-1.0,0
2011,9,maldonado,3,35,14:05:42,23.869,23.869,14.0,15.0,-1.0,0
2011,9,vettel,3,36,14:06:13,23.137,23.137,3.0,5.0,-2.0,0
2011,9,hamilton,3,37,14:07:50,23.340,23.34,3.0,5.0,-2.0,0
2011,9,webber,3,38,14:09:30,23.785,23.785,3.0,5.0,-2.0,0
2011,9,petrov,2,38,14:10:21,24.172,24.172,10.0,12.0,-2.0,0
2011,9,alonso,3,39,14:10:50,23.474,23.474,1.0,1.0,0.0,0
2011,9,sutil,3,40,14:13:32,27.240,27.24,9.0,11.0,-2.0,0
2011,9,massa,3,41,14:14:35,23.238,23.238,4.0,5.0,-1.0,0
2011,10,perez,1,8,14:17:05,27.247,27.247,15.0,22.0,-7.0,0
2011,10,buemi,1,10,14:20:28,27.301,27.301,15.0,22.0,-7.0,0
2011,10,chandhok,1,10,14:21:22,31.879,31.879,23.0,23.0,0.0,0
2011,10,webber,1,14,14:26:23,20.440,20.44,2.0,4.0,-2.0,0
2011,10,rosberg,1,14,14:26:39,20.348,20.348,6.0,10.0,-4.0,0
2011,10,michael_schumacher,1,15,14:28:22,20.768,20.768,8.0,11.0,-3.0,0
2011,10,maldonado,1,15,14:28:35,21.601,21.601,13.0,14.0,-1.0,0
2011,10,hamilton,1,16,14:29:38,20.982,20.982,1.0,2.0,-1.0,0
2011,10,alonso,1,16,14:29:39,20.430,20.43,2.0,3.0,-1.0,0
2011,10,vettel,1,16,14:29:57,20.394,20.394,3.0,9.0,-6.0,0
2011,10,massa,1,17,14:31:36,20.344,20.344,3.0,8.0,-5.0,0
2011,10,kobayashi,1,20,14:36:51,20.882,20.882,7.0,14.0,-7.0,0
2011,10,liuzzi,1,20,14:37:44,22.048,22.048,19.0,20.0,-1.0,0
2011,10,ricciardo,1,21,14:39:29,22.319,22.319,19.0,21.0,-2.0,0
2011,10,sutil,1,22,14:39:56,20.839,20.839,4.0,8.0,-4.0,0
2011,10,glock,1,22,14:41:05,22.252,22.252,18.0,19.0,-1.0,0
2011,10,petrov,1,23,14:41:53,21.449,21.449,10.0,13.0,-3.0,0
2011,10,alguersuari,1,23,14:42:02,21.062,21.062,11.0,14.0,-3.0,0
2011,10,resta,1,23,14:42:05,23.676,23.676,12.0,15.0,-3.0,0
2011,10,button,1,24,14:43:15,20.952,20.952,4.0,8.0,-4.0,0
2011,10,ambrosio,1,24,14:44:42,20.762,20.762,18.0,21.0,-3.0,0
2011,10,kovalainen,1,26,14:47:26,22.088,22.088,16.0,17.0,-1.0,0
2011,10,webber,2,30,14:52:32,21.299,21.299,1.0,3.0,-2.0,0
2011,10,chandhok,2,28,14:53:09,22.331,22.331,22.0,22.0,0.0,0
2011,10,hamilton,2,31,14:54:10,20.496,20.496,1.0,1.0,0.0,0
2011,10,alonso,2,32,14:55:46,20.035,20.035,1.0,2.0,-1.0,0
2011,10,maldonado,2,35,15:01:53,21.057,21.057,11.0,14.0,-3.0,0
2011,10,rosberg,2,36,15:03:03,20.975,20.975,6.0,8.0,-2.0,0
2011,10,buemi,2,36,15:04:03,20.954,20.954,16.0,15.0,1.0,1
2011,10,michael_schumacher,2,37,15:04:59,20.299,20.299,8.0,12.0,-4.0,0
2011,10,vettel,2,40,15:09:11,20.274,20.274,5.0,5.0,0.0,0
2011,10,massa,2,41,15:10:46,20.185,20.185,4.0,4.0,0.0,0
2011,10,perez,2,41,15:11:48,21.645,21.645,10.0,13.0,-3.0,0
2011,10,alguersuari,2,43,15:15:07,21.689,21.689,11.0,13.0,-2.0,0
2011,10,petrov,2,46,15:19:54,20.572,20.572,9.0,11.0,-2.0,0
2011,10,sutil,2,48,15:22:30,20.879,20.879,6.0,7.0,-1.0,0
2011,10,kobayashi,2,48,15:23:03,21.267,21.267,8.0,10.0,-2.0,0
2011,10,glock,2,48,15:25:25,21.252,21.252,17.0,17.0,0.0,0
2011,10,hamilton,3,51,15:26:17,20.403,20.403,1.0,3.0,-2.0,0
2011,10,ambrosio,2,49,15:27:24,23.588,23.588,18.0,18.0,0.0,0
2011,10,ricciardo,2,49,15:27:43,24.053,24.053,19.0,19.0,0.0,0
2011,10,kovalainen,2,50,15:27:48,21.175,21.175,16.0,16.0,0.0,0
2011,10,resta,2,51,15:28:11,22.535,22.535,9.0,13.0,-4.0,0
2011,10,alonso,3,53,15:29:30,19.975,19.975,1.0,3.0,-2.0,0
2011,10,rosberg,3,53,15:30:50,20.047,20.047,6.0,8.0,-2.0,0
2011,10,chandhok,3,51,15:32:52,22.458,22.458,20.0,20.0,0.0,0
2011,10,webber,3,56,15:34:20,20.324,20.324,1.0,3.0,-2.0,0
2011,10,michael_schumacher,3,56,15:35:53,19.930,19.93,7.0,8.0,-1.0,0
2011,11,webber,1,10,14:20:59,20.854,20.854,6.0,8.0,-2.0,0
2011,11,massa,1,10,14:21:09,22.293,22.293,9.0,13.0,-4.0,0
2011,11,petrov,1,10,14:21:18,25.532,25.532,11.0,18.0,-7.0,0
2011,11,barrichello,1,10,14:21:19,22.640,22.64,13.0,17.0,-4.0,0
2011,11,button,1,11,14:22:29,21.786,21.786,3.0,4.0,-1.0,0
2011,11,resta,1,11,14:22:46,22.262,22.262,8.0,8.0,0.0,0
2011,11,maldonado,1,11,14:23:04,23.397,23.397,15.0,14.0,1.0,1
2011,11,heidfeld,1,11,14:23:12,21.371,21.371,18.0,18.0,0.0,0
2011,11,glock,1,11,14:23:27,22.222,22.222,21.0,22.0,-1.0,0
2011,11,ambrosio,1,11,14:23:32,25.337,25.337,22.0,23.0,-1.0,0
2011,11,hamilton,1,12,14:23:59,21.880,21.88,1.0,1.0,0.0,0
2011,11,vettel,1,12,14:24:05,20.690,20.69,2.0,3.0,-1.0,0
2011,11,alonso,1,12,14:24:10,22.886,22.886,3.0,5.0,-2.0,0
2011,11,rosberg,1,12,14:24:17,20.767,20.767,5.0,6.0,-1.0,0
2011,11,kobayashi,1,12,14:24:35,23.725,23.725,8.0,10.0,-2.0,0
2011,11,buemi,1,12,14:24:42,22.349,22.349,9.0,14.0,-5.0,0
2011,11,kovalainen,1,12,14:24:53,22.772,22.772,13.0,16.0,-3.0,0
2011,11,sutil,1,12,14:24:55,21.902,21.902,14.0,18.0,-4.0,0
2011,11,perez,1,12,14:24:56,22.215,22.215,15.0,19.0,-4.0,0
2011,11,liuzzi,1,12,14:25:35,23.633,23.633,24.0,24.0,0.0,0
2011,11,michael_schumacher,1,13,14:26:02,21.948,21.948,5.0,8.0,-3.0,0
2011,11,alguersuari,1,13,14:26:24,23.734,23.734,9.0,15.0,-6.0,0
2011,11,trulli,1,13,14:26:49,23.118,23.118,16.0,21.0,-5.0,0
2011,11,ricciardo,1,13,14:27:04,22.844,22.844,21.0,23.0,-2.0,0
2011,11,maldonado,2,16,14:31:22,13.186,13.186,13.0,16.0,-3.0,0
2011,11,barrichello,2,24,14:43:19,22.217,22.217,11.0,11.0,0.0,0
2011,11,alguersuari,2,24,14:43:20,22.552,22.552,13.0,12.0,1.0,1
2011,11,kovalainen,2,24,14:43:45,22.147,22.147,15.0,17.0,-2.0,0
2011,11,perez,2,24,14:43:49,20.570,20.57,18.0,18.0,0.0,0
2011,11,alonso,2,25,14:44:04,23.208,23.208,5.0,5.0,0.0,0
2011,11,massa,2,25,14:44:34,21.138,21.138,9.0,9.0,0.0,0
2011,11,petrov,2,25,14:44:47,24.194,24.194,11.0,12.0,-1.0,0
2011,11,buemi,2,25,14:44:55,21.460,21.46,14.0,13.0,1.0,1
2011,11,hamilton,2,26,14:45:16,20.803,20.803,1.0,2.0,-1.0,0
2011,11,liuzzi,2,25,14:46:40,22.501,22.501,22.0,21.0,1.0,1
2011,11,sutil,2,26,14:46:48,20.589,20.589,15.0,15.0,0.0,0
2011,11,button,2,27,14:46:49,21.065,21.065,2.0,2.0,0.0,0
2011,11,rosberg,2,27,14:47:28,19.939,19.939,6.0,8.0,-2.0,0
2011,11,resta,2,27,14:47:32,20.801,20.801,7.0,9.0,-2.0,0
2011,11,vettel,2,28,14:48:22,20.611,20.611,2.0,3.0,-1.0,0
2011,11,maldonado,3,28,14:49:55,21.426,21.426,14.0,16.0,-2.0,0
2011,11,glock,2,28,14:50:32,20.613,20.613,18.0,18.0,0.0,0
2011,11,ricciardo,2,28,14:51:12,23.563,23.563,20.0,20.0,0.0,0
2011,11,ambrosio,2,29,14:52:27,20.916,20.916,19.0,19.0,0.0,0
2011,11,perez,3,32,14:56:05,13.201,13.201,15.0,16.0,-1.0,0
2011,11,kobayashi,2,34,14:58:08,22.852,22.852,6.0,13.0,-7.0,0
2011,11,alonso,3,36,15:00:23,19.936,19.936,5.0,5.0,0.0,0
2011,11,barrichello,3,37,15:02:51,20.580,20.58,9.0,13.0,-4.0,0
2011,11,webber,3,39,15:04:48,20.673,20.673,4.0,5.0,-1.0,0
2011,11,liuzzi,3,37,15:05:37,27.839,27.839,21.0,21.0,0.0,0
2011,11,hamilton,3,40,15:05:54,20.861,20.861,1.0,2.0,-1.0,0
2011,11,massa,3,40,15:06:53,22.453,22.453,6.0,8.0,-2.0,0
2011,11,vettel,3,41,15:07:32,19.664,19.664,3.0,4.0,-1.0,0
2011,11,button,3,42,15:08:53,20.046,20.046,1.0,2.0,-1.0,0
2011,11,resta,3,42,15:10:06,20.935,20.935,7.0,12.0,-5.0,0
2011,11,buemi,3,43,15:11:41,20.360,20.36,10.0,13.0,-3.0,0
2011,11,kovalainen,3,43,15:12:56,20.990,20.99,17.0,17.0,0.0,0
2011,11,perez,4,44,15:14:07,20.917,20.917,16.0,16.0,0.0,0
2011,11,ricciardo,3,43,15:14:54,21.651,21.651,20.0,21.0,-1.0,0
2011,11,alonso,4,47,15:16:33,20.126,20.126,4.0,5.0,-1.0,0
2011,11,alguersuari,3,47,15:17:40,21.345,21.345,8.0,10.0,-2.0,0
2011,11,ambrosio,3,47,15:20:46,49.849,49.849,19.0,20.0,-1.0,0
2011,11,rosberg,3,50,15:22:04,20.563,20.563,7.0,7.0,0.0,0
2011,11,petrov,3,50,15:22:54,21.353,21.353,9.0,12.0,-3.0,0
2011,11,kovalainen,4,49,15:22:56,22.364,22.364,17.0,17.0,0.0,0
2011,11,sutil,3,50,15:23:22,21.796,21.796,14.0,14.0,0.0,0
2011,11,liuzzi,4,48,15:23:32,23.010,23.01,21.0,21.0,0.0,0
2011,11,maldonado,4,50,15:23:34,23.016,23.016,15.0,15.0,0.0,0
2011,11,webber,5,53,15:26:20,20.715,20.715,5.0,6.0,-1.0,0
2011,11,barrichello,5,52,15:26:36,25.596,25.596,13.0,13.0,0.0,0
2011,11,petrov,4,53,15:28:00,21.609,21.609,12.0,12.0,0.0,0
2011,11,kovalainen,5,52,15:28:12,21.715,21.715,17.0,17.0,0.0,0
2011,11,sutil,4,53,15:28:27,21.503,21.503,14.0,14.0,0.0,0
2011,11,ambrosio,4,51,15:28:37,22.470,22.47,20.0,20.0,0.0,0
2011,11,rosberg,4,54,15:28:47,23.244,23.244,7.0,11.0,-4.0,0
2011,11,maldonado,5,53,15:28:55,22.825,22.825,15.0,16.0,-1.0,0
2011,11,liuzzi,5,51,15:28:58,22.458,22.458,21.0,21.0,0.0,0
2011,11,glock,3,53,15:30:17,20.929,20.929,18.0,18.0,0.0,0
2011,11,hamilton,6,56,15:30:48,13.173,13.173,4.0,5.0,-1.0,0
2011,11,massa,4,58,15:33:53,21.157,21.157,5.0,6.0,-1.0,0
2011,11,kobayashi,3,62,15:40:56,21.258,21.258,10.0,11.0,-1.0,0
2011,12,webber,1,3,14:09:42,21.015,21.015,8.0,12.0,-4.0,0
2011,12,button,1,3,14:09:46,26.046,26.046,12.0,17.0,-5.0,0
2011,12,michael_schumacher,1,4,14:11:45,20.153,20.153,12.0,14.0,-2.0,0
2011,12,vettel,1,5,14:13:27,20.898,20.898,1.0,6.0,-5.0,0
2011,12,perez,1,5,14:13:49,26.092,26.092,7.0,18.0,-11.0,0
2011,12,glock,2,6,14:16:35,13.914,13.914,22.0,22.0,0.0,0
2011,12,alonso,1,8,14:19:18,20.994,20.994,1.0,6.0,-5.0,0
2011,12,bruno_senna,2,8,14:20:14,13.968,13.968,20.0,20.0,0.0,0
2011,12,massa,1,9,14:21:21,22.267,22.267,4.0,13.0,-9.0,0
2011,12,hamilton,1,10,14:23:14,21.895,21.895,1.0,5.0,-4.0,0
2011,12,rosberg,1,11,14:25:16,23.090,23.09,3.0,8.0,-5.0,0
2011,12,liuzzi,1,11,14:26:05,21.766,21.766,19.0,19.0,0.0,0
2011,12,petrov,1,12,14:27:22,21.395,21.395,6.0,10.0,-4.0,0
2011,12,maldonado,1,12,14:27:31,21.421,21.421,11.0,14.0,-3.0,0
2011,12,vettel,2,13,14:29:09,21.411,21.411,1.0,3.0,-2.0,0
2011,12,sutil,1,13,14:29:31,22.773,22.773,6.0,6.0,0.0,0
2011,12,barrichello,1,13,14:29:38,21.818,21.818,9.0,10.0,-1.0,0
2011,12,michael_schumacher,2,13,14:29:39,20.226,20.226,10.0,9.0,1.0,1
2011,12,button,2,13,14:29:40,21.756,21.756,12.0,11.0,1.0,1
2011,12,trulli,1,13,14:30:20,22.159,22.159,17.0,16.0,1.0,1
2011,12,ambrosio,1,13,14:30:22,22.939,22.939,18.0,17.0,1.0,1
2011,12,kovalainen,2,13,14:30:46,22.009,22.009,21.0,19.0,2.0,1
2011,12,kobayashi,1,14,14:32:10,24.161,24.161,5.0,14.0,-9.0,0
2011,12,resta,1,14,14:32:11,21.334,21.334,6.0,13.0,-7.0,0
2011,12,glock,3,14,14:33:40,24.204,24.204,21.0,20.0,1.0,1
2011,12,bruno_senna,3,21,14:47:48,20.756,20.756,16.0,18.0,-2.0,0
2011,12,perez,2,22,14:49:35,14.089,14.089,10.0,18.0,-8.0,0
2011,12,liuzzi,2,27,14:59:56,30.959,30.959,20.0,19.0,1.0,1
2011,12,alonso,2,29,15:02:28,21.243,21.243,2.0,4.0,-2.0,0
2011,12,maldonado,2,29,15:03:01,22.303,22.303,10.0,11.0,-1.0,0
2011,12,kobayashi,2,29,15:03:08,21.269,21.269,13.0,13.0,0.0,0
2011,12,vettel,3,30,15:04:14,20.786,20.786,1.0,1.0,0.0,0
2011,12,rosberg,2,30,15:04:42,21.171,21.171,5.0,5.0,0.0,0
2011,12,petrov,2,30,15:04:45,21.979,21.979,9.0,8.0,1.0,1
2011,12,resta,2,30,15:05:01,21.350,21.35,12.0,11.0,1.0,1
2011,12,webber,2,31,15:06:19,20.947,20.947,2.0,3.0,-1.0,0
2011,12,sutil,2,31,15:06:38,20.983,20.983,5.0,6.0,-1.0,0
2011,12,michael_schumacher,3,31,15:06:39,21.319,21.319,6.0,7.0,-1.0,0
2011,12,barrichello,2,31,15:06:56,21.478,21.478,10.0,13.0,-3.0,0
2011,12,trulli,2,31,15:07:16,21.484,21.484,13.0,16.0,-3.0,0
2011,12,button,3,32,15:08:15,21.640,21.64,1.0,4.0,-3.0,0
2011,12,massa,3,32,15:08:49,21.485,21.485,8.0,11.0,-3.0,0
2011,12,kovalainen,3,33,15:11:16,22.306,22.306,15.0,16.0,-1.0,0
2011,12,glock,4,35,15:15:37,21.721,21.721,18.0,18.0,0.0,0
2011,12,ambrosio,2,36,15:17:29,22.114,22.114,17.0,17.0,0.0,0
2011,12,barrichello,3,40,15:24:23,47.753,47.753,13.0,16.0,-3.0,0
2011,13,bruno_senna,1,2,14:08:02,22.534,22.534,15.0,18.0,-3.0,0
2011,13,trulli,1,5,14:13:34,30.391,30.391,13.0,18.0,-5.0,0
2011,13,resta,1,13,14:25:33,21.870,21.87,9.0,15.0,-6.0,0
2011,13,michael_schumacher,1,16,14:29:42,22.709,22.709,3.0,6.0,-3.0,0
2011,13,buemi,1,16,14:30:10,24.234,24.234,11.0,14.0,-3.0,0
2011,13,button,1,17,14:31:10,21.660,21.66,3.0,4.0,-1.0,0
2011,13,hamilton,1,18,14:32:41,22.083,22.083,3.0,6.0,-3.0,0
2011,13,kobayashi,2,18,14:33:12,22.939,22.939,10.0,14.0,-4.0,0
2011,13,alonso,1,19,14:34:04,22.539,22.539,2.0,2.0,0.0,0
2011,13,maldonado,1,19,14:34:39,23.063,23.063,7.0,10.0,-3.0,0
2011,13,bruno_senna,2,19,14:34:43,23.145,23.145,10.0,13.0,-3.0,0
2011,13,vettel,1,20,14:35:21,22.124,22.124,1.0,1.0,0.0,0
2011,13,alguersuari,1,20,14:36:08,21.988,21.988,7.0,9.0,-2.0,0
2011,13,glock,1,20,14:36:42,25.147,25.147,15.0,16.0,-1.0,0
2011,13,massa,1,21,14:37:20,21.821,21.821,2.0,6.0,-4.0,0
2011,13,kovalainen,1,21,14:38:01,23.298,23.298,10.0,14.0,-4.0,0
2011,13,trulli,2,24,14:43:14,23.420,23.42,15.0,16.0,-1.0,0
2011,13,resta,2,31,14:52:56,23.069,23.069,8.0,11.0,-3.0,0
2011,13,barrichello,2,32,14:54:59,23.414,23.414,13.0,13.0,0.0,0
2011,13,button,2,33,14:55:00,22.095,22.095,3.0,4.0,-1.0,0
2011,13,ricciardo,2,20,14:55:30,30.777,30.777,18.0,17.0,1.0,1
2011,13,alonso,2,34,14:56:26,21.989,21.989,2.0,4.0,-2.0,0
2011,13,hamilton,2,34,14:56:36,21.876,21.876,4.0,6.0,-2.0,0
2011,13,vettel,2,35,14:57:38,21.378,21.378,1.0,1.0,0.0,0
2011,13,kovalainen,2,35,14:59:46,22.611,22.611,12.0,13.0,-1.0,0
2011,13,michael_schumacher,2,37,15:01:01,22.014,22.014,2.0,6.0,-4.0,0
2011,13,maldonado,2,37,15:02:04,22.614,22.614,10.0,11.0,-1.0,0
2011,13,glock,2,38,15:04:43,22.784,22.784,14.0,15.0,-1.0,0
2011,13,buemi,2,40,15:06:23,24.086,24.086,8.0,9.0,-1.0,0
2011,13,bruno_senna,3,40,15:06:27,22.273,22.273,9.0,10.0,-1.0,0
2011,13,massa,2,41,15:07:06,22.148,22.148,4.0,6.0,-2.0,0
2011,13,alguersuari,2,41,15:07:43,22.279,22.279,7.0,7.0,0.0,0
2011,14,rosberg,1,9,20:21:25,29.549,29.549,7.0,11.0,-4.0,0
2011,14,alonso,1,10,20:23:15,30.621,30.621,3.0,6.0,-3.0,0
2011,14,michael_schumacher,1,10,20:23:27,29.610,29.61,7.0,11.0,-4.0,0
2011,14,bruno_senna,1,10,20:23:47,35.398,35.398,14.0,22.0,-8.0,0
2011,14,massa,1,11,20:25:14,30.290,30.29,4.0,20.0,-16.0,0
2011,14,sutil,1,11,20:25:25,30.718,30.718,7.0,11.0,-4.0,0
2011,14,maldonado,1,11,20:25:39,30.888,30.888,11.0,15.0,-4.0,0
2011,14,buemi,1,11,20:25:50,32.827,32.827,13.0,18.0,-5.0,0
2011,14,kovalainen,1,11,20:25:56,32.202,32.202,20.0,19.0,1.0,1
2011,14,webber,1,12,20:27:10,30.462,30.462,3.0,6.0,-3.0,0
2011,14,barrichello,1,12,20:27:40,30.456,30.456,9.0,15.0,-6.0,0
2011,14,liuzzi,1,13,20:30:31,34.329,34.329,20.0,21.0,-1.0,0
2011,14,vettel,1,14,20:30:38,30.023,30.023,1.0,1.0,0.0,0
2011,14,button,1,14,20:30:49,30.169,30.169,2.0,2.0,0.0,0
2011,14,perez,1,15,20:33:28,30.810,30.81,4.0,9.0,-5.0,0
2011,14,hamilton,3,15,20:34:04,24.342,24.342,16.0,16.0,0.0,0
2011,14,kobayashi,1,16,20:35:49,30.464,30.464,10.0,14.0,-4.0,0
2011,14,trulli,1,16,20:36:05,31.048,31.048,11.0,17.0,-6.0,0
2011,14,petrov,1,16,20:36:09,30.807,30.807,13.0,19.0,-6.0,0
2011,14,ricciardo,2,15,20:36:19,34.782,34.782,23.0,23.0,0.0,0
2011,14,ambrosio,1,16,20:36:22,31.763,31.763,18.0,20.0,-2.0,0
2011,14,alguersuari,1,17,20:38:05,30.948,30.948,11.0,17.0,-6.0,0
2011,14,resta,1,19,20:41:08,30.704,30.704,3.0,8.0,-5.0,0
2011,14,trulli,2,19,20:43:14,33.317,33.317,17.0,22.0,-5.0,0
2011,14,rosberg,2,22,20:47:06,29.417,29.417,5.0,9.0,-4.0,0
2011,14,michael_schumacher,2,24,20:51:04,29.473,29.473,5.0,9.0,-4.0,0
2011,14,massa,3,24,20:51:44,30.478,30.478,12.0,15.0,-3.0,0
2011,14,alguersuari,2,24,20:52:14,24.299,24.299,17.0,18.0,-1.0,0
2011,14,alonso,2,25,20:52:35,30.387,30.387,3.0,4.0,-1.0,0
2011,14,maldonado,2,25,20:53:37,30.187,30.187,10.0,14.0,-4.0,0
2011,14,kovalainen,2,26,20:56:11,31.621,31.621,16.0,18.0,-2.0,0
2011,14,liuzzi,2,26,20:57:30,32.122,32.122,21.0,22.0,-1.0,0
2011,14,webber,2,29,21:00:16,31.204,31.204,3.0,4.0,-1.0,0
2011,14,ambrosio,2,28,21:00:59,31.592,31.592,19.0,18.0,1.0,1
2011,14,resta,2,29,21:01:05,29.764,29.764,5.0,5.0,0.0,0
2011,14,sutil,2,29,21:01:11,33.418,33.418,6.0,7.0,-1.0,0
2011,14,rosberg,3,29,21:01:12,30.261,30.261,8.0,6.0,2.0,1
2011,14,perez,2,29,21:01:17,33.344,33.344,7.0,8.0,-1.0,0
2011,14,ricciardo,3,27,21:01:25,33.058,33.058,23.0,22.0,1.0,1
2011,14,bruno_senna,3,28,21:01:27,30.832,30.832,20.0,19.0,1.0,1
2011,14,hamilton,4,29,21:01:31,30.706,30.706,10.0,9.0,1.0,1
2011,14,vettel,2,30,21:01:48,30.809,30.809,1.0,1.0,0.0,0
2011,14,kobayashi,2,29,21:01:59,31.602,31.602,13.0,14.0,-1.0,0
2011,14,button,2,30,21:02:11,29.921,29.921,2.0,2.0,0.0,0
2011,14,petrov,2,29,21:02:43,30.625,30.625,16.0,17.0,-1.0,0
2011,14,barrichello,2,30,21:04:10,30.544,30.544,10.0,12.0,-2.0,0
2011,14,buemi,2,31,21:06:25,31.394,31.394,11.0,13.0,-2.0,0
2011,14,alguersuari,3,35,21:16:28,31.836,31.836,15.0,19.0,-4.0,0
2011,14,kobayashi,3,40,21:25:43,24.715,24.715,14.0,14.0,0.0,0
2011,14,massa,4,41,21:26:06,30.983,30.983,10.0,13.0,-3.0,0
2011,14,maldonado,3,45,21:33:51,30.477,30.477,10.0,13.0,-3.0,0
2011,14,trulli,3,44,21:36:23,31.168,31.168,20.0,21.0,-1.0,0
2011,14,webber,3,47,21:36:42,30.413,30.413,3.0,4.0,-1.0,0
2011,14,liuzzi,3,45,21:38:30,31.687,31.687,21.0,22.0,-1.0,0
2011,14,button,3,48,21:38:31,30.305,30.305,2.0,2.0,0.0,0
2011,14,hamilton,5,48,21:39:06,29.876,29.876,5.0,8.0,-3.0,0
2011,14,kovalainen,3,47,21:40:09,31.207,31.207,16.0,18.0,-2.0,0
2011,14,vettel,3,49,21:40:10,30.796,30.796,1.0,1.0,0.0,0
2011,14,petrov,3,47,21:40:13,30.485,30.485,18.0,19.0,-1.0,0
2011,14,alonso,3,49,21:40:46,29.972,29.972,3.0,4.0,-1.0,0
2011,14,buemi,3,49,21:41:40,32.739,32.739,11.0,13.0,-2.0,0
2011,14,bruno_senna,4,48,21:42:01,30.987,30.987,15.0,16.0,-1.0,0
2011,14,kobayashi,4,53,21:51:26,30.869,30.869,14.0,14.0,0.0,0
2011,15,hamilton,1,8,15:17:14,21.091,21.091,2.0,7.0,-5.0,0
2011,15,sutil,1,8,15:17:26,21.511,21.511,9.0,17.0,-8.0,0
2011,15,liuzzi,1,8,15:18:13,28.244,28.244,24.0,24.0,0.0,0
2011,15,vettel,1,9,15:18:49,22.374,22.374,1.0,2.0,-1.0,0
2011,15,michael_schumacher,1,9,15:19:04,20.667,20.667,7.0,10.0,-3.0,0
2011,15,button,1,10,15:20:34,21.094,21.094,2.0,2.0,0.0,0
2011,15,alonso,1,10,15:20:34,21.147,21.147,3.0,3.0,0.0,0
2011,15,webber,1,10,15:20:39,21.820,21.82,5.0,6.0,-1.0,0
2011,15,resta,1,10,15:20:50,21.964,21.964,7.0,14.0,-7.0,0
2011,15,kobayashi,1,10,15:20:59,24.263,24.263,11.0,17.0,-6.0,0
2011,15,kovalainen,1,10,15:21:10,21.412,21.412,16.0,19.0,-3.0,0
2011,15,massa,1,11,15:22:19,21.313,21.313,3.0,5.0,-2.0,0
2011,15,trulli,1,11,15:22:59,21.636,21.636,20.0,20.0,0.0,0
2011,15,ricciardo,1,11,15:23:13,23.723,23.723,23.0,21.0,2.0,1
2011,15,barrichello,1,12,15:24:26,22.130,22.13,8.0,16.0,-8.0,0
2011,15,rosberg,1,12,15:24:36,20.575,20.575,15.0,17.0,-2.0,0
2011,15,glock,1,12,15:24:57,25.563,25.563,21.0,22.0,-1.0,0
2011,15,ambrosio,1,13,15:26:41,23.013,23.013,18.0,20.0,-2.0,0
2011,15,bruno_senna,1,15,15:29:45,25.927,25.927,12.0,18.0,-6.0,0
2011,15,maldonado,1,16,15:31:31,21.339,21.339,13.0,16.0,-3.0,0
2011,15,alguersuari,1,17,15:33:17,21.792,21.792,13.0,18.0,-5.0,0
2011,15,petrov,1,18,15:34:39,21.304,21.304,8.0,14.0,-6.0,0
2011,15,vettel,2,19,15:35:48,21.596,21.596,1.0,5.0,-4.0,0
2011,15,webber,2,19,15:35:57,21.369,21.369,6.0,6.0,0.0,0
2011,15,button,2,20,15:37:28,20.713,20.713,1.0,2.0,-1.0,0
2011,15,glock,2,19,15:37:30,21.726,21.726,22.0,22.0,0.0,0
2011,15,perez,1,20,15:38:10,21.655,21.655,9.0,14.0,-5.0,0
2011,15,alonso,2,21,15:39:11,21.319,21.319,2.0,3.0,-1.0,0
2011,15,hamilton,2,21,15:39:19,22.821,22.821,3.0,7.0,-4.0,0
2011,15,massa,2,22,15:41:00,21.214,21.214,2.0,5.0,-3.0,0
2011,15,kovalainen,2,22,15:42:00,21.519,21.519,15.0,19.0,-4.0,0
2011,15,ricciardo,2,22,15:42:48,23.172,23.172,21.0,22.0,-1.0,0
2011,15,sutil,2,23,15:43:10,21.337,21.337,8.0,11.0,-3.0,0
2011,15,ambrosio,2,23,15:44:26,22.258,22.258,20.0,20.0,0.0,0
2011,15,michael_schumacher,2,24,15:44:52,22.570,22.57,6.0,7.0,-1.0,0
2011,15,resta,2,24,15:45:11,21.964,21.964,9.0,10.0,-1.0,0
2011,15,kobayashi,2,24,15:45:21,22.299,22.299,10.0,13.0,-3.0,0
2011,15,barrichello,2,24,15:45:22,22.736,22.736,11.0,14.0,-3.0,0
2011,15,rosberg,2,24,15:45:23,20.665,20.665,12.0,12.0,0.0,0
2011,15,liuzzi,2,23,15:45:48,24.716,24.716,23.0,23.0,0.0,0
2011,15,trulli,2,24,15:46:04,22.233,22.233,18.0,19.0,-1.0,0
2011,15,maldonado,2,25,15:47:52,21.075,21.075,16.0,18.0,-2.0,0
2011,15,vettel,3,33,16:01:45,21.705,21.705,2.0,9.0,-7.0,0
2011,15,webber,3,34,16:03:28,21.455,21.455,4.0,8.0,-4.0,0
2011,15,hamilton,3,35,16:05:09,21.292,21.292,4.0,9.0,-5.0,0
2011,15,resta,3,35,16:05:21,21.553,21.553,8.0,15.0,-7.0,0
2011,15,bruno_senna,2,35,16:05:42,22.466,22.466,19.0,19.0,0.0,0
2011,15,button,3,36,16:06:38,20.998,20.998,1.0,2.0,-1.0,0
2011,15,massa,3,36,16:06:46,21.100,21.1,3.0,8.0,-5.0,0
2011,15,alguersuari,2,36,16:07:16,22.584,22.584,16.0,17.0,-1.0,0
2011,15,liuzzi,3,35,16:07:51,22.631,22.631,23.0,23.0,0.0,0
2011,15,alonso,3,37,16:08:19,20.731,20.731,2.0,3.0,-1.0,0
2011,15,perez,2,37,16:08:38,24.461,24.461,5.0,12.0,-7.0,0
2011,15,sutil,3,37,16:08:44,21.839,21.839,7.0,14.0,-7.0,0
2011,15,barrichello,3,37,16:08:54,21.890,21.89,13.0,16.0,-3.0,0
2011,15,kovalainen,3,37,16:09:04,22.532,22.532,17.0,18.0,-1.0,0
2011,15,glock,3,36,16:09:24,22.877,22.877,21.0,21.0,0.0,0
2011,15,trulli,3,38,16:10:48,22.156,22.156,16.0,19.0,-3.0,0
2011,15,ambrosio,3,37,16:11:06,24.269,24.269,20.0,21.0,-1.0,0
2011,15,petrov,2,39,16:12:09,20.832,20.832,9.0,14.0,-5.0,0
2011,15,ricciardo,3,38,16:12:53,22.910,22.91,21.0,22.0,-1.0,0
2011,15,michael_schumacher,3,41,16:15:04,20.879,20.879,1.0,6.0,-5.0,0
2011,15,rosberg,3,41,16:15:25,20.809,20.809,6.0,13.0,-7.0,0
2011,15,maldonado,3,41,16:15:38,21.012,21.012,11.0,17.0,-6.0,0
2011,16,kobayashi,1,10,15:21:45,21.623,21.623,14.0,19.0,-5.0,0
2011,16,barrichello,1,10,15:21:47,21.722,21.722,16.0,20.0,-4.0,0
2011,16,resta,1,11,15:23:25,22.075,22.075,11.0,17.0,-6.0,0
2011,16,trulli,1,12,15:25:30,22.441,22.441,18.0,22.0,-4.0,0
2011,16,button,1,13,15:26:42,20.766,20.766,6.0,7.0,-1.0,0
2011,16,rosberg,1,13,15:26:43,20.091,20.091,7.0,8.0,-1.0,0
2011,16,bruno_senna,1,13,15:27:10,21.163,21.163,15.0,18.0,-3.0,0
2011,16,kovalainen,1,13,15:27:13,21.951,21.951,16.0,19.0,-3.0,0
2011,16,webber,1,14,15:28:23,20.828,20.828,3.0,4.0,-1.0,0
2011,16,massa,1,14,15:28:28,23.642,23.642,4.0,7.0,-3.0,0
2011,16,petrov,1,14,15:28:33,21.478,21.478,8.0,19.0,-11.0,0
2011,16,buemi,1,14,15:28:48,22.098,22.098,12.0,13.0,-1.0,0
2011,16,hamilton,1,15,15:30:01,20.846,20.846,2.0,2.0,0.0,0
2011,16,alonso,1,15,15:30:19,20.978,20.978,4.0,8.0,-4.0,0
2011,16,vettel,1,16,15:31:42,19.985,19.985,1.0,1.0,0.0,0
2011,16,sutil,1,16,15:32:24,24.820,24.82,6.0,10.0,-4.0,0
2011,16,maldonado,1,16,15:32:31,21.569,21.569,10.0,11.0,-1.0,0
2011,16,perez,1,16,15:32:32,21.225,21.225,11.0,13.0,-2.0,0
2011,16,glock,1,16,15:33:19,22.533,22.533,20.0,19.0,1.0,1
2011,16,ricciardo,1,16,15:33:22,23.196,23.196,22.0,20.0,2.0,1
2011,16,ambrosio,1,16,15:33:28,26.905,26.905,23.0,21.0,2.0,1
2011,16,alguersuari,1,17,15:34:24,22.301,22.301,3.0,8.0,-5.0,0
2011,16,liuzzi,2,16,15:34:32,23.544,23.544,24.0,22.0,2.0,1
2011,16,maldonado,2,22,15:45:44,13.984,13.984,11.0,20.0,-9.0,0
2011,16,kobayashi,2,24,15:49:22,25.578,25.578,14.0,21.0,-7.0,0
2011,16,rosberg,2,27,15:54:18,20.772,20.772,5.0,14.0,-9.0,0
2011,16,maldonado,3,28,15:56:30,22.035,22.035,17.0,21.0,-4.0,0
2011,16,bruno_senna,2,30,15:59:48,21.893,21.893,13.0,15.0,-2.0,0
2011,16,resta,2,31,16:01:23,21.060,21.06,9.0,13.0,-4.0,0
2011,16,barrichello,2,31,16:01:32,22.347,22.347,12.0,16.0,-4.0,0
2011,16,hamilton,2,33,16:04:21,20.584,20.584,2.0,4.0,-2.0,0
2011,16,webber,2,33,16:04:22,20.800,20.8,3.0,5.0,-2.0,0
2011,16,vettel,2,34,16:05:58,20.170,20.17,1.0,2.0,-1.0,0
2011,16,button,2,34,16:06:08,20.758,20.758,3.0,6.0,-3.0,0
2011,16,massa,2,34,16:06:13,21.080,21.08,5.0,7.0,-2.0,0
2011,16,sutil,2,35,16:08:18,21.916,21.916,8.0,11.0,-3.0,0
2011,16,buemi,2,36,16:10:01,21.992,21.992,7.0,10.0,-3.0,0
2011,16,perez,2,36,16:10:09,21.385,21.385,9.0,12.0,-3.0,0
2011,16,trulli,2,36,16:10:35,22.851,22.851,14.0,18.0,-4.0,0
2011,16,alonso,2,37,16:11:21,20.639,20.639,1.0,5.0,-4.0,0
2011,16,alguersuari,2,37,16:11:31,22.325,22.325,3.0,8.0,-5.0,0
2011,16,kovalainen,2,38,16:13:56,22.669,22.669,12.0,16.0,-4.0,0
2011,16,ambrosio,2,38,16:14:40,22.412,22.412,20.0,20.0,0.0,0
2011,16,liuzzi,3,38,16:16:35,22.092,22.092,21.0,21.0,0.0,0
2011,16,glock,2,41,16:19:51,22.481,22.481,18.0,18.0,0.0,0
2011,16,ricciardo,2,41,16:19:54,22.115,22.115,19.0,19.0,0.0,0
2011,16,kobayashi,3,42,16:21:02,21.472,21.472,15.0,16.0,-1.0,0
2011,17,resta,1,2,15:06:50,21.525,21.525,13.0,18.0,-5.0,0
2011,17,petrov,1,3,15:08:27,27.137,27.137,14.0,20.0,-6.0,0
2011,17,sutil,1,15,15:27:09,21.424,21.424,10.0,13.0,-3.0,0
2011,17,webber,1,16,15:28:08,21.392,21.392,3.0,3.0,0.0,0
2011,17,alonso,1,16,15:28:09,21.873,21.873,4.0,4.0,0.0,0
2011,17,hamilton,1,16,15:28:14,22.530,22.53,6.0,6.0,0.0,0
2011,17,alguersuari,1,16,15:28:37,22.856,22.856,9.0,12.0,-3.0,0
2011,17,massa,1,17,15:29:43,21.848,21.848,5.0,5.0,0.0,0
2011,17,rosberg,1,17,15:29:56,21.149,21.149,7.0,7.0,0.0,0
2011,17,button,1,18,15:31:05,21.092,21.092,2.0,2.0,0.0,0
2011,17,michael_schumacher,1,18,15:31:35,20.893,20.893,6.0,8.0,-2.0,0
2011,17,buemi,1,18,15:31:43,22.579,22.579,9.0,12.0,-3.0,0
2011,17,vettel,1,19,15:32:31,21.415,21.415,1.0,1.0,0.0,0
2011,17,resta,2,19,15:33:45,24.150,24.15,16.0,18.0,-2.0,0
2011,17,kovalainen,1,21,15:36:36,22.226,22.226,10.0,15.0,-5.0,0
2011,17,bruno_senna,1,22,15:38:07,22.144,22.144,9.0,14.0,-5.0,0
2011,17,karthikeyan,1,22,15:38:47,24.046,24.046,17.0,18.0,-1.0,0
2011,17,ambrosio,1,22,15:38:52,22.687,22.687,19.0,20.0,-1.0,0
2011,17,hamilton,2,24,15:40:48,27.193,27.193,6.0,9.0,-3.0,0
2011,17,ricciardo,1,25,15:43:17,25.074,25.074,16.0,16.0,0.0,0
2011,17,trulli,2,27,15:49:31,22.894,22.894,20.0,20.0,0.0,0
2011,17,massa,2,30,15:49:55,14.919,14.919,5.0,11.0,-6.0,0
2011,17,ricciardo,2,32,15:54:51,42.529,42.529,17.0,18.0,-1.0,0
2011,17,petrov,2,33,15:55:13,22.519,22.519,12.0,13.0,-1.0,0
2011,17,perez,2,34,15:56:37,24.789,24.789,10.0,11.0,-1.0,0
2011,17,sutil,2,35,15:58:06,21.977,21.977,9.0,10.0,-1.0,0
2011,17,barrichello,2,35,15:59:21,22.339,22.339,15.0,16.0,-1.0,0
2011,17,webber,2,37,16:00:03,21.240,21.24,3.0,4.0,-1.0,0
2011,17,alonso,2,39,16:03:03,21.755,21.755,3.0,3.0,0.0,0
2011,17,resta,3,39,16:04:47,20.984,20.984,14.0,14.0,0.0,0
2011,17,kovalainen,2,41,16:07:49,22.001,22.001,13.0,14.0,-1.0,0
2011,17,rosberg,2,45,16:12:29,22.978,22.978,5.0,6.0,-1.0,0
2011,17,hamilton,3,45,16:12:44,22.172,22.172,7.0,7.0,0.0,0
2011,17,button,2,46,16:13:11,21.838,21.838,2.0,2.0,0.0,0
2011,17,alguersuari,2,46,16:14:27,23.084,23.084,8.0,8.0,0.0,0
2011,17,vettel,2,47,16:14:36,21.449,21.449,1.0,1.0,0.0,0
2011,17,michael_schumacher,2,50,16:19:55,21.482,21.482,5.0,5.0,0.0,0
2011,17,karthikeyan,2,50,16:23:00,23.605,23.605,16.0,17.0,-1.0,0
2011,17,bruno_senna,2,56,16:30:01,21.723,21.723,9.0,12.0,-3.0,0
2011,17,ambrosio,2,55,16:30:49,22.472,22.472,16.0,16.0,0.0,0
2011,18,perez,1,2,17:07:22,24.654,24.654,9.0,23.0,-14.0,0
2011,18,kobayashi,1,5,17:13:02,19.833,19.833,13.0,23.0,-10.0,0
2011,18,massa,1,15,17:30:30,20.471,20.471,5.0,6.0,-1.0,0
2011,18,alguersuari,1,15,17:31:05,43.574,43.574,12.0,22.0,-10.0,0
2011,18,hamilton,1,16,17:32:01,19.439,19.439,1.0,1.0,0.0,0
2011,18,alonso,1,16,17:32:03,20.211,20.211,2.0,2.0,0.0,0
2011,18,button,1,16,17:32:14,20.908,20.908,3.0,3.0,0.0,0
2011,18,sutil,1,16,17:32:35,20.356,20.356,8.0,9.0,-1.0,0
2011,18,michael_schumacher,1,16,17:32:36,19.660,19.66,7.0,10.0,-3.0,0
2011,18,kovalainen,1,16,17:33:01,21.146,21.146,13.0,17.0,-4.0,0
2011,18,webber,1,17,17:34:01,25.182,25.182,3.0,5.0,-2.0,0
2011,18,rosberg,1,17,17:34:12,19.785,19.785,5.0,6.0,-1.0,0
2011,18,trulli,1,17,17:35:11,20.824,20.824,17.0,21.0,-4.0,0
2011,18,petrov,1,18,17:36:34,20.738,20.738,11.0,12.0,-1.0,0
2011,18,barrichello,1,18,17:36:43,24.219,24.219,12.0,16.0,-4.0,0
2011,18,ricciardo,1,18,17:37:20,21.693,21.693,21.0,21.0,0.0,0
2011,18,bruno_senna,2,20,17:40:33,20.330,20.33,12.0,17.0,-5.0,0
2011,18,liuzzi,1,24,17:48:28,21.247,21.247,20.0,21.0,-1.0,0
2011,18,maldonado,1,25,17:49:31,20.201,20.201,11.0,15.0,-4.0,0
2011,18,glock,1,25,17:50:06,21.792,21.792,18.0,19.0,-1.0,0
2011,18,resta,1,27,17:52:50,20.216,20.216,9.0,12.0,-3.0,0
2011,18,perez,2,27,17:53:09,19.979,19.979,12.0,15.0,-3.0,0
2011,18,maldonado,2,30,17:58:49,12.897,12.897,14.0,16.0,-2.0,0
2011,18,kobayashi,2,33,18:03:42,23.108,23.108,9.0,12.0,-3.0,0
2011,18,barrichello,2,34,18:05:35,20.534,20.534,10.0,13.0,-3.0,0
2011,18,alguersuari,2,34,18:06:16,21.363,21.363,17.0,18.0,-1.0,0
2011,18,button,2,36,18:07:45,20.301,20.301,3.0,5.0,-2.0,0
2011,18,sutil,2,36,18:08:17,20.614,20.614,7.0,8.0,-1.0,0
2011,18,bruno_senna,3,36,18:09:34,12.959,12.959,15.0,16.0,-1.0,0
2011,18,petrov,2,38,18:12:53,19.968,19.968,10.0,13.0,-3.0,0
2011,18,hamilton,2,40,18:14:22,19.350,19.35,1.0,2.0,-1.0,0
2011,18,kovalainen,2,39,18:14:52,20.652,20.652,14.0,16.0,-2.0,0
2011,18,massa,2,40,18:14:54,20.035,20.035,3.0,6.0,-3.0,0
2011,18,michael_schumacher,2,42,18:18:51,20.638,20.638,7.0,7.0,0.0,0
2011,18,ricciardo,2,41,18:19:37,23.192,23.192,20.0,20.0,0.0,0
2011,18,alonso,2,43,18:19:38,21.314,21.314,1.0,2.0,-1.0,0
2011,18,trulli,2,42,18:20:55,20.791,20.791,18.0,18.0,0.0,0
2011,18,glock,2,44,18:24:59,20.561,20.561,19.0,19.0,0.0,0
2011,18,rosberg,2,48,18:29:04,19.907,19.907,4.0,6.0,-2.0,0
2011,19,michael_schumacher,1,10,14:17:19,25.481,25.481,10.0,24.0,-14.0,0
2011,19,bruno_senna,1,12,14:19:18,21.900,21.9,9.0,18.0,-9.0,0
2011,19,petrov,1,13,14:20:39,21.169,21.169,10.0,17.0,-7.0,0
2011,19,sutil,1,14,14:21:51,21.097,21.097,8.0,13.0,-5.0,0
2011,19,button,1,15,14:22:58,22.005,22.005,4.0,5.0,-1.0,0
2011,19,alonso,1,16,14:24:15,20.773,20.773,3.0,4.0,-1.0,0
2011,19,hamilton,1,16,14:24:18,21.099,21.099,4.0,6.0,-2.0,0
2011,19,rosberg,1,16,14:24:30,20.773,20.773,7.0,12.0,-5.0,0
2011,19,barrichello,1,16,14:24:50,21.537,21.537,13.0,17.0,-4.0,0
2011,19,vettel,1,17,14:25:24,20.927,20.927,1.0,2.0,-1.0,0
2011,19,resta,1,17,14:25:58,20.745,20.745,8.0,14.0,-6.0,0
2011,19,maldonado,1,17,14:26:13,21.561,21.561,14.0,18.0,-4.0,0
2011,19,kovalainen,1,17,14:26:16,22.854,22.854,16.0,19.0,-3.0,0
2011,19,webber,1,18,14:26:46,20.755,20.755,1.0,3.0,-2.0,0
2011,19,bruno_senna,2,18,14:27:37,14.029,14.029,16.0,17.0,-1.0,0
2011,19,buemi,1,19,14:28:43,22.417,22.417,8.0,13.0,-5.0,0
2011,19,perez,1,20,14:30:05,22.221,22.221,9.0,13.0,-4.0,0
2011,19,ambrosio,1,20,14:30:42,21.859,21.859,20.0,21.0,-1.0,0
2011,19,ricciardo,1,20,14:30:47,23.473,23.473,23.0,23.0,0.0,0
2011,19,massa,1,21,14:30:57,21.696,21.696,1.0,6.0,-5.0,0
2011,19,kobayashi,1,21,14:31:18,25.117,25.117,7.0,11.0,-4.0,0
2011,19,alguersuari,1,21,14:31:26,22.773,22.773,9.0,14.0,-5.0,0
2011,19,liuzzi,1,21,14:32:06,22.666,22.666,20.0,22.0,-2.0,0
2011,19,trulli,1,22,14:33:08,22.616,22.616,15.0,19.0,-4.0,0
2011,19,bruno_senna,3,28,14:41:14,23.289,23.289,16.0,18.0,-2.0,0
2011,19,petrov,2,30,14:43:17,23.102,23.102,9.0,14.0,-5.0,0
2011,19,button,2,31,14:44:05,21.038,21.038,4.0,6.0,-2.0,0
2011,19,sutil,2,31,14:44:24,20.900,20.9,7.0,9.0,-2.0,0
2011,19,kovalainen,2,31,14:45:14,22.013,22.013,16.0,16.0,0.0,0
2011,19,hamilton,2,33,14:46:43,20.396,20.396,4.0,6.0,-2.0,0
2011,19,michael_schumacher,2,32,14:46:47,20.782,20.782,17.0,19.0,-2.0,0
2011,19,barrichello,2,34,14:48:56,22.590,22.59,15.0,15.0,0.0,0
2011,19,alonso,2,35,14:49:11,20.664,20.664,3.0,3.0,0.0,0
2011,19,webber,2,38,14:52:52,20.990,20.99,1.0,1.0,0.0,0
2011,19,vettel,2,39,14:54:13,20.652,20.652,1.0,2.0,-1.0,0
2011,19,resta,2,40,14:56:27,21.767,21.767,9.0,13.0,-4.0,0
2011,19,rosberg,2,42,14:58:56,20.658,20.658,7.0,8.0,-1.0,0
2011,19,buemi,2,42,14:59:19,22.461,22.461,10.0,14.0,-4.0,0
2011,19,ambrosio,2,41,14:59:31,23.542,23.542,20.0,21.0,-1.0,0
2011,19,ricciardo,2,41,14:59:46,22.904,22.904,22.0,22.0,0.0,0
2011,19,trulli,2,42,15:00:23,21.555,21.555,19.0,19.0,0.0,0
2011,19,kobayashi,2,43,15:00:26,21.231,21.231,9.0,12.0,-3.0,0
2011,19,hamilton,3,44,15:01:16,20.681,20.681,6.0,6.0,0.0,0
2011,19,perez,2,44,15:02:10,21.337,21.337,13.0,15.0,-2.0,0
2011,19,massa,2,45,15:02:33,21.053,21.053,5.0,5.0,0.0,0
2011,19,sutil,3,45,15:02:49,21.138,21.138,7.0,7.0,0.0,0
2011,19,petrov,3,45,15:03:14,21.781,21.781,10.0,11.0,-1.0,0
2011,19,liuzzi,2,45,15:05:02,22.996,22.996,20.0,20.0,0.0,0
2011,19,alguersuari,2,48,15:07:11,21.855,21.855,8.0,11.0,-3.0,0
2011,19,bruno_senna,4,48,15:08:23,22.128,22.128,17.0,17.0,0.0,0
2011,19,kovalainen,3,49,15:09:19,21.478,21.478,16.0,16.0,0.0,0
2011,19,button,3,52,15:11:27,21.583,21.583,4.0,4.0,0.0,0
2011,19,michael_schumacher,3,51,15:11:49,21.373,21.373,15.0,15.0,0.0,0
2011,19,alonso,3,54,15:13:55,20.752,20.752,3.0,3.0,0.0,0
2011,19,barrichello,3,53,15:14:17,21.638,21.638,13.0,14.0,-1.0,0
2011,19,webber,3,58,15:18:40,20.781,20.781,1.0,1.0,0.0,0
2011,19,vettel,3,59,15:20:05,22.094,22.094,2.0,2.0,0.0,0
2012,1,massa,1,11,17:21:08,22.313,22.313,9.0,13.0,-4.0,0
2012,1,rosberg,1,12,17:22:31,23.203,23.203,4.0,10.0,-6.0,0
2012,1,alonso,1,13,17:24:04,22.035,22.035,4.0,8.0,-4.0,0
2012,1,kobayashi,1,13,17:24:20,25.346,25.346,7.0,13.0,-6.0,0
2012,1,resta,1,13,17:24:21,24.933,24.933,10.0,14.0,-4.0,0
2012,1,webber,1,14,17:25:41,23.302,23.302,4.0,10.0,-6.0,0
2012,1,kovalainen,1,14,17:26:12,24.397,24.397,11.0,18.0,-7.0,0
2012,1,button,1,16,17:28:30,23.275,23.275,1.0,1.0,0.0,0
2012,1,vettel,1,16,17:28:41,24.256,24.256,3.0,5.0,-2.0,0
2012,1,maldonado,1,16,17:28:53,23.427,23.427,4.0,10.0,-6.0,0
2012,1,hamilton,1,17,17:30:12,22.862,22.862,1.0,3.0,-2.0,0
2012,1,petrov,1,18,17:32:32,24.579,24.579,11.0,15.0,-4.0,0
2012,1,raikkonen,1,19,17:33:43,24.881,24.881,2.0,11.0,-9.0,0
2012,1,vergne,1,19,17:33:54,23.203,23.203,6.0,13.0,-7.0,0
2012,1,glock,1,20,17:36:09,26.322,26.322,15.0,18.0,-3.0,0
2012,1,pic,1,21,17:37:59,25.303,25.303,18.0,19.0,-1.0,0
2012,1,ricciardo,2,22,17:39:23,23.257,23.257,17.0,17.0,0.0,0
2012,1,perez,1,24,17:41:45,23.882,23.882,7.0,13.0,-6.0,0
2012,1,massa,2,28,17:48:15,22.528,22.528,10.0,13.0,-3.0,0
2012,1,bruno_senna,2,30,17:51:46,23.777,23.777,13.0,16.0,-3.0,0
2012,1,rosberg,2,31,17:52:34,23.017,23.017,5.0,10.0,-5.0,0
2012,1,resta,2,33,17:55:58,24.579,24.579,9.0,12.0,-3.0,0
2012,1,alonso,2,34,17:57:06,21.910,21.91,4.0,7.0,-3.0,0
2012,1,kovalainen,2,34,17:58:11,24.580,24.58,15.0,16.0,-1.0,0
2012,1,button,2,36,17:59:44,22.837,22.837,1.0,1.0,0.0,0
2012,1,hamilton,2,36,17:59:54,23.464,23.464,2.0,3.0,-1.0,0
2012,1,kobayashi,2,36,18:00:33,24.162,24.162,7.0,10.0,-3.0,0
2012,1,pic,2,35,18:01:35,48.984,48.984,19.0,18.0,1.0,1
2012,1,vettel,2,37,18:01:36,24.131,24.131,1.0,2.0,-1.0,0
2012,1,webber,2,37,18:01:58,22.915,22.915,3.0,4.0,-1.0,0
2012,1,maldonado,2,37,18:02:03,23.166,23.166,5.0,6.0,-1.0,0
2012,1,raikkonen,2,37,18:02:13,23.310,23.31,6.0,9.0,-3.0,0
2012,1,vergne,2,37,18:02:41,23.569,23.569,10.0,12.0,-2.0,0
2012,1,glock,2,36,18:02:46,25.046,25.046,17.0,17.0,0.0,0
2012,1,massa,3,37,18:03:05,22.103,22.103,13.0,13.0,0.0,0
2012,1,ricciardo,3,38,18:05:15,24.348,24.348,15.0,15.0,0.0,0
2012,1,bruno_senna,3,47,18:22:20,30.888,30.888,15.0,15.0,0.0,0
2012,1,pic,3,51,18:30:07,17.088,17.088,16.0,15.0,1.0,1
2012,2,resta,1,2,16:07:52,23.988,23.988,12.0,19.0,-7.0,0
2012,2,massa,1,3,16:10:03,24.034,24.034,10.0,14.0,-4.0,0
2012,2,glock,1,3,16:10:14,25.096,25.096,19.0,20.0,-1.0,0
2012,2,pic,1,3,16:10:20,29.317,29.317,20.0,23.0,-3.0,0
2012,2,button,1,4,16:12:01,24.305,24.305,2.0,2.0,0.0,0
2012,2,alonso,1,4,16:12:09,24.653,24.653,5.0,5.0,0.0,0
2012,2,hulkenberg,1,4,16:12:17,23.856,23.856,10.0,11.0,-1.0,0
2012,2,ricciardo,1,4,16:12:26,25.470,25.47,15.0,18.0,-3.0,0
2012,2,petrov,1,4,16:12:28,24.718,24.718,16.0,19.0,-3.0,0
2012,2,kovalainen,1,4,16:12:30,32.670,32.67,14.0,21.0,-7.0,0
2012,2,hamilton,1,5,16:14:12,24.271,24.271,1.0,1.0,0.0,0
2012,2,webber,1,5,16:14:20,24.569,24.569,2.0,4.0,-2.0,0
2012,2,vettel,1,5,16:14:27,25.658,25.658,4.0,6.0,-2.0,0
2012,2,rosberg,1,5,16:14:31,25.600,25.6,5.0,9.0,-4.0,0
2012,2,maldonado,1,5,16:14:32,25.535,25.535,6.0,14.0,-8.0,0
2012,2,raikkonen,1,5,16:14:36,27.602,27.602,8.0,13.0,-5.0,0
2012,2,kobayashi,1,5,16:14:39,28.122,28.122,9.0,16.0,-7.0,0
2012,2,michael_schumacher,1,5,16:14:40,24.831,24.831,11.0,15.0,-4.0,0
2012,2,bruno_senna,2,7,16:20:17,26.269,26.269,22.0,23.0,-1.0,0
2012,2,rosberg,2,13,17:26:30,25.199,25.199,9.0,7.0,2.0,1
2012,2,raikkonen,2,13,17:26:32,24.927,24.927,13.0,9.0,4.0,1
2012,2,kobayashi,2,13,17:26:34,26.255,26.255,16.0,15.0,1.0,1
2012,2,rosa,1,13,17:26:36,15.684,15.684,17.0,23.0,-6.0,0
2012,2,petrov,2,13,17:26:37,29.359,29.359,19.0,22.0,-3.0,0
2012,2,glock,2,13,17:26:37,25.660,25.66,20.0,21.0,-1.0,0
2012,2,bruno_senna,3,13,17:26:38,24.980,24.98,23.0,18.0,5.0,1
2012,2,hamilton,2,14,17:28:30,27.961,27.961,1.0,3.0,-2.0,0
2012,2,alonso,2,14,17:28:34,22.864,22.864,4.0,1.0,3.0,1
2012,2,webber,2,14,17:28:36,26.337,26.337,3.0,7.0,-4.0,0
2012,2,massa,2,14,17:28:39,24.420,24.42,6.0,8.0,-2.0,0
2012,2,resta,2,14,17:28:42,22.856,22.856,10.0,9.0,1.0,1
2012,2,maldonado,2,14,17:28:42,21.621,21.621,12.0,20.0,-8.0,0
2012,2,michael_schumacher,2,14,17:28:43,24.094,24.094,13.0,13.0,0.0,0
2012,2,ricciardo,2,14,17:28:45,24.539,24.539,15.0,15.0,0.0,0
2012,2,kovalainen,2,14,17:28:46,25.130,25.13,17.0,16.0,1.0,1
2012,2,perez,2,15,17:30:37,24.520,24.52,1.0,2.0,-1.0,0
2012,2,vettel,2,15,17:30:43,24.057,24.057,4.0,5.0,-1.0,0
2012,2,vergne,1,15,17:30:48,24.216,24.216,6.0,10.0,-4.0,0
2012,2,hulkenberg,2,15,17:30:50,23.549,23.549,7.0,11.0,-4.0,0
2012,2,pic,2,15,17:31:03,36.542,36.542,14.0,21.0,-7.0,0
2012,2,button,3,15,17:31:07,36.517,36.517,16.0,20.0,-4.0,0
2012,2,karthikeyan,1,15,17:31:07,36.876,36.876,15.0,22.0,-7.0,0
2012,2,rosa,2,16,17:33:35,38.887,38.887,23.0,23.0,0.0,0
2012,2,kovalainen,3,23,17:48:07,34.109,34.109,17.0,21.0,-4.0,0
2012,2,button,4,24,17:50:04,23.509,23.509,19.0,19.0,0.0,0
2012,2,ricciardo,3,25,17:51:55,22.610,22.61,14.0,17.0,-3.0,0
2012,2,rosberg,3,26,17:53:46,23.050,23.05,7.0,15.0,-8.0,0
2012,2,massa,3,27,17:55:53,23.130,23.13,9.0,16.0,-7.0,0
2012,2,ricciardo,4,37,18:16:06,23.648,23.648,17.0,17.0,0.0,0
2012,2,karthikeyan,2,37,18:18:02,27.700,27.7,22.0,23.0,-1.0,0
2012,2,massa,4,38,18:18:08,26.934,26.934,18.0,18.0,0.0,0
2012,2,kovalainen,4,38,18:18:52,23.782,23.782,21.0,20.0,1.0,1
2012,2,webber,3,39,18:19:05,23.195,23.195,6.0,5.0,1.0,1
2012,2,resta,3,39,18:19:15,22.175,22.175,7.0,7.0,0.0,0
2012,2,bruno_senna,4,39,18:19:18,23.824,23.824,9.0,8.0,1.0,1
2012,2,michael_schumacher,3,39,18:19:33,22.163,22.163,12.0,12.0,0.0,0
2012,2,maldonado,4,39,18:19:34,23.409,23.409,13.0,11.0,2.0,1
2012,2,rosberg,4,39,18:19:47,23.231,23.231,14.0,15.0,-1.0,0
2012,2,button,5,39,18:19:49,23.477,23.477,15.0,16.0,-1.0,0
2012,2,petrov,3,39,18:20:00,30.335,30.335,16.0,17.0,-1.0,0
2012,2,glock,3,39,18:20:20,25.390,25.39,19.0,19.0,0.0,0
2012,2,alonso,3,40,18:20:25,22.534,22.534,1.0,1.0,0.0,0
2012,2,pic,3,39,18:20:48,32.224,32.224,20.0,21.0,-1.0,0
2012,2,vettel,3,40,18:20:50,22.998,22.998,4.0,4.0,0.0,0
2012,2,raikkonen,3,40,18:20:58,25.041,25.041,5.0,6.0,-1.0,0
2012,2,vergne,2,40,18:21:12,23.343,23.343,7.0,9.0,-2.0,0
2012,2,hulkenberg,3,40,18:21:13,23.358,23.358,9.0,10.0,-1.0,0
2012,2,kobayashi,3,40,18:21:24,23.662,23.662,11.0,13.0,-2.0,0
2012,2,rosa,3,39,18:22:06,28.483,28.483,22.0,23.0,-1.0,0
2012,2,perez,3,41,18:22:19,24.543,24.543,1.0,2.0,-1.0,0
2012,2,hamilton,3,41,18:22:31,26.338,26.338,3.0,3.0,0.0,0
2012,2,vettel,4,47,18:33:40,25.884,25.884,4.0,12.0,-8.0,0
2012,3,webber,1,6,15:14:20,20.474,20.474,9.0,20.0,-11.0,0
2012,3,kobayashi,1,9,15:19:30,21.551,21.551,7.0,16.0,-9.0,0
2012,3,vettel,1,9,15:19:39,21.449,21.449,13.0,17.0,-4.0,0
2012,3,hulkenberg,1,9,15:19:47,32.407,32.407,16.0,24.0,-8.0,0
2012,3,raikkonen,1,10,15:21:12,21.433,21.433,4.0,10.0,-6.0,0
2012,3,hamilton,1,10,15:21:13,20.903,20.903,5.0,8.0,-3.0,0
2012,3,petrov,1,10,15:21:40,21.851,21.851,20.0,23.0,-3.0,0
2012,3,button,1,11,15:22:56,20.563,20.563,3.0,4.0,-1.0,0
2012,3,grosjean,1,11,15:23:04,21.184,21.184,9.0,10.0,-1.0,0
2012,3,resta,1,11,15:23:08,20.387,20.387,11.0,14.0,-3.0,0
2012,3,maldonado,1,11,15:23:09,21.569,21.569,12.0,15.0,-3.0,0
2012,3,vergne,1,11,15:23:22,22.835,22.835,17.0,20.0,-3.0,0
2012,3,alonso,1,12,15:24:44,20.296,20.296,4.0,8.0,-4.0,0
2012,3,bruno_senna,1,12,15:24:49,21.184,21.184,7.0,12.0,-5.0,0
2012,3,kovalainen,1,12,15:25:06,22.713,22.713,11.0,18.0,-7.0,0
2012,3,rosberg,1,13,15:26:17,21.113,21.113,1.0,3.0,-2.0,0
2012,3,perez,1,16,15:31:38,23.009,23.009,1.0,10.0,-9.0,0
2012,3,karthikeyan,1,16,15:32:47,24.937,24.937,23.0,23.0,0.0,0
2012,3,ricciardo,1,17,15:33:56,21.884,21.884,15.0,19.0,-4.0,0
2012,3,rosa,1,17,15:34:24,23.634,23.634,22.0,22.0,0.0,0
2012,3,massa,1,18,15:35:14,20.250,20.25,2.0,14.0,-12.0,0
2012,3,glock,1,18,15:35:58,21.327,21.327,16.0,20.0,-4.0,0
2012,3,pic,1,19,15:37:45,22.306,22.306,17.0,21.0,-4.0,0
2012,3,webber,2,21,15:40:30,20.377,20.377,4.0,14.0,-10.0,0
2012,3,hamilton,2,22,15:42:10,20.691,20.691,3.0,13.0,-10.0,0
2012,3,button,2,24,15:45:32,20.474,20.474,2.0,7.0,-5.0,0
2012,3,kobayashi,2,25,15:47:30,21.012,21.012,5.0,14.0,-9.0,0
2012,3,alonso,2,27,15:50:50,20.136,20.136,3.0,11.0,-8.0,0
2012,3,raikkonen,2,28,15:52:32,21.494,21.494,2.0,12.0,-10.0,0
2012,3,vergne,2,28,15:53:07,23.623,23.623,15.0,17.0,-2.0,0
2012,3,kovalainen,2,28,15:53:24,22.606,22.606,18.0,23.0,-5.0,0
2012,3,bruno_senna,2,29,15:54:32,21.323,21.323,9.0,14.0,-5.0,0
2012,3,petrov,2,29,15:55:09,22.007,22.007,18.0,19.0,-1.0,0
2012,3,hulkenberg,2,30,15:56:37,21.027,21.027,15.0,17.0,-2.0,0
2012,3,vettel,2,31,15:57:50,21.146,21.146,4.0,11.0,-7.0,0
2012,3,grosjean,2,32,15:59:28,25.835,25.835,2.0,11.0,-9.0,0
2012,3,rosa,2,31,15:59:35,23.488,23.488,21.0,21.0,0.0,0
2012,3,resta,2,32,15:59:44,21.006,21.006,10.0,14.0,-4.0,0
2012,3,maldonado,2,33,16:01:26,21.229,21.229,8.0,13.0,-5.0,0
2012,3,ricciardo,2,33,16:01:52,22.318,22.318,15.0,17.0,-2.0,0
2012,3,karthikeyan,2,32,16:01:55,23.151,23.151,22.0,22.0,0.0,0
2012,3,rosberg,2,34,16:02:40,20.645,20.645,1.0,2.0,-1.0,0
2012,3,webber,3,34,16:03:03,20.471,20.471,5.0,11.0,-6.0,0
2012,3,perez,2,35,16:04:47,22.565,22.565,3.0,13.0,-10.0,0
2012,3,glock,2,36,16:07:41,21.515,21.515,19.0,19.0,0.0,0
2012,3,pic,2,37,16:09:27,23.579,23.579,19.0,20.0,-1.0,0
2012,3,hamilton,3,38,16:09:51,20.177,20.177,3.0,10.0,-7.0,0
2012,3,alonso,3,38,16:09:52,20.024,20.024,4.0,11.0,-7.0,0
2012,3,kobayashi,3,38,16:10:03,21.795,21.795,7.0,14.0,-7.0,0
2012,3,button,3,39,16:11:21,26.618,26.618,1.0,4.0,-3.0,0
2012,3,massa,2,41,16:15:10,20.051,20.051,2.0,14.0,-12.0,0
2012,3,vergne,3,41,16:15:32,22.531,22.531,15.0,17.0,-2.0,0
2012,3,pic,3,48,16:28:45,13.981,13.981,20.0,20.0,0.0,0
2012,4,ricciardo,1,7,15:15:42,25.829,25.829,17.0,21.0,-4.0,0
2012,4,button,1,8,15:17:12,23.016,23.016,7.0,10.0,-3.0,0
2012,4,massa,1,8,15:17:14,23.557,23.557,8.0,14.0,-6.0,0
2012,4,rosberg,1,8,15:17:15,22.228,22.228,9.0,12.0,-3.0,0
2012,4,hamilton,1,9,15:18:49,28.341,28.341,3.0,10.0,-7.0,0
2012,4,webber,1,9,15:18:50,22.236,22.236,4.0,7.0,-3.0,0
2012,4,alonso,1,9,15:18:53,22.094,22.094,5.0,8.0,-3.0,0
2012,4,perez,1,9,15:19:00,23.408,23.408,11.0,13.0,-2.0,0
2012,4,bruno_senna,1,9,15:19:03,23.405,23.405,12.0,16.0,-4.0,0
2012,4,michael_schumacher,1,9,15:19:05,21.979,21.979,15.0,15.0,0.0,0
2012,4,hulkenberg,1,9,15:19:08,22.413,22.413,17.0,17.0,0.0,0
2012,4,rosa,1,9,15:19:27,24.241,24.241,21.0,23.0,-2.0,0
2012,4,grosjean,1,10,15:20:26,23.246,23.246,2.0,3.0,-1.0,0
2012,4,vergne,1,10,15:20:50,22.763,22.763,12.0,18.0,-6.0,0
2012,4,petrov,1,10,15:20:55,23.411,23.411,15.0,20.0,-5.0,0
2012,4,glock,1,10,15:21:10,23.423,23.423,20.0,22.0,-2.0,0
2012,4,karthikeyan,1,10,15:21:21,25.896,25.896,23.0,24.0,-1.0,0
2012,4,vettel,1,11,15:22:02,22.017,22.017,1.0,1.0,0.0,0
2012,4,raikkonen,1,11,15:22:13,22.412,22.412,3.0,5.0,-2.0,0
2012,4,maldonado,1,11,15:22:27,22.868,22.868,6.0,13.0,-7.0,0
2012,4,pic,1,12,15:24:32,24.020,24.02,14.0,20.0,-6.0,0
2012,4,kovalainen,2,13,15:26:27,23.323,23.323,21.0,23.0,-2.0,0
2012,4,resta,1,14,15:27:28,22.069,22.069,2.0,12.0,-10.0,0
2012,4,kobayashi,1,14,15:27:35,22.758,22.758,4.0,16.0,-12.0,0
2012,4,hulkenberg,2,19,15:36:18,22.446,22.446,14.0,19.0,-5.0,0
2012,4,perez,2,21,15:39:34,23.428,23.428,10.0,16.0,-6.0,0
2012,4,karthikeyan,2,21,15:40:50,25.204,25.204,24.0,24.0,0.0,0
2012,4,button,2,22,15:41:03,22.270,22.27,5.0,7.0,-2.0,0
2012,4,rosberg,2,22,15:41:09,22.903,22.903,8.0,9.0,-1.0,0
2012,4,massa,2,22,15:41:13,21.963,21.963,9.0,11.0,-2.0,0
2012,4,rosa,2,22,15:42:24,23.420,23.42,23.0,23.0,0.0,0
2012,4,webber,2,23,15:42:40,22.649,22.649,4.0,5.0,-1.0,0
2012,4,hamilton,2,23,15:42:46,30.622,30.622,5.0,11.0,-6.0,0
2012,4,alonso,2,23,15:42:48,23.449,23.449,7.0,9.0,-2.0,0
2012,4,maldonado,2,23,15:42:55,22.330,22.33,10.0,20.0,-10.0,0
2012,4,michael_schumacher,2,23,15:43:00,22.105,22.105,12.0,14.0,-2.0,0
2012,4,petrov,2,23,15:43:18,23.421,23.421,16.0,17.0,-1.0,0
2012,4,ricciardo,2,23,15:43:21,22.295,22.295,18.0,18.0,0.0,0
2012,4,glock,2,23,15:43:55,29.648,29.648,22.0,21.0,1.0,1
2012,4,raikkonen,2,24,15:44:08,22.362,22.362,3.0,2.0,1.0,1
2012,4,bruno_senna,2,24,15:44:50,22.310,22.31,12.0,15.0,-3.0,0
2012,4,vettel,2,25,15:45:43,22.717,22.717,1.0,1.0,0.0,0
2012,4,grosjean,2,25,15:45:51,22.896,22.896,2.0,3.0,-1.0,0
2012,4,vergne,2,25,15:46:40,23.353,23.353,12.0,17.0,-5.0,0
2012,4,kovalainen,3,25,15:47:05,23.639,23.639,20.0,19.0,1.0,1
2012,4,kobayashi,2,31,15:56:31,25.590,25.59,7.0,15.0,-8.0,0
2012,4,resta,2,33,15:59:46,22.483,22.483,5.0,13.0,-8.0,0
2012,4,karthikeyan,3,32,16:00:15,26.417,26.417,22.0,22.0,0.0,0
2012,4,rosberg,3,36,16:04:47,21.888,21.888,6.0,7.0,-1.0,0
2012,4,hamilton,3,36,16:04:54,23.696,23.696,9.0,12.0,-3.0,0
2012,4,hulkenberg,3,36,16:05:05,22.560,22.56,12.0,16.0,-4.0,0
2012,4,button,3,37,16:06:26,22.616,22.616,5.0,7.0,-2.0,0
2012,4,alonso,3,37,16:06:29,23.207,23.207,6.0,8.0,-2.0,0
2012,4,perez,3,37,16:06:37,22.924,22.924,9.0,13.0,-4.0,0
2012,4,michael_schumacher,3,37,16:06:38,22.192,22.192,11.0,12.0,-1.0,0
2012,4,massa,3,38,16:08:13,21.938,21.938,7.0,11.0,-4.0,0
2012,4,bruno_senna,3,38,16:08:29,22.796,22.796,12.0,16.0,-4.0,0
2012,4,ricciardo,3,38,16:08:50,22.495,22.495,17.0,17.0,0.0,0
2012,4,kovalainen,4,38,16:09:08,23.173,23.173,19.0,19.0,0.0,0
2012,4,vettel,3,39,16:09:10,21.800,21.8,1.0,1.0,0.0,0
2012,4,raikkonen,3,39,16:09:12,22.597,22.597,2.0,2.0,0.0,0
2012,4,webber,3,39,16:09:31,21.705,21.705,4.0,4.0,0.0,0
2012,4,glock,3,38,16:10:20,22.933,22.933,20.0,20.0,0.0,0
2012,4,petrov,3,39,16:10:35,23.167,23.167,17.0,18.0,-1.0,0
2012,4,rosa,3,38,16:10:38,24.520,24.52,21.0,22.0,-1.0,0
2012,4,grosjean,3,40,16:10:56,22.763,22.763,3.0,3.0,0.0,0
2012,4,vergne,3,40,16:12:03,22.241,22.241,14.0,16.0,-2.0,0
2012,4,karthikeyan,4,45,16:22:48,24.317,24.317,21.0,22.0,-1.0,0
2012,4,kobayashi,3,50,16:28:31,24.674,24.674,14.0,17.0,-3.0,0
2012,4,button,4,53,16:33:05,23.943,23.943,7.0,14.0,-7.0,0
2012,5,webber,1,6,14:12:45,20.119,20.119,12.0,20.0,-8.0,0
2012,5,vettel,1,7,14:14:11,19.745,19.745,7.0,17.0,-10.0,0
2012,5,kobayashi,1,8,14:15:44,22.260,22.26,8.0,17.0,-9.0,0
2012,5,rosberg,1,9,14:17:10,20.502,20.502,4.0,8.0,-4.0,0
2012,5,button,1,9,14:17:14,20.333,20.333,7.0,12.0,-5.0,0
2012,5,resta,1,9,14:17:22,19.987,19.987,11.0,15.0,-4.0,0
2012,5,alonso,1,10,14:18:30,19.456,19.456,1.0,1.0,0.0,0
2012,5,grosjean,1,10,14:18:42,20.223,20.223,4.0,7.0,-3.0,0
2012,5,michael_schumacher,1,10,14:18:44,20.113,20.113,6.0,9.0,-3.0,0
2012,5,vergne,1,10,14:18:52,20.388,20.388,8.0,15.0,-7.0,0
2012,5,massa,1,10,14:18:53,20.130,20.13,9.0,16.0,-7.0,0
2012,5,hulkenberg,1,10,14:18:56,20.521,20.521,12.0,17.0,-5.0,0
2012,5,petrov,1,10,14:19:03,24.856,24.856,16.0,22.0,-6.0,0
2012,5,rosa,1,10,14:19:19,22.275,22.275,21.0,23.0,-2.0,0
2012,5,maldonado,1,11,14:20:01,20.620,20.62,1.0,2.0,-1.0,0
2012,5,raikkonen,1,11,14:20:05,19.777,19.777,3.0,3.0,0.0,0
2012,5,ricciardo,1,11,14:20:29,21.101,21.101,9.0,16.0,-7.0,0
2012,5,karthikeyan,1,11,14:20:59,21.518,21.518,24.0,22.0,2.0,1
2012,5,kovalainen,1,13,14:23:37,21.290,21.29,5.0,17.0,-12.0,0
2012,5,hamilton,1,14,14:24:59,21.963,21.963,4.0,14.0,-10.0,0
2012,5,glock,1,14,14:25:27,21.082,21.082,17.0,19.0,-2.0,0
2012,5,pic,1,15,14:27:06,20.936,20.936,19.0,20.0,-1.0,0
2012,5,webber,2,17,14:29:54,24.864,24.864,9.0,17.0,-8.0,0
2012,5,perez,2,17,14:30:09,21.055,21.055,17.0,19.0,-2.0,0
2012,5,hulkenberg,2,19,14:32:55,20.558,20.558,13.0,15.0,-2.0,0
2012,5,rosa,2,19,14:33:43,22.135,22.135,21.0,22.0,-1.0,0
2012,5,rosberg,2,22,14:37:13,20.059,20.059,5.0,11.0,-6.0,0
2012,5,resta,2,23,14:38:57,21.680,21.68,9.0,15.0,-6.0,0
2012,5,vergne,2,23,14:38:58,22.645,22.645,10.0,16.0,-6.0,0
2012,5,maldonado,2,24,14:39:46,20.218,20.218,2.0,3.0,-1.0,0
2012,5,button,2,25,14:41:49,21.061,21.061,6.0,9.0,-3.0,0
2012,5,ricciardo,2,25,14:42:02,20.114,20.114,10.0,15.0,-5.0,0
2012,5,alonso,2,26,14:42:46,20.028,20.028,1.0,2.0,-1.0,0
2012,5,grosjean,2,26,14:43:10,21.215,21.215,4.0,4.0,0.0,0
2012,5,kobayashi,2,26,14:43:23,20.381,20.381,7.0,10.0,-3.0,0
2012,5,glock,2,26,14:44:13,20.902,20.902,19.0,19.0,0.0,0
2012,5,raikkonen,2,27,14:44:27,21.301,21.301,2.0,3.0,-1.0,0
2012,5,vettel,2,27,14:44:46,19.624,19.624,5.0,6.0,-1.0,0
2012,5,kovalainen,2,27,14:45:19,22.566,22.566,11.0,17.0,-6.0,0
2012,5,pic,2,27,14:45:53,21.338,21.338,20.0,20.0,0.0,0
2012,5,massa,2,28,14:46:33,13.259,13.259,6.0,16.0,-10.0,0
2012,5,petrov,2,28,14:47:06,23.072,23.072,18.0,18.0,0.0,0
2012,5,vettel,3,30,14:49:35,13.335,13.335,6.0,9.0,-3.0,0
2012,5,hamilton,2,35,14:57:08,19.980,19.98,5.0,13.0,-8.0,0
2012,5,rosa,3,35,14:59:17,21.543,21.543,21.0,20.0,1.0,1
2012,5,button,3,38,15:01:44,19.888,19.888,7.0,11.0,-4.0,0
2012,5,hulkenberg,3,39,15:03:27,20.515,20.515,9.0,12.0,-3.0,0
2012,5,ricciardo,3,39,15:03:31,20.059,20.059,12.0,14.0,-2.0,0
2012,5,rosberg,3,40,15:04:39,20.197,20.197,5.0,6.0,-1.0,0
2012,5,webber,3,40,15:05:00,20.129,20.129,8.0,13.0,-5.0,0
2012,5,vergne,3,40,15:05:04,20.460,20.46,11.0,15.0,-4.0,0
2012,5,maldonado,3,41,15:05:16,22.829,22.829,1.0,3.0,-2.0,0
2012,5,kobayashi,3,41,15:06:09,21.311,21.311,5.0,6.0,-1.0,0
2012,5,vettel,4,42,15:07:43,26.143,26.143,5.0,10.0,-5.0,0
2012,5,resta,3,42,15:08:07,19.867,19.867,11.0,15.0,-4.0,0
2012,5,alonso,3,44,15:09:47,20.105,20.105,1.0,3.0,-2.0,0
2012,5,kovalainen,3,43,15:10:04,21.275,21.275,16.0,16.0,0.0,0
2012,5,petrov,3,44,15:11:45,21.817,21.817,17.0,17.0,0.0,0
2012,5,massa,4,45,15:12:32,22.645,22.645,9.0,15.0,-6.0,0
2012,5,raikkonen,3,48,15:16:02,20.073,20.073,2.0,4.0,-2.0,0
2012,5,glock,3,47,15:16:42,20.669,20.669,18.0,18.0,0.0,0
2012,5,grosjean,3,51,15:20:41,21.035,21.035,3.0,4.0,-1.0,0
2012,5,rosa,4,51,15:24:24,21.471,21.471,19.0,19.0,0.0,0
2012,6,petrov,1,3,14:08:18,39.391,39.391,19.0,21.0,-2.0,0
2012,6,vergne,1,17,14:27:24,26.063,26.063,17.0,19.0,-2.0,0
2012,6,rosberg,1,27,14:40:15,24.874,24.874,2.0,5.0,-3.0,0
2012,6,webber,1,29,14:42:54,25.566,25.566,1.0,2.0,-1.0,0
2012,6,hamilton,1,29,14:43:03,25.748,25.748,2.0,5.0,-3.0,0
2012,6,raikkonen,1,29,14:43:28,26.380,26.38,7.0,14.0,-7.0,0
2012,6,hulkenberg,1,29,14:43:29,26.447,26.447,9.0,15.0,-6.0,0
2012,6,bruno_senna,1,29,14:43:29,26.410,26.41,10.0,16.0,-6.0,0
2012,6,karthikeyan,1,29,14:44:09,27.306,27.306,19.0,19.0,0.0,0
2012,6,alonso,1,30,14:44:22,25.220,25.22,1.0,4.0,-3.0,0
2012,6,kovalainen,1,30,14:44:53,26.066,26.066,10.0,17.0,-7.0,0
2012,6,glock,1,30,14:45:01,25.567,25.567,13.0,18.0,-5.0,0
2012,6,massa,1,31,14:45:47,24.993,24.993,1.0,7.0,-6.0,0
2012,6,pic,1,33,14:49:17,27.186,27.186,13.0,18.0,-5.0,0
2012,6,michael_schumacher,1,34,14:50:07,25.117,25.117,6.0,9.0,-3.0,0
2012,6,perez,1,34,14:50:36,25.666,25.666,12.0,17.0,-5.0,0
2012,6,resta,1,35,14:51:32,25.642,25.642,7.0,11.0,-4.0,0
2012,6,button,1,38,14:55:43,25.219,25.219,8.0,14.0,-6.0,0
2012,6,perez,2,39,14:57:38,19.677,19.677,17.0,18.0,-1.0,0
2012,6,ricciardo,1,40,14:58:28,25.335,25.335,7.0,15.0,-8.0,0
2012,6,vettel,1,46,15:05:40,25.079,25.079,1.0,4.0,-3.0,0
2012,6,glock,2,54,15:17:48,36.503,36.503,16.0,18.0,-2.0,0
2012,6,vergne,2,70,15:38:55,26.157,26.157,7.0,11.0,-4.0,0
2012,6,kovalainen,2,73,15:43:52,31.293,31.293,13.0,13.0,0.0,0
2012,6,karthikeyan,2,74,15:46:48,26.973,26.973,15.0,15.0,0.0,0
2012,7,massa,1,12,14:19:28,21.128,21.128,12.0,18.0,-6.0,0
2012,7,resta,1,13,14:20:45,21.489,21.489,5.0,14.0,-9.0,0
2012,7,michael_schumacher,1,13,14:20:47,21.807,21.807,8.0,16.0,-8.0,0
2012,7,button,1,15,14:23:32,21.748,21.748,8.0,15.0,-7.0,0
2012,7,vettel,1,16,14:24:31,21.639,21.639,1.0,5.0,-4.0,0
2012,7,vergne,1,16,14:24:55,22.278,22.278,11.0,18.0,-7.0,0
2012,7,hamilton,1,17,14:25:51,21.375,21.375,1.0,3.0,-2.0,0
2012,7,webber,1,17,14:25:59,21.199,21.199,3.0,9.0,-6.0,0
2012,7,ricciardo,1,17,14:26:17,21.689,21.689,11.0,17.0,-6.0,0
2012,7,kovalainen,1,17,14:26:32,21.733,21.733,17.0,21.0,-4.0,0
2012,7,petrov,1,18,14:27:54,21.888,21.888,18.0,22.0,-4.0,0
2012,7,alonso,1,19,14:28:31,21.133,21.133,1.0,2.0,-1.0,0
2012,7,rosberg,1,19,14:28:43,21.222,21.222,2.0,8.0,-6.0,0
2012,7,grosjean,1,21,14:31:23,21.830,21.83,1.0,9.0,-8.0,0
2012,7,hulkenberg,1,21,14:31:32,24.583,24.583,8.0,15.0,-7.0,0
2012,7,bruno_senna,1,23,14:34:41,22.781,22.781,18.0,20.0,-2.0,0
2012,7,kobayashi,1,24,14:35:30,21.453,21.453,5.0,12.0,-7.0,0
2012,7,glock,1,24,14:36:31,25.520,25.52,23.0,22.0,1.0,1
2012,7,pic,1,28,14:41:55,23.291,23.291,21.0,21.0,0.0,0
2012,7,maldonado,1,29,14:42:22,22.704,22.704,10.0,17.0,-7.0,0
2012,7,button,2,33,14:47:50,21.845,21.845,14.0,17.0,-3.0,0
2012,7,rosberg,2,38,14:53:57,21.179,21.179,7.0,9.0,-2.0,0
2012,7,raikkonen,1,40,14:56:32,21.534,21.534,4.0,9.0,-5.0,0
2012,7,perez,1,41,14:57:52,21.407,21.407,4.0,8.0,-4.0,0
2012,7,hulkenberg,2,42,14:59:35,23.660,23.66,13.0,14.0,-1.0,0
2012,7,kovalainen,2,42,15:00:15,21.704,21.704,18.0,18.0,0.0,0
2012,7,vergne,2,43,15:01:05,23.163,23.163,14.0,16.0,-2.0,0
2012,7,petrov,2,43,15:01:38,21.403,21.403,18.0,19.0,-1.0,0
2012,7,resta,2,44,15:02:08,21.734,21.734,10.0,12.0,-2.0,0
2012,7,vergne,3,47,15:06:41,14.641,14.641,16.0,16.0,0.0,0
2012,7,hamilton,2,50,15:09:20,22.530,22.53,1.0,3.0,-2.0,0
2012,7,webber,2,52,15:12:15,21.254,21.254,4.0,8.0,-4.0,0
2012,7,button,3,52,15:13:15,21.363,21.363,15.0,16.0,-1.0,0
2012,7,massa,2,58,15:20:18,21.115,21.115,6.0,10.0,-4.0,0
2012,7,ricciardo,2,58,15:20:40,21.558,21.558,12.0,14.0,-2.0,0
2012,7,vettel,2,63,15:26:26,22.428,22.428,3.0,5.0,-2.0,0
2012,8,button,1,10,14:21:23,20.246,20.246,12.0,18.0,-6.0,0
2012,8,perez,1,10,14:21:27,21.032,21.032,15.0,19.0,-4.0,0
2012,8,massa,1,11,14:23:08,20.498,20.498,10.0,15.0,-5.0,0
2012,8,pic,1,11,14:23:43,31.636,31.636,23.0,23.0,0.0,0
2012,8,kovalainen,1,12,14:25:12,21.040,21.04,17.0,20.0,-3.0,0
2012,8,hamilton,1,13,14:26:30,19.355,19.355,3.0,7.0,-4.0,0
2012,8,petrov,1,13,14:26:58,20.726,20.726,15.0,19.0,-4.0,0
2012,8,kobayashi,1,14,14:28:20,23.071,23.071,3.0,11.0,-8.0,0
2012,8,raikkonen,1,14,14:28:21,21.879,21.879,4.0,10.0,-6.0,0
2012,8,maldonado,1,14,14:28:23,21.342,21.342,5.0,12.0,-7.0,0
2012,8,hulkenberg,1,14,14:28:26,21.198,21.198,7.0,14.0,-7.0,0
2012,8,ricciardo,1,14,14:28:38,21.209,21.209,13.0,18.0,-5.0,0
2012,8,rosa,1,14,14:29:09,23.127,23.127,20.0,21.0,-1.0,0
2012,8,alonso,1,15,14:30:09,19.789,19.789,3.0,9.0,-6.0,0
2012,8,karthikeyan,1,15,14:31:07,22.930,22.93,21.0,23.0,-2.0,0
2012,8,vettel,1,16,14:31:32,20.357,20.357,1.0,1.0,0.0,0
2012,8,grosjean,1,16,14:31:48,20.479,20.479,2.0,3.0,-1.0,0
2012,8,vergne,1,17,14:34:17,21.303,21.303,17.0,20.0,-3.0,0
2012,8,michael_schumacher,1,19,14:37:38,20.477,20.477,6.0,14.0,-8.0,0
2012,8,webber,1,19,14:37:40,20.246,20.246,9.0,15.0,-6.0,0
2012,8,rosberg,1,20,14:39:17,20.625,20.625,5.0,13.0,-8.0,0
2012,8,kobayashi,2,20,14:39:29,25.719,25.719,9.0,18.0,-9.0,0
2012,8,bruno_senna,1,20,14:40:14,28.440,28.44,7.0,23.0,-16.0,0
2012,8,resta,1,23,14:44:48,20.295,20.295,5.0,14.0,-9.0,0
2012,8,bruno_senna,2,24,14:47:48,14.659,14.659,23.0,23.0,0.0,0
2012,8,perez,2,25,14:48:26,20.904,20.904,10.0,16.0,-6.0,0
2012,8,petrov,2,25,14:48:42,21.224,21.224,16.0,17.0,-1.0,0
2012,8,button,2,26,14:50:09,19.640,19.64,9.0,15.0,-6.0,0
2012,8,massa,2,27,14:51:54,20.126,20.126,7.0,14.0,-7.0,0
2012,8,kovalainen,2,27,14:53:03,24.445,24.445,17.0,20.0,-3.0,0
2012,8,grosjean,2,28,14:53:16,23.183,23.183,2.0,2.0,0.0,0
2012,8,hamilton,2,28,14:53:30,31.081,31.081,3.0,6.0,-3.0,0
2012,8,alonso,2,28,14:53:33,20.718,20.718,4.0,3.0,1.0,1
2012,8,raikkonen,2,28,14:53:38,21.103,21.103,5.0,5.0,0.0,0
2012,8,maldonado,2,28,14:53:44,21.525,21.525,6.0,10.0,-4.0,0
2012,8,hulkenberg,2,28,14:53:50,20.332,20.332,7.0,11.0,-4.0,0
2012,8,petrov,3,28,14:54:43,21.407,21.407,17.0,17.0,0.0,0
2012,8,vettel,2,29,14:55:02,20.023,20.023,1.0,1.0,0.0,0
2012,8,pic,2,28,14:55:13,22.838,22.838,19.0,19.0,0.0,0
2012,8,rosa,2,28,14:55:13,23.125,23.125,18.0,18.0,0.0,0
2012,8,karthikeyan,2,29,14:57:51,26.370,26.37,18.0,22.0,-4.0,0
2012,8,massa,3,34,15:07:46,39.041,39.041,14.0,20.0,-6.0,0
2012,8,ricciardo,2,37,15:12:44,22.597,22.597,5.0,14.0,-9.0,0
2012,8,webber,2,38,15:14:32,20.222,20.222,8.0,13.0,-5.0,0
2012,8,karthikeyan,3,39,15:16:58,14.780,14.78,19.0,19.0,0.0,0
2012,8,michael_schumacher,2,41,15:19:40,20.041,20.041,5.0,11.0,-6.0,0
2012,8,rosberg,2,46,15:28:36,20.115,20.115,9.0,12.0,-3.0,0
2012,8,petrov,4,47,15:30:40,30.800,30.8,11.0,17.0,-6.0,0
2012,8,massa,4,53,15:41:54,20.476,20.476,16.0,17.0,-1.0,0
2012,9,grosjean,1,2,13:06:42,34.201,34.201,12.0,22.0,-10.0,0
2012,9,vettel,1,10,13:19:58,25.829,25.829,5.0,12.0,-7.0,0
2012,9,maldonado,1,11,13:21:39,25.630,25.63,7.0,21.0,-14.0,0
2012,9,michael_schumacher,1,12,13:23:17,25.938,25.938,5.0,11.0,-6.0,0
2012,9,kovalainen,1,12,13:23:46,26.196,26.196,18.0,17.0,1.0,1
2012,9,massa,1,13,13:24:56,25.325,25.325,4.0,9.0,-5.0,0
2012,9,raikkonen,1,13,13:24:58,25.581,25.581,5.0,11.0,-6.0,0
2012,9,pic,1,13,13:25:46,26.313,26.313,20.0,20.0,0.0,0
2012,9,webber,1,14,13:26:30,25.854,25.854,2.0,4.0,-2.0,0
2012,9,bruno_senna,1,14,13:26:49,25.983,25.983,8.0,13.0,-5.0,0
2012,9,vergne,1,14,13:26:57,26.489,26.489,14.0,15.0,-1.0,0
2012,9,alonso,1,15,13:28:03,25.372,25.372,1.0,2.0,-1.0,0
2012,9,rosberg,1,15,13:28:30,25.189,25.189,9.0,12.0,-3.0,0
2012,9,kobayashi,1,16,13:30:03,26.845,26.845,3.0,9.0,-6.0,0
2012,9,hulkenberg,1,16,13:30:05,26.060,26.06,5.0,10.0,-5.0,0
2012,9,button,1,16,13:30:09,25.138,25.138,8.0,12.0,-4.0,0
2012,9,ricciardo,1,16,13:30:14,25.626,25.626,12.0,14.0,-2.0,0
2012,9,karthikeyan,1,16,13:30:53,29.908,29.908,19.0,21.0,-2.0,0
2012,9,glock,1,18,13:34:02,26.165,26.165,16.0,18.0,-2.0,0
2012,9,hamilton,1,21,13:38:11,24.498,24.498,2.0,7.0,-5.0,0
2012,9,grosjean,2,26,13:46:39,25.388,25.388,8.0,13.0,-5.0,0
2012,9,rosa,1,27,13:49:37,27.715,27.715,19.0,20.0,-1.0,0
2012,9,hamilton,2,28,13:49:52,25.003,25.003,6.0,11.0,-5.0,0
2012,9,ricciardo,2,29,13:51:50,25.613,25.613,14.0,15.0,-1.0,0
2012,9,kovalainen,2,29,13:52:21,26.434,26.434,16.0,17.0,-1.0,0
2012,9,bruno_senna,2,30,13:53:19,26.573,26.573,9.0,13.0,-4.0,0
2012,9,vettel,2,31,13:54:33,25.319,25.319,3.0,5.0,-2.0,0
2012,9,button,2,31,13:55:02,24.762,24.762,10.0,13.0,-3.0,0
2012,9,vergne,2,32,13:56:46,26.200,26.2,13.0,15.0,-2.0,0
2012,9,webber,2,33,13:57:42,25.179,25.179,2.0,3.0,-1.0,0
2012,9,pic,2,32,13:58:04,26.164,26.164,19.0,19.0,0.0,0
2012,9,raikkonen,2,34,13:59:31,25.871,25.871,4.0,6.0,-2.0,0
2012,9,michael_schumacher,2,34,13:59:45,25.552,25.552,6.0,10.0,-4.0,0
2012,9,massa,2,35,14:01:05,25.110,25.11,2.0,4.0,-2.0,0
2012,9,hulkenberg,2,35,14:01:25,25.444,25.444,8.0,11.0,-3.0,0
2012,9,karthikeyan,2,35,14:03:37,27.944,27.944,21.0,21.0,0.0,0
2012,9,alonso,2,37,14:04:03,24.998,24.998,1.0,1.0,0.0,0
2012,9,kobayashi,2,37,14:04:36,39.208,39.208,5.0,12.0,-7.0,0
2012,9,rosberg,2,37,14:04:48,33.529,33.529,9.0,15.0,-6.0,0
2012,9,glock,2,38,14:07:52,25.241,25.241,18.0,18.0,0.0,0
2012,10,hamilton,1,3,14:07:52,21.012,21.012,8.0,22.0,-14.0,0
2012,10,vergne,1,6,14:11:33,18.901,18.901,14.0,19.0,-5.0,0
2012,10,resta,1,10,14:17:02,17.899,17.899,10.0,15.0,-5.0,0
2012,10,raikkonen,1,11,14:18:20,18.002,18.002,8.0,10.0,-2.0,0
2012,10,hulkenberg,1,12,14:19:41,18.442,18.442,5.0,8.0,-3.0,0
2012,10,webber,1,12,14:19:43,18.253,18.253,7.0,11.0,-4.0,0
2012,10,rosberg,1,12,14:19:51,18.395,18.395,11.0,14.0,-3.0,0
2012,10,maldonado,1,13,14:21:05,19.646,19.646,5.0,10.0,-5.0,0
2012,10,kovalainen,1,13,14:21:24,19.385,19.385,14.0,17.0,-3.0,0
2012,10,michael_schumacher,1,14,14:22:25,18.497,18.497,4.0,7.0,-3.0,0
2012,10,petrov,1,14,14:22:47,19.802,19.802,11.0,18.0,-7.0,0
2012,10,perez,1,17,14:26:37,18.143,18.143,4.0,8.0,-4.0,0
2012,10,alonso,1,18,14:27:43,17.570,17.57,1.0,2.0,-1.0,0
2012,10,button,1,19,14:29:13,17.867,17.867,3.0,4.0,-1.0,0
2012,10,ricciardo,1,19,14:29:34,18.374,18.374,5.0,14.0,-9.0,0
2012,10,glock,1,19,14:30:15,21.399,21.399,19.0,23.0,-4.0,0
2012,10,vettel,1,20,14:30:30,17.512,17.512,1.0,2.0,-1.0,0
2012,10,rosa,1,20,14:31:43,19.850,19.85,21.0,24.0,-3.0,0
2012,10,pic,1,21,14:32:56,17.821,17.821,18.0,20.0,-2.0,0
2012,10,kobayashi,1,22,14:33:31,18.904,18.904,3.0,10.0,-7.0,0
2012,10,karthikeyan,1,22,14:34:43,19.535,19.535,22.0,24.0,-2.0,0
2012,10,massa,2,24,14:36:49,19.137,19.137,15.0,17.0,-2.0,0
2012,10,grosjean,2,24,14:37:20,20.388,20.388,19.0,20.0,-1.0,0
2012,10,bruno_senna,2,25,14:38:46,18.822,18.822,21.0,21.0,0.0,0
2012,10,vergne,2,27,14:40:49,18.425,18.425,13.0,16.0,-3.0,0
2012,10,hulkenberg,2,31,14:46:05,18.286,18.286,7.0,12.0,-5.0,0
2012,10,kovalainen,2,31,14:46:32,18.801,18.801,14.0,16.0,-2.0,0
2012,10,hamilton,2,31,14:46:44,17.598,17.598,18.0,18.0,0.0,0
2012,10,rosberg,2,32,14:47:31,17.894,17.894,10.0,13.0,-3.0,0
2012,10,petrov,2,32,14:47:59,18.323,18.323,15.0,17.0,-2.0,0
2012,10,michael_schumacher,2,36,14:52:44,17.928,17.928,5.0,8.0,-3.0,0
2012,10,raikkonen,2,38,14:55:22,17.735,17.735,4.0,6.0,-2.0,0
2012,10,maldonado,2,38,14:55:56,19.210,19.21,12.0,15.0,-3.0,0
2012,10,ricciardo,2,38,14:55:57,17.990,17.99,13.0,14.0,-1.0,0
2012,10,resta,2,39,14:57:08,17.968,17.968,9.0,11.0,-2.0,0
2012,10,button,2,40,14:57:48,16.831,16.831,3.0,2.0,1.0,1
2012,10,perez,2,40,14:58:14,18.199,18.199,5.0,8.0,-3.0,0
2012,10,webber,2,40,14:58:22,17.290,17.29,7.0,10.0,-3.0,0
2012,10,alonso,2,41,14:59:05,17.942,17.942,1.0,1.0,0.0,0
2012,10,vettel,2,41,14:59:07,17.859,17.859,2.0,3.0,-1.0,0
2012,10,glock,2,40,15:00:18,18.952,18.952,22.0,24.0,-2.0,0
2012,10,grosjean,3,42,15:02:09,22.743,22.743,19.0,20.0,-1.0,0
2012,10,kobayashi,2,43,15:02:13,19.177,19.177,4.0,6.0,-2.0,0
2012,10,pic,2,43,15:03:49,19.391,19.391,21.0,21.0,0.0,0
2012,10,kovalainen,3,44,15:04:41,19.233,19.233,17.0,19.0,-2.0,0
2012,10,vergne,3,45,15:05:35,19.949,19.949,13.0,15.0,-2.0,0
2012,10,hulkenberg,3,46,15:06:33,18.365,18.365,7.0,11.0,-4.0,0
2012,10,rosa,2,45,15:07:26,20.664,20.664,22.0,23.0,-1.0,0
2012,10,massa,3,47,15:08:15,19.680,19.68,12.0,14.0,-2.0,0
2012,10,hamilton,3,47,15:08:33,18.877,18.877,15.0,16.0,-1.0,0
2012,10,karthikeyan,2,46,15:08:59,19.382,19.382,23.0,24.0,-1.0,0
2012,10,bruno_senna,3,47,15:09:01,18.313,18.313,18.0,19.0,-1.0,0
2012,10,rosberg,3,50,15:11:59,18.741,18.741,8.0,11.0,-3.0,0
2012,10,petrov,3,50,15:12:58,18.354,18.354,17.0,18.0,-1.0,0
2012,10,michael_schumacher,3,52,15:14:25,18.163,18.163,5.0,7.0,-2.0,0
2012,10,kovalainen,4,53,15:17:23,28.988,28.988,17.0,20.0,-3.0,0
2012,10,maldonado,3,57,15:22:00,18.085,18.085,15.0,15.0,0.0,0
2012,11,michael_schumacher,2,4,14:12:58,13.199,13.199,24.0,24.0,0.0,0
2012,11,kobayashi,1,8,14:18:40,20.234,20.234,19.0,21.0,-2.0,0
2012,11,vergne,1,12,14:24:37,20.363,20.363,16.0,20.0,-4.0,0
2012,11,ricciardo,1,14,14:27:32,20.510,20.51,15.0,17.0,-2.0,0
2012,11,button,1,15,14:28:38,19.408,19.408,3.0,8.0,-5.0,0
2012,11,hulkenberg,1,15,14:28:52,20.736,20.736,10.0,12.0,-2.0,0
2012,11,maldonado,1,15,14:28:54,20.304,20.304,12.0,14.0,-2.0,0
2012,11,bruno_senna,1,16,14:30:15,20.213,20.213,8.0,10.0,-2.0,0
2012,11,rosberg,1,16,14:30:21,20.352,20.352,10.0,11.0,-1.0,0
2012,11,resta,1,16,14:30:26,20.460,20.46,14.0,14.0,0.0,0
2012,11,vettel,1,17,14:31:35,19.380,19.38,3.0,6.0,-3.0,0
2012,11,alonso,1,17,14:31:38,19.669,19.669,4.0,8.0,-4.0,0
2012,11,kovalainen,1,17,14:32:09,20.780,20.78,13.0,19.0,-6.0,0
2012,11,hamilton,1,18,14:32:53,20.436,20.436,1.0,2.0,-1.0,0
2012,11,massa,1,18,14:33:17,19.981,19.981,7.0,10.0,-3.0,0
2012,11,petrov,1,18,14:33:47,21.070,21.07,15.0,21.0,-6.0,0
2012,11,grosjean,1,19,14:34:22,22.151,22.151,1.0,2.0,-1.0,0
2012,11,karthikeyan,1,18,14:34:22,21.259,21.259,23.0,23.0,0.0,0
2012,11,glock,1,18,14:34:25,21.337,21.337,24.0,24.0,0.0,0
2012,11,raikkonen,1,20,14:36:01,20.087,20.087,2.0,5.0,-3.0,0
2012,11,webber,1,20,14:36:05,19.611,19.611,3.0,7.0,-4.0,0
2012,11,pic,1,20,14:36:59,20.915,20.915,18.0,21.0,-3.0,0
2012,11,perez,1,21,14:37:57,20.320,20.32,8.0,15.0,-7.0,0
2012,11,rosa,1,22,14:40:27,22.332,22.332,22.0,22.0,0.0,0
2012,11,vergne,2,30,14:51:44,19.858,19.858,17.0,20.0,-3.0,0
2012,11,michael_schumacher,3,32,14:54:51,20.503,20.503,18.0,20.0,-2.0,0
2012,11,button,2,34,14:56:39,19.083,19.083,3.0,8.0,-5.0,0
2012,11,ricciardo,2,34,14:57:29,19.630,19.63,14.0,16.0,-2.0,0
2012,11,petrov,2,35,14:59:27,20.592,20.592,18.0,20.0,-2.0,0
2012,11,kovalainen,2,36,15:00:48,21.855,21.855,17.0,19.0,-2.0,0
2012,11,vettel,2,38,15:02:27,19.331,19.331,3.0,5.0,-2.0,0
2012,11,resta,2,38,15:03:06,20.352,20.352,13.0,14.0,-1.0,0
2012,11,grosjean,2,39,15:03:52,20.231,20.231,2.0,4.0,-2.0,0
2012,11,webber,2,39,15:04:09,19.175,19.175,6.0,9.0,-3.0,0
2012,11,hulkenberg,2,39,15:04:31,20.607,20.607,11.0,13.0,-2.0,0
2012,11,hamilton,2,40,15:05:18,19.059,19.059,1.0,2.0,-1.0,0
2012,11,pic,2,39,15:05:50,21.378,21.378,21.0,21.0,0.0,0
2012,11,rosberg,2,40,15:05:53,20.632,20.632,10.0,10.0,0.0,0
2012,11,kobayashi,2,40,15:06:36,20.065,20.065,15.0,17.0,-2.0,0
2012,11,karthikeyan,2,39,15:07:06,22.031,22.031,24.0,24.0,0.0,0
2012,11,maldonado,2,41,15:07:28,19.755,19.755,11.0,14.0,-3.0,0
2012,11,glock,2,40,15:08:28,20.383,20.383,23.0,22.0,1.0,1
2012,11,bruno_senna,2,42,15:08:36,20.604,20.604,6.0,8.0,-2.0,0
2012,11,rosa,2,41,15:10:00,21.877,21.877,22.0,23.0,-1.0,0
2012,11,alonso,2,43,15:10:01,19.365,19.365,3.0,7.0,-4.0,0
2012,11,massa,2,43,15:10:12,19.917,19.917,8.0,9.0,-1.0,0
2012,11,raikkonen,2,45,15:12:35,19.772,19.772,1.0,2.0,-1.0,0
2012,11,button,3,45,15:12:56,20.355,20.355,5.0,7.0,-2.0,0
2012,11,vergne,3,46,15:15:27,19.644,19.644,16.0,17.0,-1.0,0
2012,11,perez,2,47,15:16:34,20.216,20.216,11.0,14.0,-3.0,0
2012,11,ricciardo,3,47,15:16:46,20.027,20.027,15.0,16.0,-1.0,0
2012,11,petrov,3,51,15:23:46,20.515,20.515,20.0,20.0,0.0,0
2012,11,maldonado,3,52,15:23:48,13.206,13.206,12.0,13.0,-1.0,0
2012,11,webber,3,55,15:27:30,19.386,19.386,5.0,8.0,-3.0,0
2012,11,kovalainen,3,56,15:30:55,20.567,20.567,19.0,19.0,0.0,0
2012,11,vettel,3,58,15:31:43,18.964,18.964,4.0,4.0,0.0,0
2012,11,vergne,4,64,15:42:01,19.600,19.6,17.0,17.0,0.0,0
2012,12,kobayashi,2,7,14:21:42,21.669,21.669,14.0,19.0,-5.0,0
2012,12,resta,1,10,14:27:27,21.402,21.402,5.0,11.0,-6.0,0
2012,12,raikkonen,1,11,14:29:22,20.383,20.383,3.0,8.0,-5.0,0
2012,12,webber,1,11,14:29:28,20.908,20.908,9.0,11.0,-2.0,0
2012,12,glock,1,11,14:29:54,22.463,22.463,18.0,19.0,-1.0,0
2012,12,ricciardo,1,12,14:31:21,20.287,20.287,4.0,9.0,-5.0,0
2012,12,massa,1,12,14:31:26,20.306,20.306,9.0,12.0,-3.0,0
2012,12,petrov,1,12,14:31:42,25.972,25.972,12.0,18.0,-6.0,0
2012,12,hulkenberg,1,13,14:33:14,22.152,22.152,2.0,8.0,-6.0,0
2012,12,kovalainen,1,14,14:35:49,52.206,52.206,13.0,19.0,-6.0,0
2012,12,karthikeyan,1,14,14:35:55,23.953,23.953,15.0,17.0,-2.0,0
2012,12,vergne,1,15,14:37:19,20.660,20.66,3.0,11.0,-8.0,0
2012,12,rosa,2,15,14:38:00,25.027,25.027,15.0,18.0,-3.0,0
2012,12,bruno_senna,1,16,14:39:19,21.690,21.69,4.0,12.0,-8.0,0
2012,12,pic,1,18,14:44:03,21.611,21.611,14.0,18.0,-4.0,0
2012,12,michael_schumacher,1,19,14:45:02,21.664,21.664,2.0,8.0,-6.0,0
2012,12,button,1,20,14:46:43,19.668,19.668,1.0,1.0,0.0,0
2012,12,rosberg,1,20,14:47:24,21.062,21.062,9.0,13.0,-4.0,0
2012,12,vettel,1,21,14:48:56,20.811,20.811,2.0,5.0,-3.0,0
2012,12,kobayashi,3,24,14:55:27,22.106,22.106,13.0,13.0,0.0,0
2012,12,glock,2,25,14:58:05,20.660,20.66,15.0,17.0,-2.0,0
2012,12,resta,2,26,14:59:07,21.115,21.115,11.0,12.0,-1.0,0
2012,12,petrov,2,26,14:59:52,21.180,21.18,14.0,14.0,0.0,0
2012,12,hulkenberg,2,27,15:00:38,20.696,20.696,3.0,5.0,-2.0,0
2012,12,webber,2,27,15:00:39,20.385,20.385,4.0,6.0,-2.0,0
2012,12,massa,2,27,15:00:45,21.049,21.049,6.0,7.0,-1.0,0
2012,12,rosa,3,27,15:02:18,22.064,22.064,17.0,17.0,0.0,0
2012,12,kovalainen,2,27,15:02:21,21.931,21.931,18.0,19.0,-1.0,0
2012,12,raikkonen,2,28,15:02:30,20.289,20.289,2.0,4.0,-2.0,0
2012,12,ricciardo,2,28,15:02:51,21.060,21.06,8.0,10.0,-2.0,0
2012,12,vergne,2,29,15:04:49,21.077,21.077,7.0,11.0,-4.0,0
2012,12,michael_schumacher,2,35,15:16:18,20.835,20.835,4.0,7.0,-3.0,0
2012,12,rosberg,2,36,15:18:36,20.534,20.534,9.0,12.0,-3.0,0
2012,12,bruno_senna,2,39,15:24:25,22.030,22.03,8.0,12.0,-4.0,0
2012,13,glock,1,7,14:14:33,28.747,28.747,21.0,23.0,-2.0,0
2012,13,maldonado,1,13,14:23:38,22.970,22.97,17.0,20.0,-3.0,0
2012,13,rosberg,1,14,14:25:03,22.346,22.346,13.0,18.0,-5.0,0
2012,13,michael_schumacher,1,15,14:26:24,22.247,22.247,6.0,15.0,-9.0,0
2012,13,raikkonen,1,17,14:29:28,21.730,21.73,6.0,14.0,-8.0,0
2012,13,kovalainen,1,17,14:29:51,22.737,22.737,16.0,20.0,-4.0,0
2012,13,pic,1,18,14:31:32,24.039,24.039,19.0,22.0,-3.0,0
2012,13,massa,1,19,14:32:19,22.161,22.161,2.0,8.0,-6.0,0
2012,13,petrov,1,19,14:32:59,22.182,22.182,16.0,20.0,-4.0,0
2012,13,vettel,1,20,14:33:51,22.303,22.303,3.0,6.0,-3.0,0
2012,13,alonso,1,20,14:33:52,21.515,21.515,4.0,7.0,-3.0,0
2012,13,kobayashi,1,20,14:34:08,22.874,22.874,8.0,16.0,-8.0,0
2012,13,webber,1,21,14:35:36,21.556,21.556,6.0,13.0,-7.0,0
2012,13,resta,1,21,14:35:39,22.190,22.19,7.0,15.0,-8.0,0
2012,13,button,1,22,14:36:49,23.375,23.375,2.0,3.0,-1.0,0
2012,13,rosa,1,22,14:38:04,23.488,23.488,21.0,22.0,-1.0,0
2012,13,hamilton,1,23,14:38:13,20.736,20.736,1.0,2.0,-1.0,0
2012,13,karthikeyan,1,23,14:39:30,31.745,31.745,20.0,23.0,-3.0,0
2012,13,ricciardo,1,24,14:40:19,21.720,21.72,8.0,16.0,-8.0,0
2012,13,bruno_senna,1,24,14:40:20,22.985,22.985,7.0,17.0,-10.0,0
2012,13,hulkenberg,1,27,14:44:55,22.746,22.746,9.0,16.0,-7.0,0
2012,13,ambrosio,1,27,14:45:12,21.962,21.962,15.0,19.0,-4.0,0
2012,13,perez,1,29,14:47:32,22.472,22.472,1.0,8.0,-7.0,0
2012,13,glock,2,32,14:53:27,22.581,22.581,21.0,20.0,1.0,1
2012,13,vettel,2,34,14:55:13,15.008,15.008,4.0,9.0,-5.0,0
2012,13,maldonado,2,35,14:57:05,21.814,21.814,12.0,15.0,-3.0,0
2012,13,pic,2,35,14:57:49,22.046,22.046,19.0,19.0,0.0,0
2012,13,michael_schumacher,2,37,14:59:46,22.310,22.31,4.0,10.0,-6.0,0
2012,13,rosberg,2,38,15:01:21,21.854,21.854,7.0,12.0,-5.0,0
2012,13,kovalainen,2,39,15:03:38,21.910,21.91,17.0,17.0,0.0,0
2012,13,petrov,2,40,15:05:10,22.811,22.811,17.0,18.0,-1.0,0
2012,14,webber,1,8,20:19:35,29.333,29.333,7.0,17.0,-10.0,0
2012,14,vettel,1,10,20:23:17,29.117,29.117,2.0,8.0,-6.0,0
2012,14,bruno_senna,1,10,20:23:50,30.317,30.317,15.0,20.0,-5.0,0
2012,14,alonso,1,11,20:25:22,29.557,29.557,5.0,8.0,-3.0,0
2012,14,michael_schumacher,1,11,20:25:39,30.879,30.879,9.0,14.0,-5.0,0
2012,14,ricciardo,1,11,20:25:50,30.992,30.992,14.0,20.0,-6.0,0
2012,14,hamilton,1,12,20:27:09,29.124,29.124,1.0,2.0,-1.0,0
2012,14,resta,1,12,20:27:23,31.026,31.026,4.0,9.0,-5.0,0
2012,14,rosberg,1,12,20:27:30,29.546,29.546,7.0,11.0,-4.0,0
2012,14,vergne,1,12,20:27:44,30.499,30.499,12.0,17.0,-5.0,0
2012,14,kovalainen,1,12,20:27:55,30.440,30.44,14.0,20.0,-6.0,0
2012,14,maldonado,1,13,20:29:11,30.234,30.234,2.0,4.0,-2.0,0
2012,14,raikkonen,1,13,20:29:37,29.669,29.669,6.0,13.0,-7.0,0
2012,14,glock,1,13,20:30:01,30.977,30.977,15.0,24.0,-9.0,0
2012,14,button,1,14,20:31:06,30.019,30.019,1.0,3.0,-2.0,0
2012,14,grosjean,1,14,20:31:24,32.080,32.08,3.0,11.0,-8.0,0
2012,14,kobayashi,1,14,20:31:56,30.693,30.693,12.0,21.0,-9.0,0
2012,14,pic,1,16,20:36:09,30.647,30.647,16.0,23.0,-7.0,0
2012,14,hulkenberg,1,18,20:39:33,30.363,30.363,6.0,14.0,-8.0,0
2012,14,perez,1,18,20:39:37,30.043,30.043,8.0,16.0,-8.0,0
2012,14,rosa,1,18,20:40:26,33.042,33.042,20.0,22.0,-2.0,0
2012,14,petrov,2,18,20:40:30,30.341,30.341,22.0,23.0,-1.0,0
2012,14,massa,2,19,20:42:14,29.403,29.403,18.0,21.0,-3.0,0
2012,14,karthikeyan,1,19,20:42:28,32.436,32.436,20.0,24.0,-4.0,0
2012,14,vergne,2,24,20:51:30,29.898,29.898,12.0,14.0,-2.0,0
2012,14,bruno_senna,2,25,20:53:24,30.828,30.828,11.0,15.0,-4.0,0
2012,14,glock,2,25,20:54:19,32.015,32.015,19.0,20.0,-1.0,0
2012,14,kovalainen,2,26,20:55:51,30.099,30.099,15.0,18.0,-3.0,0
2012,14,webber,2,28,20:58:56,29.304,29.304,6.0,11.0,-5.0,0
2012,14,maldonado,2,29,21:00:34,30.540,30.54,3.0,6.0,-3.0,0
2012,14,alonso,2,29,21:00:36,29.190,29.19,4.0,7.0,-3.0,0
2012,14,kobayashi,2,30,21:03:49,30.842,30.842,16.0,18.0,-2.0,0
2012,14,petrov,3,30,21:04:39,30.405,30.405,21.0,21.0,0.0,0
2012,14,rosa,2,30,21:05:01,32.625,32.625,22.0,22.0,0.0,0
2012,14,ricciardo,2,31,21:05:16,29.789,29.789,12.0,15.0,-3.0,0
2012,14,raikkonen,2,32,21:07:02,29.370,29.37,9.0,13.0,-4.0,0
2012,14,vettel,2,33,21:08:19,31.137,31.137,1.0,1.0,0.0,0
2012,14,button,2,33,21:08:25,29.662,29.662,2.0,2.0,0.0,0
2012,14,pic,2,32,21:08:32,30.834,30.834,19.0,20.0,-1.0,0
2012,14,resta,2,33,21:08:49,30.029,30.029,3.0,4.0,-1.0,0
2012,14,rosberg,2,33,21:09:07,29.687,29.687,4.0,8.0,-4.0,0
2012,14,grosjean,2,33,21:09:08,31.753,31.753,5.0,9.0,-4.0,0
2012,14,maldonado,3,33,21:09:10,30.981,30.981,6.0,10.0,-4.0,0
2012,14,michael_schumacher,2,33,21:09:20,30.338,30.338,8.0,12.0,-4.0,0
2012,14,bruno_senna,3,33,21:09:41,30.684,30.684,14.0,15.0,-1.0,0
2012,14,massa,3,33,21:10:02,29.455,29.455,15.0,17.0,-2.0,0
2012,14,webber,3,40,21:26:54,29.348,29.348,5.0,15.0,-10.0,0
2012,14,hulkenberg,2,40,21:26:54,30.613,30.613,6.0,16.0,-10.0,0
2012,14,perez,2,40,21:26:57,30.217,30.217,9.0,17.0,-8.0,0
2012,14,petrov,4,40,21:27:04,41.154,41.154,18.0,19.0,-1.0,0
2012,14,rosa,3,40,21:27:06,44.101,44.101,19.0,18.0,1.0,1
2012,14,kovalainen,3,45,21:38:17,30.232,30.232,15.0,18.0,-3.0,0
2012,14,kobayashi,3,50,21:48:02,36.146,36.146,11.0,17.0,-6.0,0
2012,14,hulkenberg,3,50,21:48:19,34.601,34.601,13.0,18.0,-5.0,0
2012,15,grosjean,2,7,15:16:52,29.793,29.793,18.0,22.0,-4.0,0
2012,15,button,1,13,15:26:28,20.233,20.233,3.0,8.0,-5.0,0
2012,15,raikkonen,1,13,15:26:35,20.901,20.901,5.0,9.0,-4.0,0
2012,15,hulkenberg,1,13,15:26:38,21.007,21.007,8.0,12.0,-4.0,0
2012,15,resta,1,13,15:26:54,21.063,21.063,13.0,17.0,-4.0,0
2012,15,kobayashi,1,14,15:28:06,20.783,20.783,2.0,6.0,-4.0,0
2012,15,pic,1,14,15:29:02,21.343,21.343,21.0,21.0,0.0,0
2012,15,perez,1,15,15:29:58,21.273,21.273,4.0,8.0,-4.0,0
2012,15,karthikeyan,1,15,15:30:44,23.227,23.227,20.0,22.0,-2.0,0
2012,15,hamilton,1,16,15:31:39,21.148,21.148,3.0,6.0,-3.0,0
2012,15,maldonado,1,16,15:31:44,21.361,21.361,5.0,9.0,-4.0,0
2012,15,bruno_senna,2,16,15:32:04,21.538,21.538,14.0,17.0,-3.0,0
2012,15,vettel,1,17,15:32:58,20.508,20.508,1.0,1.0,0.0,0
2012,15,massa,1,17,15:33:08,20.936,20.936,2.0,2.0,0.0,0
2012,15,ricciardo,1,17,15:33:31,21.944,21.944,5.0,10.0,-5.0,0
2012,15,michael_schumacher,1,17,15:33:45,20.643,20.643,13.0,13.0,0.0,0
2012,15,rosa,1,17,15:34:08,26.287,26.287,18.0,21.0,-3.0,0
2012,15,kovalainen,1,18,15:35:26,22.816,22.816,10.0,15.0,-5.0,0
2012,15,vergne,1,18,15:35:28,22.528,22.528,11.0,17.0,-6.0,0
2012,15,petrov,1,19,15:37:33,21.368,21.368,18.0,19.0,-1.0,0
2012,15,glock,1,20,15:39:00,20.662,20.662,11.0,17.0,-6.0,0
2012,15,bruno_senna,3,21,15:40:44,14.608,14.608,14.0,15.0,-1.0,0
2012,15,grosjean,3,22,15:42:35,21.143,21.143,15.0,18.0,-3.0,0
2012,15,webber,2,26,15:48:48,20.691,20.691,9.0,12.0,-3.0,0
2012,15,raikkonen,2,30,15:55:12,21.222,21.222,5.0,8.0,-3.0,0
2012,15,kobayashi,2,31,15:56:42,20.762,20.762,3.0,5.0,-2.0,0
2012,15,hamilton,2,31,15:56:51,19.794,19.794,5.0,7.0,-2.0,0
2012,15,hulkenberg,2,31,15:56:55,21.688,21.688,7.0,9.0,-2.0,0
2012,15,pic,2,31,15:58:08,42.505,42.505,18.0,20.0,-2.0,0
2012,15,resta,2,32,15:59:02,21.344,21.344,11.0,14.0,-3.0,0
2012,15,maldonado,2,33,16:00:13,21.118,21.118,4.0,8.0,-4.0,0
2012,15,ricciardo,2,34,16:02:03,21.516,21.516,6.0,11.0,-5.0,0
2012,15,bruno_senna,4,34,16:02:29,21.520,21.52,13.0,15.0,-2.0,0
2012,15,button,2,35,16:03:20,21.099,21.099,3.0,4.0,-1.0,0
2012,15,vergne,2,35,16:04:02,21.431,21.431,12.0,13.0,-1.0,0
2012,15,massa,2,36,16:04:50,20.778,20.778,2.0,2.0,0.0,0
2012,15,michael_schumacher,2,36,16:05:33,20.379,20.379,9.0,11.0,-2.0,0
2012,15,vettel,2,37,16:06:11,20.346,20.346,1.0,1.0,0.0,0
2012,15,rosa,2,36,16:06:51,22.487,22.487,19.0,19.0,0.0,0
2012,15,glock,2,40,16:12:57,21.520,21.52,17.0,17.0,0.0,0
2012,15,kovalainen,2,41,16:14:28,22.678,22.678,16.0,16.0,0.0,0
2012,15,petrov,2,42,16:16:46,21.367,21.367,18.0,18.0,0.0,0
2012,15,petrov,3,48,16:27:04,14.250,14.25,18.0,18.0,0.0,0
2012,16,kobayashi,2,7,15:17:22,13.986,13.986,22.0,22.0,0.0,0
2012,16,hamilton,1,13,15:26:44,19.638,19.638,4.0,5.0,-1.0,0
2012,16,hulkenberg,1,13,15:26:59,22.125,22.125,7.0,10.0,-3.0,0
2012,16,grosjean,1,13,15:27:00,21.681,21.681,8.0,11.0,-3.0,0
2012,16,michael_schumacher,1,13,15:27:06,20.087,20.087,10.0,12.0,-2.0,0
2012,16,vergne,1,13,15:27:09,20.865,20.865,12.0,14.0,-2.0,0
2012,16,kovalainen,1,13,15:27:25,21.896,21.896,16.0,17.0,-1.0,0
2012,16,webber,1,14,15:28:25,19.811,19.811,2.0,2.0,0.0,0
2012,16,massa,1,14,15:28:32,20.607,20.607,4.0,6.0,-2.0,0
2012,16,raikkonen,1,14,15:28:33,20.211,20.211,5.0,7.0,-2.0,0
2012,16,ricciardo,1,14,15:28:56,20.151,20.151,11.0,12.0,-1.0,0
2012,16,bruno_senna,1,14,15:28:57,21.886,21.886,12.0,15.0,-3.0,0
2012,16,petrov,1,14,15:29:17,22.278,22.278,16.0,18.0,-2.0,0
2012,16,glock,1,14,15:29:19,22.334,22.334,17.0,19.0,-2.0,0
2012,16,vettel,1,15,15:30:06,19.830,19.83,1.0,1.0,0.0,0
2012,16,alonso,1,15,15:30:13,19.930,19.93,2.0,3.0,-1.0,0
2012,16,resta,1,15,15:30:41,20.805,20.805,8.0,13.0,-5.0,0
2012,16,pic,1,17,15:35:01,21.302,21.302,17.0,19.0,-2.0,0
2012,16,perez,1,18,15:35:58,24.408,24.408,6.0,14.0,-8.0,0
2012,16,karthikeyan,1,18,15:37:11,22.749,22.749,20.0,20.0,0.0,0
2012,16,maldonado,1,21,15:41:35,21.137,21.137,9.0,15.0,-6.0,0
2012,16,hamilton,2,26,15:50:01,20.777,20.777,5.0,8.0,-3.0,0
2012,16,resta,2,28,15:54:05,20.218,20.218,12.0,15.0,-3.0,0
2012,16,grosjean,2,31,15:59:00,20.935,20.935,7.0,9.0,-2.0,0
2012,16,glock,2,31,16:00:08,20.494,20.494,18.0,18.0,0.0,0
2012,16,webber,2,32,16:00:11,19.616,19.616,2.0,5.0,-3.0,0
2012,16,hulkenberg,2,32,16:00:43,20.982,20.982,6.0,10.0,-4.0,0
2012,16,michael_schumacher,2,32,16:01:04,20.276,20.276,11.0,11.0,0.0,0
2012,16,bruno_senna,2,32,16:01:12,22.813,22.813,13.0,15.0,-2.0,0
2012,16,petrov,2,32,16:01:49,21.581,21.581,17.0,16.0,1.0,1
2012,16,perez,2,33,16:02:54,20.767,20.767,12.0,13.0,-1.0,0
2012,16,kovalainen,2,33,16:03:37,21.489,21.489,16.0,17.0,-1.0,0
2012,16,alonso,2,34,16:03:41,20.090,20.09,2.0,3.0,-1.0,0
2012,16,ricciardo,2,34,16:04:24,20.804,20.804,7.0,10.0,-3.0,0
2012,16,vettel,2,35,16:05:18,19.801,19.801,1.0,1.0,0.0,0
2012,16,massa,2,35,16:05:28,20.855,20.855,2.0,4.0,-2.0,0
2012,16,raikkonen,2,35,16:05:40,21.012,21.012,4.0,5.0,-1.0,0
2012,16,pic,2,34,16:06:00,22.019,22.019,19.0,19.0,0.0,0
2012,16,vergne,2,38,16:11:27,21.188,21.188,7.0,10.0,-3.0,0
2012,16,hamilton,3,42,16:18:28,19.447,19.447,7.0,10.0,-3.0,0
2012,17,perez,1,14,15:25:19,21.336,21.336,8.0,16.0,-8.0,0
2012,17,button,1,25,15:42:00,21.509,21.509,5.0,9.0,-4.0,0
2012,17,bruno_senna,1,26,15:43:56,22.047,22.047,11.0,14.0,-3.0,0
2012,17,karthikeyan,1,26,15:45:08,24.544,24.544,22.0,23.0,-1.0,0
2012,17,raikkonen,1,27,15:45:09,21.404,21.404,6.0,8.0,-2.0,0
2012,17,rosberg,1,27,15:45:26,21.490,21.49,10.0,10.0,0.0,0
2012,17,maldonado,1,27,15:45:28,22.003,22.003,11.0,12.0,-1.0,0
2012,17,ricciardo,1,27,15:45:46,22.637,22.637,14.0,17.0,-3.0,0
2012,17,massa,1,28,15:46:40,21.100,21.1,5.0,7.0,-2.0,0
2012,17,hulkenberg,1,28,15:46:47,21.654,21.654,7.0,9.0,-2.0,0
2012,17,resta,1,28,15:47:07,23.948,23.948,12.0,14.0,-2.0,0
2012,17,pic,1,28,15:47:38,22.692,22.692,18.0,20.0,-2.0,0
2012,17,alonso,1,29,15:47:52,20.800,20.8,3.0,4.0,-1.0,0
2012,17,webber,1,30,15:49:21,20.808,20.808,2.0,3.0,-1.0,0
2012,17,maldonado,2,30,15:50:59,28.053,28.053,12.0,22.0,-10.0,0
2012,17,petrov,1,31,15:52:12,22.445,22.445,15.0,17.0,-2.0,0
2012,17,glock,1,31,15:52:31,27.303,27.303,18.0,21.0,-3.0,0
2012,17,hamilton,1,32,15:52:33,20.852,20.852,2.0,4.0,-2.0,0
2012,17,kovalainen,1,32,15:53:40,22.967,22.967,13.0,15.0,-2.0,0
2012,17,vettel,1,33,15:53:43,20.707,20.707,1.0,1.0,0.0,0
2012,17,rosa,1,32,15:54:30,23.830,23.83,20.0,22.0,-2.0,0
2012,17,vergne,2,33,15:55:26,21.658,21.658,16.0,17.0,-1.0,0
2012,17,michael_schumacher,2,33,15:56:04,21.322,21.322,19.0,21.0,-2.0,0
2012,17,grosjean,1,36,15:59:04,20.976,20.976,5.0,9.0,-4.0,0
2012,17,kobayashi,1,36,15:59:41,22.726,22.726,11.0,14.0,-3.0,0
2012,18,vergne,1,9,17:20:35,20.319,20.319,12.0,15.0,-3.0,0
2012,18,grosjean,2,9,17:21:21,21.017,21.017,20.0,20.0,0.0,0
2012,18,resta,2,9,17:21:58,19.829,19.829,21.0,21.0,0.0,0
2012,18,vettel,1,13,17:31:03,24.962,24.962,12.0,19.0,-7.0,0
2012,18,kobayashi,1,25,17:53:36,19.529,19.529,8.0,14.0,-6.0,0
2012,18,massa,1,26,17:55:31,19.585,19.585,6.0,15.0,-9.0,0
2012,18,ricciardo,1,26,17:55:32,20.122,20.122,11.0,16.0,-5.0,0
2012,18,pic,1,26,17:55:56,21.941,21.941,19.0,20.0,-1.0,0
2012,18,michael_schumacher,1,27,17:57:17,19.701,19.701,8.0,13.0,-5.0,0
2012,18,glock,1,27,17:57:44,19.884,19.884,17.0,17.0,0.0,0
2012,18,petrov,1,27,17:57:47,20.769,20.769,18.0,18.0,0.0,0
2012,18,alonso,1,28,17:58:45,19.368,19.368,2.0,5.0,-3.0,0
2012,18,kovalainen,1,28,17:59:21,23.032,23.032,13.0,16.0,-3.0,0
2012,18,rosa,1,28,17:59:46,22.272,22.272,19.0,20.0,-1.0,0
2012,18,button,1,29,18:00:35,19.455,19.455,3.0,4.0,-1.0,0
2012,18,maldonado,1,29,18:00:45,20.723,20.723,4.0,11.0,-7.0,0
2012,18,perez,1,30,18:02:32,19.486,19.486,3.0,9.0,-6.0,0
2012,18,webber,1,30,18:02:33,19.066,19.066,4.0,10.0,-6.0,0
2012,18,raikkonen,1,31,18:03:59,20.278,20.278,1.0,1.0,0.0,0
2012,18,bruno_senna,1,32,18:06:19,22.587,22.587,5.0,13.0,-8.0,0
2012,18,vergne,2,33,18:08:11,19.885,19.885,6.0,14.0,-8.0,0
2012,18,vettel,2,37,18:15:02,19.918,19.918,2.0,4.0,-2.0,0
2012,18,perez,2,38,18:17:35,33.431,33.431,7.0,14.0,-7.0,0
2012,18,ricciardo,2,38,18:17:36,21.231,21.231,15.0,12.0,3.0,1
2012,18,resta,3,39,18:19:26,20.265,20.265,5.0,11.0,-6.0,0
2012,18,michael_schumacher,2,41,18:24:11,21.270,21.27,7.0,14.0,-7.0,0
2012,18,perez,3,44,18:30:24,26.858,26.858,12.0,17.0,-5.0,0
2012,19,grosjean,1,9,13:19:50,21.190,21.19,13.0,22.0,-9.0,0
2012,19,kobayashi,1,13,13:26:55,24.079,24.079,17.0,21.0,-4.0,0
2012,19,michael_schumacher,1,14,13:28:39,22.263,22.263,14.0,19.0,-5.0,0
2012,19,hulkenberg,1,17,13:33:38,22.099,22.099,7.0,13.0,-6.0,0
2012,19,hamilton,1,20,13:38:21,20.814,20.814,2.0,3.0,-1.0,0
2012,19,alonso,1,20,13:38:33,24.439,24.439,3.0,5.0,-2.0,0
2012,19,bruno_senna,1,20,13:38:57,22.143,22.143,8.0,12.0,-4.0,0
2012,19,vettel,1,21,13:40:02,20.904,20.904,1.0,1.0,0.0,0
2012,19,resta,1,21,13:40:40,22.498,22.498,6.0,12.0,-6.0,0
2012,19,maldonado,1,21,13:40:43,22.342,22.342,11.0,13.0,-2.0,0
2012,19,kovalainen,1,21,13:41:14,22.713,22.713,16.0,19.0,-3.0,0
2012,19,glock,1,21,13:41:15,23.092,23.092,17.0,20.0,-3.0,0
2012,19,perez,1,22,13:42:28,22.079,22.079,8.0,14.0,-6.0,0
2012,19,petrov,1,23,13:44:41,22.762,22.762,15.0,18.0,-3.0,0
2012,19,raikkonen,1,24,13:45:33,24.840,24.84,2.0,7.0,-5.0,0
2012,19,rosa,1,24,13:47:04,24.798,24.798,21.0,21.0,0.0,0
2012,19,karthikeyan,1,25,13:48:53,24.497,24.497,22.0,22.0,0.0,0
2012,19,massa,1,26,13:49:03,21.520,21.52,3.0,7.0,-4.0,0
2012,19,pic,1,26,13:50:13,22.379,22.379,17.0,20.0,-3.0,0
2012,19,ricciardo,1,30,13:56:20,22.651,22.651,5.0,13.0,-8.0,0
2012,19,resta,2,30,13:56:45,22.444,22.444,14.0,16.0,-2.0,0
2012,19,rosberg,1,34,14:03:17,21.346,21.346,8.0,13.0,-5.0,0
2012,19,button,1,35,14:04:36,21.445,21.445,3.0,7.0,-4.0,0
2012,19,michael_schumacher,2,39,14:12:20,21.297,21.297,14.0,16.0,-2.0,0
2012,20,raikkonen,1,5,14:10:08,21.541,21.541,8.0,19.0,-11.0,0
2012,20,michael_schumacher,1,5,14:10:23,25.980,25.98,11.0,20.0,-9.0,0
2012,20,kobayashi,1,8,14:14:32,27.266,27.266,6.0,16.0,-10.0,0
2012,20,michael_schumacher,2,8,14:15:29,22.486,22.486,20.0,20.0,0.0,0
2012,20,rosberg,1,9,14:16:06,23.018,23.018,8.0,14.0,-6.0,0
2012,20,ricciardo,1,9,14:16:07,22.838,22.838,9.0,18.0,-9.0,0
2012,20,webber,1,9,14:16:09,23.127,23.127,17.0,16.0,1.0,1
2012,20,hamilton,1,10,14:17:17,24.410,24.41,2.0,3.0,-1.0,0
2012,20,alonso,1,10,14:17:29,22.472,22.472,4.0,9.0,-5.0,0
2012,20,vettel,1,10,14:17:36,20.997,20.997,6.0,14.0,-8.0,0
2012,20,resta,1,10,14:17:37,28.336,28.336,7.0,19.0,-12.0,0
2012,20,karthikeyan,1,13,14:22:30,27.113,27.113,16.0,17.0,-1.0,0
2012,20,pic,1,13,14:22:37,24.427,24.427,11.0,18.0,-7.0,0
2012,20,glock,1,14,14:23:56,23.251,23.251,7.0,12.0,-5.0,0
2012,20,petrov,1,14,14:23:58,23.031,23.031,10.0,13.0,-3.0,0
2012,20,rosa,1,14,14:24:13,25.787,25.787,16.0,19.0,-3.0,0
2012,20,massa,1,15,14:25:26,22.596,22.596,5.0,13.0,-8.0,0
2012,20,vergne,1,15,14:25:27,22.362,22.362,6.0,14.0,-8.0,0
2012,20,kovalainen,1,15,14:25:33,23.429,23.429,11.0,16.0,-5.0,0
2012,20,michael_schumacher,3,17,14:29:13,22.243,22.243,20.0,20.0,0.0,0
2012,20,hamilton,2,18,14:29:24,21.606,21.606,3.0,3.0,0.0,0
2012,20,kobayashi,2,18,14:29:44,24.254,24.254,6.0,6.0,0.0,0
2012,20,resta,2,18,14:29:55,21.364,21.364,9.0,8.0,1.0,1
2012,20,vettel,2,19,14:31:08,22.016,22.016,4.0,5.0,-1.0,0
2012,20,webber,2,19,14:31:16,21.232,21.232,6.0,7.0,-1.0,0
2012,20,ricciardo,2,19,14:31:25,21.182,21.182,8.0,9.0,-1.0,0
2012,20,raikkonen,2,19,14:31:26,22.731,22.731,9.0,10.0,-1.0,0
2012,20,massa,2,19,14:31:32,21.680,21.68,12.0,11.0,1.0,1
2012,20,glock,2,19,14:31:36,21.442,21.442,13.0,12.0,1.0,1
2012,20,petrov,2,19,14:31:43,27.452,27.452,15.0,14.0,1.0,1
2012,20,kovalainen,2,19,14:31:46,38.291,38.291,16.0,16.0,0.0,0
2012,20,rosa,2,19,14:32:05,26.573,26.573,19.0,18.0,1.0,1
2012,20,vergne,2,20,14:33:06,21.302,21.302,11.0,13.0,-2.0,0
2012,20,pic,2,20,14:33:27,22.746,22.746,17.0,17.0,0.0,0
2012,20,karthikeyan,2,20,14:33:37,26.739,26.739,18.0,19.0,-1.0,0
2012,20,rosberg,3,20,14:33:42,24.262,24.262,14.0,20.0,-6.0,0
2012,20,hulkenberg,1,23,14:35:55,21.347,21.347,1.0,1.0,0.0,0
2012,20,button,1,23,14:35:56,21.550,21.55,2.0,2.0,0.0,0
2012,20,vergne,3,29,14:48:26,25.976,25.976,13.0,20.0,-7.0,0
2012,20,glock,3,31,14:51:14,23.544,23.544,11.0,20.0,-9.0,0
2012,20,kovalainen,3,37,14:59:15,22.721,22.721,15.0,19.0,-4.0,0
2012,20,rosberg,4,50,15:17:16,31.768,31.768,16.0,18.0,-2.0,0
2012,20,rosa,3,50,15:17:24,25.375,25.375,19.0,19.0,0.0,0
2012,20,ricciardo,3,51,15:18:04,21.444,21.444,9.0,13.0,-4.0,0
2012,20,karthikeyan,3,51,15:19:00,23.625,23.625,20.0,20.0,0.0,0
2012,20,raikkonen,3,53,15:21:39,32.309,32.309,14.0,16.0,-2.0,0
2012,20,kobayashi,3,54,15:22:32,32.823,32.823,6.0,10.0,-4.0,0
2012,20,michael_schumacher,4,54,15:22:33,21.827,21.827,9.0,7.0,2.0,1
2012,20,vettel,4,54,15:22:38,28.932,28.932,10.0,9.0,1.0,1
2012,20,petrov,3,54,15:23:17,22.702,22.702,16.0,14.0,2.0,1
2012,20,massa,3,55,15:23:33,22.427,22.427,5.0,3.0,2.0,1
2012,20,webber,3,55,15:23:53,21.006,21.006,6.0,5.0,1.0,1
2012,20,pic,3,55,15:24:35,23.082,23.082,12.0,11.0,1.0,1
2012,20,alonso,3,56,15:25:03,21.862,21.862,3.0,3.0,0.0,0
2012,20,vergne,4,56,15:25:47,22.061,22.061,7.0,9.0,-2.0,0
2012,20,rosa,4,55,15:25:57,24.510,24.51,19.0,18.0,1.0,1
2012,20,ricciardo,4,56,15:26:13,22.923,22.923,11.0,13.0,-2.0,0
2012,20,button,2,57,15:26:15,21.456,21.456,1.0,1.0,0.0,0
2012,20,karthikeyan,4,55,15:26:24,27.480,27.48,20.0,19.0,1.0,1
2012,20,hulkenberg,2,57,15:26:30,22.250,22.25,2.0,5.0,-3.0,0
2012,20,kovalainen,4,56,15:26:34,23.002,23.002,13.0,16.0,-3.0,0
2012,20,glock,4,56,15:26:40,24.816,24.816,14.0,17.0,-3.0,0
2012,20,resta,3,57,15:27:15,22.389,22.389,5.0,10.0,-5.0,0
2012,20,kovalainen,5,59,15:31:24,21.849,21.849,16.0,17.0,-1.0,0
2012,20,ricciardo,5,61,15:33:59,21.973,21.973,12.0,14.0,-2.0,0
2013,1,button,1,4,17:09:54,22.282,22.282,9.0,15.0,-6.0,0
2013,1,webber,1,5,17:11:28,24.240,24.24,7.0,15.0,-8.0,0
2013,1,grosjean,1,5,17:11:33,22.239,22.239,10.0,16.0,-6.0,0
2013,1,gutierrez,1,5,17:11:35,22.316,22.316,13.0,18.0,-5.0,0
2013,1,bottas,1,6,17:13:14,23.528,23.528,12.0,18.0,-6.0,0
2013,1,chilton,1,6,17:13:26,36.564,36.564,16.0,21.0,-5.0,0
2013,1,vettel,1,7,17:14:25,21.807,21.807,1.0,6.0,-5.0,0
2013,1,garde,1,7,17:15:07,24.104,24.104,14.0,19.0,-5.0,0
2013,1,massa,1,8,17:16:00,21.754,21.754,1.0,6.0,-5.0,0
2013,1,resta,1,8,17:16:13,23.010,23.01,6.0,12.0,-6.0,0
2013,1,pic,1,8,17:16:47,23.394,23.394,17.0,20.0,-3.0,0
2013,1,alonso,1,9,17:17:35,21.792,21.792,1.0,7.0,-6.0,0
2013,1,raikkonen,1,9,17:17:36,22.709,22.709,2.0,8.0,-6.0,0
2013,1,vergne,1,9,17:17:54,23.074,23.074,8.0,15.0,-7.0,0
2013,1,jules_bianchi,1,9,17:18:08,23.371,23.371,12.0,18.0,-6.0,0
2013,1,maldonado,1,10,17:19:36,23.099,23.099,9.0,17.0,-8.0,0
2013,1,hamilton,1,13,17:23:56,22.155,22.155,1.0,7.0,-6.0,0
2013,1,rosberg,1,14,17:25:35,22.274,22.274,1.0,7.0,-6.0,0
2013,1,ricciardo,1,15,17:27:32,23.435,23.435,9.0,17.0,-8.0,0
2013,1,perez,1,16,17:29:00,23.677,23.677,6.0,12.0,-6.0,0
2013,1,garde,2,16,17:29:58,23.834,23.834,20.0,21.0,-1.0,0
2013,1,webber,2,18,17:32:17,21.717,21.717,9.0,13.0,-4.0,0
2013,1,grosjean,2,19,17:33:53,22.133,22.133,10.0,17.0,-7.0,0
2013,1,chilton,2,19,17:34:48,30.838,30.838,20.0,21.0,-1.0,0
2013,1,alonso,2,20,17:35:01,21.606,21.606,4.0,5.0,-1.0,0
2013,1,button,2,20,17:35:24,23.571,23.571,8.0,15.0,-7.0,0
2013,1,sutil,1,21,17:36:31,22.693,22.693,1.0,7.0,-6.0,0
2013,1,vettel,2,21,17:36:32,22.704,22.704,2.0,6.0,-4.0,0
2013,1,massa,2,23,17:39:40,21.511,21.511,1.0,7.0,-6.0,0
2013,1,perez,2,23,17:40:25,22.004,22.004,11.0,16.0,-5.0,0
2013,1,vergne,2,24,17:41:44,24.688,24.688,9.0,14.0,-5.0,0
2013,1,bottas,2,24,17:42:08,23.215,23.215,15.0,17.0,-2.0,0
2013,1,gutierrez,2,27,17:46:47,22.315,22.315,12.0,15.0,-3.0,0
2013,1,jules_bianchi,2,27,17:47:07,23.387,23.387,16.0,17.0,-1.0,0
2013,1,ricciardo,2,30,17:51:27,24.177,24.177,9.0,13.0,-4.0,0
2013,1,hamilton,2,31,17:52:21,22.015,22.015,2.0,6.0,-4.0,0
2013,1,resta,2,33,17:55:48,23.051,23.051,6.0,11.0,-5.0,0
2013,1,raikkonen,2,34,17:56:41,22.181,22.181,1.0,4.0,-3.0,0
2013,1,pic,2,33,17:57:12,23.509,23.509,17.0,17.0,0.0,0
2013,1,garde,3,34,17:59:22,23.917,23.917,18.0,18.0,0.0,0
2013,1,chilton,3,34,17:59:26,22.948,22.948,19.0,19.0,0.0,0
2013,1,massa,3,36,18:00:04,21.509,21.509,4.0,6.0,-2.0,0
2013,1,vettel,3,37,18:01:32,21.596,21.596,2.0,5.0,-3.0,0
2013,1,button,3,37,18:02:18,21.538,21.538,8.0,12.0,-4.0,0
2013,1,grosjean,3,37,18:02:19,22.534,22.534,9.0,13.0,-4.0,0
2013,1,webber,3,38,18:03:34,21.515,21.515,7.0,9.0,-2.0,0
2013,1,alonso,3,39,18:04:29,21.704,21.704,1.0,3.0,-2.0,0
2013,1,bottas,3,40,18:07:27,24.060,24.06,14.0,14.0,0.0,0
2013,1,perez,3,41,18:08:37,21.705,21.705,10.0,12.0,-2.0,0
2013,1,hamilton,3,42,18:09:35,21.778,21.778,6.0,6.0,0.0,0
2013,1,vergne,3,44,18:13:03,23.160,23.16,7.0,11.0,-4.0,0
2013,1,sutil,2,46,18:15:28,22.749,22.749,2.0,5.0,-3.0,0
2013,1,jules_bianchi,3,50,18:23:42,22.669,22.669,15.0,15.0,0.0,0
2013,2,vettel,1,5,16:13:32,21.135,21.135,1.0,6.0,-5.0,0
2013,2,massa,1,5,16:13:49,22.403,22.403,6.0,12.0,-6.0,0
2013,2,sutil,1,6,16:15:54,37.833,37.833,9.0,15.0,-6.0,0
2013,2,ricciardo,1,6,16:15:56,22.416,22.416,11.0,9.0,2.0,1
2013,2,raikkonen,1,6,16:15:57,25.905,25.905,12.0,11.0,1.0,1
2013,2,resta,1,6,16:15:57,43.713,43.713,13.0,18.0,-5.0,0
2013,2,maldonado,1,6,16:16:01,24.737,24.737,16.0,12.0,4.0,1
2013,2,garde,1,6,16:16:05,23.252,23.252,18.0,14.0,4.0,1
2013,2,jules_bianchi,1,6,16:16:07,26.546,26.546,19.0,16.0,3.0,1
2013,2,bottas,1,6,16:16:09,24.960,24.96,20.0,17.0,3.0,1
2013,2,chilton,1,6,16:16:12,30.365,30.365,21.0,19.0,2.0,1
2013,2,webber,1,7,16:17:26,21.010,21.01,1.0,1.0,0.0,0
2013,2,hamilton,1,7,16:17:30,24.933,24.933,2.0,3.0,-1.0,0
2013,2,button,1,7,16:17:43,22.448,22.448,4.0,5.0,-1.0,0
2013,2,hulkenberg,1,7,16:17:44,22.996,22.996,5.0,6.0,-1.0,0
2013,2,perez,1,7,16:17:51,21.583,21.583,6.0,8.0,-2.0,0
2013,2,grosjean,1,7,16:17:52,22.105,22.105,8.0,9.0,-1.0,0
2013,2,gutierrez,1,7,16:17:55,24.397,24.397,10.0,13.0,-3.0,0
2013,2,vergne,1,7,16:17:57,49.216,49.216,11.0,20.0,-9.0,0
2013,2,pic,1,7,16:18:03,44.428,44.428,15.0,21.0,-6.0,0
2013,2,rosberg,1,8,16:19:28,22.028,22.028,2.0,4.0,-2.0,0
2013,2,maldonado,2,13,16:29:27,32.561,32.561,12.0,21.0,-9.0,0
2013,2,jules_bianchi,2,17,16:36:29,23.755,23.755,17.0,19.0,-2.0,0
2013,2,garde,2,18,16:38:15,22.706,22.706,16.0,19.0,-3.0,0
2013,2,webber,2,19,16:38:48,20.736,20.736,1.0,4.0,-3.0,0
2013,2,ricciardo,2,19,16:39:32,22.388,22.388,11.0,14.0,-3.0,0
2013,2,chilton,2,19,16:40:11,22.668,22.668,18.0,19.0,-1.0,0
2013,2,massa,2,20,16:40:56,21.635,21.635,7.0,7.0,0.0,0
2013,2,grosjean,2,20,16:40:57,21.812,21.812,8.0,8.0,0.0,0
2013,2,pic,2,20,16:41:58,25.015,25.015,17.0,20.0,-3.0,0
2013,2,hamilton,2,21,16:42:22,21.465,21.465,2.0,3.0,-1.0,0
2013,2,button,2,21,16:42:32,21.028,21.028,4.0,5.0,-1.0,0
2013,2,hulkenberg,2,21,16:42:39,21.699,21.699,6.0,8.0,-2.0,0
2013,2,raikkonen,2,21,16:42:42,22.677,22.677,7.0,9.0,-2.0,0
2013,2,vettel,2,22,16:44:00,21.339,21.339,1.0,2.0,-1.0,0
2013,2,rosberg,2,22,16:44:07,21.079,21.079,2.0,4.0,-2.0,0
2013,2,perez,2,22,16:44:32,20.894,20.894,8.0,10.0,-2.0,0
2013,2,sutil,2,22,16:44:43,1:29.401,89.401,9.0,20.0,-11.0,0
2013,2,gutierrez,2,22,16:44:52,22.575,22.575,12.0,12.0,0.0,0
2013,2,bottas,2,22,16:44:54,28.045,28.045,13.0,14.0,-1.0,0
2013,2,vergne,2,26,16:52:14,21.638,21.638,13.0,14.0,-1.0,0
2013,2,garde,3,28,16:56:15,25.118,25.118,17.0,19.0,-2.0,0
2013,2,jules_bianchi,3,29,16:57:51,22.017,22.017,15.0,16.0,-1.0,0
2013,2,hamilton,3,30,16:58:00,21.549,21.549,3.0,4.0,-1.0,0
2013,2,webber,3,31,16:59:38,20.883,20.883,1.0,2.0,-1.0,0
2013,2,rosberg,3,31,16:59:42,22.114,22.114,3.0,5.0,-2.0,0
2013,2,vettel,3,32,17:01:24,21.482,21.482,1.0,4.0,-3.0,0
2013,2,chilton,3,31,17:01:52,22.115,22.115,17.0,19.0,-2.0,0
2013,2,maldonado,3,32,17:03:12,22.703,22.703,15.0,16.0,-1.0,0
2013,2,massa,3,33,17:03:34,21.561,21.561,6.0,7.0,-1.0,0
2013,2,pic,3,32,17:03:34,23.373,23.373,17.0,18.0,-1.0,0
2013,2,perez,3,33,17:03:40,21.338,21.338,10.0,8.0,2.0,1
2013,2,ricciardo,3,33,17:04:13,22.008,22.008,11.0,14.0,-3.0,0
2013,2,hulkenberg,3,34,17:05:21,22.629,22.629,8.0,8.0,0.0,0
2013,2,raikkonen,3,34,17:05:22,21.903,21.903,9.0,9.0,0.0,0
2013,2,button,3,35,17:06:47,1:44.833,104.833,1.0,14.0,-13.0,0
2013,2,grosjean,3,35,17:07:03,22.385,22.385,6.0,6.0,0.0,0
2013,2,gutierrez,3,36,17:09:30,22.394,22.394,11.0,13.0,-2.0,0
2013,2,bottas,3,40,17:16:24,22.937,22.937,10.0,13.0,-3.0,0
2013,2,hamilton,4,41,17:17:00,21.271,21.271,3.0,3.0,0.0,0
2013,2,vettel,4,42,17:18:37,20.757,20.757,2.0,2.0,0.0,0
2013,2,rosberg,4,42,17:18:44,21.202,21.202,3.0,3.0,0.0,0
2013,2,chilton,4,41,17:19:43,22.271,22.271,19.0,19.0,0.0,0
2013,2,webber,4,43,17:20:16,20.767,20.767,1.0,1.0,0.0,0
2013,2,garde,4,42,17:21:22,22.744,22.744,17.0,18.0,-1.0,0
2013,2,vergne,3,43,17:21:38,21.702,21.702,10.0,13.0,-3.0,0
2013,2,jules_bianchi,4,43,17:22:37,22.335,22.335,15.0,16.0,-1.0,0
2013,2,hulkenberg,4,44,17:22:50,23.198,23.198,9.0,9.0,0.0,0
2013,2,pic,4,43,17:23:04,23.844,23.844,17.0,17.0,0.0,0
2013,2,massa,4,47,17:27:39,20.970,20.97,5.0,6.0,-1.0,0
2013,2,gutierrez,4,51,17:35:38,22.542,22.542,10.0,13.0,-3.0,0
2013,2,perez,4,54,17:40:12,21.366,21.366,8.0,9.0,-1.0,0
2013,3,ricciardo,1,4,15:11:03,24.946,24.946,7.0,19.0,-12.0,0
2013,3,hamilton,1,5,15:12:45,20.379,20.379,1.0,11.0,-10.0,0
2013,3,rosberg,1,5,15:12:50,22.299,22.299,6.0,15.0,-9.0,0
2013,3,pic,1,5,15:12:59,21.265,21.265,19.0,18.0,1.0,1
2013,3,alonso,1,6,15:14:28,19.719,19.719,1.0,7.0,-6.0,0
2013,3,raikkonen,1,6,15:14:31,20.753,20.753,3.0,10.0,-7.0,0
2013,3,jules_bianchi,1,6,15:14:46,21.097,21.097,16.0,18.0,-2.0,0
2013,3,garde,1,6,15:14:51,20.905,20.905,17.0,19.0,-2.0,0
2013,3,massa,1,7,15:16:16,20.753,20.753,1.0,11.0,-10.0,0
2013,3,grosjean,1,7,15:16:21,20.083,20.083,5.0,14.0,-9.0,0
2013,3,maldonado,1,7,15:16:30,20.794,20.794,10.0,16.0,-6.0,0
2013,3,chilton,1,7,15:16:42,21.063,21.063,15.0,20.0,-5.0,0
2013,3,vettel,1,14,15:28:27,19.323,19.323,2.0,7.0,-5.0,0
2013,3,hulkenberg,1,14,15:28:27,22.838,22.838,1.0,8.0,-7.0,0
2013,3,resta,1,14,15:28:38,20.598,20.598,6.0,12.0,-6.0,0
2013,3,vergne,1,15,15:30:41,20.977,20.977,10.0,15.0,-5.0,0
2013,3,bottas,1,16,15:32:22,21.614,21.614,11.0,14.0,-3.0,0
2013,3,jules_bianchi,2,16,15:32:43,24.834,24.834,18.0,19.0,-1.0,0
2013,3,pic,2,17,15:34:28,22.183,22.183,15.0,18.0,-3.0,0
2013,3,massa,2,19,15:37:26,20.027,20.027,6.0,11.0,-5.0,0
2013,3,rosberg,2,19,15:37:32,19.894,19.894,9.0,18.0,-9.0,0
2013,3,garde,2,20,15:40:06,20.743,20.743,17.0,18.0,-1.0,0
2013,3,hamilton,2,21,15:40:48,20.584,20.584,3.0,6.0,-3.0,0
2013,3,raikkonen,2,21,15:40:49,20.759,20.759,4.0,7.0,-3.0,0
2013,3,chilton,2,21,15:41:43,25.091,25.091,16.0,17.0,-1.0,0
2013,3,alonso,2,23,15:44:07,20.521,20.521,1.0,3.0,-2.0,0
2013,3,button,1,23,15:44:11,19.898,19.898,2.0,4.0,-2.0,0
2013,3,grosjean,2,23,15:44:31,20.286,20.286,6.0,9.0,-3.0,0
2013,3,ricciardo,2,23,15:44:33,20.303,20.303,7.0,11.0,-4.0,0
2013,3,maldonado,2,23,15:44:50,21.517,21.517,12.0,14.0,-2.0,0
2013,3,perez,1,24,15:46:14,19.969,19.969,5.0,10.0,-5.0,0
2013,3,hulkenberg,2,29,15:54:43,20.327,20.327,3.0,7.0,-4.0,0
2013,3,vettel,2,31,15:58:05,20.084,20.084,2.0,5.0,-3.0,0
2013,3,perez,2,31,15:58:33,20.253,20.253,11.0,13.0,-2.0,0
2013,3,resta,2,32,16:00:08,20.320,20.32,6.0,11.0,-5.0,0
2013,3,jules_bianchi,3,32,16:00:54,20.625,20.625,16.0,15.0,1.0,1
2013,3,pic,3,33,16:02:38,21.294,21.294,15.0,16.0,-1.0,0
2013,3,chilton,3,33,16:02:57,25.151,25.151,17.0,18.0,-1.0,0
2013,3,raikkonen,3,34,16:03:20,20.464,20.464,3.0,6.0,-3.0,0
2013,3,bottas,2,34,16:04:01,22.217,22.217,12.0,14.0,-2.0,0
2013,3,hulkenberg,3,36,16:07:00,19.957,19.957,5.0,9.0,-4.0,0
2013,3,massa,3,36,16:07:01,19.449,19.449,6.0,8.0,-2.0,0
2013,3,hamilton,3,37,16:08:26,19.600,19.6,2.0,5.0,-3.0,0
2013,3,grosjean,3,37,16:08:50,20.109,20.109,9.0,11.0,-2.0,0
2013,3,vergne,2,37,16:09:02,20.235,20.235,11.0,12.0,-1.0,0
2013,3,garde,3,37,16:10:13,21.067,21.067,17.0,18.0,-1.0,0
2013,3,ricciardo,3,38,16:10:28,20.362,20.362,6.0,10.0,-4.0,0
2013,3,maldonado,3,39,16:12:48,20.982,20.982,13.0,14.0,-1.0,0
2013,3,alonso,3,41,16:14:58,21.012,21.012,1.0,1.0,0.0,0
2013,3,vergne,3,43,16:19:28,20.716,20.716,12.0,13.0,-1.0,0
2013,3,button,2,49,16:28:59,19.862,19.862,5.0,6.0,-1.0,0
2013,3,vettel,3,51,16:32:06,20.191,20.191,2.0,4.0,-2.0,0
2013,3,bottas,3,51,16:33:18,21.490,21.49,13.0,14.0,-1.0,0
2013,3,resta,3,53,16:35:54,19.831,19.831,5.0,8.0,-3.0,0
2013,4,garde,1,2,15:08:11,28.344,28.344,18.0,20.0,-2.0,0
2013,4,vergne,1,2,15:09:07,41.485,41.485,16.0,22.0,-6.0,0
2013,4,alonso,1,7,15:16:09,23.055,23.055,2.0,18.0,-16.0,0
2013,4,webber,1,8,15:17:54,21.798,21.798,6.0,10.0,-4.0,0
2013,4,grosjean,1,8,15:17:57,24.605,24.605,10.0,14.0,-4.0,0
2013,4,rosberg,1,9,15:19:37,22.237,22.237,3.0,7.0,-4.0,0
2013,4,button,1,9,15:19:38,23.093,23.093,5.0,8.0,-3.0,0
2013,4,ricciardo,1,9,15:19:48,22.529,22.529,14.0,16.0,-2.0,0
2013,4,jules_bianchi,1,9,15:19:57,24.325,24.325,16.0,18.0,-2.0,0
2013,4,vettel,1,10,15:21:11,21.660,21.66,1.0,3.0,-2.0,0
2013,4,massa,1,10,15:21:20,21.665,21.665,3.0,9.0,-6.0,0
2013,4,perez,1,10,15:21:21,21.471,21.471,4.0,11.0,-7.0,0
2013,4,hamilton,1,10,15:21:24,22.072,22.072,8.0,12.0,-4.0,0
2013,4,maldonado,1,10,15:21:26,23.173,23.173,10.0,13.0,-3.0,0
2013,4,chilton,1,10,15:21:45,22.745,22.745,16.0,19.0,-3.0,0
2013,4,pic,1,11,15:23:21,22.912,22.912,11.0,17.0,-6.0,0
2013,4,hulkenberg,1,12,15:24:51,21.656,21.656,3.0,12.0,-9.0,0
2013,4,bottas,1,13,15:26:40,22.729,22.729,5.0,15.0,-10.0,0
2013,4,resta,1,14,15:28:08,22.009,22.009,1.0,9.0,-8.0,0
2013,4,garde,2,14,15:29:30,22.950,22.95,21.0,21.0,0.0,0
2013,4,raikkonen,1,16,15:31:35,22.715,22.715,2.0,9.0,-7.0,0
2013,4,gutierrez,2,16,15:32:19,21.997,21.997,17.0,19.0,-2.0,0
2013,4,massa,2,17,15:33:34,21.722,21.722,6.0,15.0,-9.0,0
2013,4,sutil,2,18,15:36:08,22.199,22.199,20.0,20.0,0.0,0
2013,4,rosberg,2,20,15:38:32,21.331,21.331,3.0,11.0,-8.0,0
2013,4,perez,2,20,15:38:33,21.161,21.161,6.0,10.0,-4.0,0
2013,4,webber,2,21,15:40:08,21.221,21.221,2.0,6.0,-4.0,0
2013,4,button,2,21,15:40:13,21.894,21.894,3.0,11.0,-8.0,0
2013,4,hamilton,2,22,15:42:02,21.444,21.444,7.0,13.0,-6.0,0
2013,4,jules_bianchi,2,22,15:42:41,23.455,23.455,17.0,18.0,-1.0,0
2013,4,maldonado,2,23,15:43:49,22.220,22.22,7.0,13.0,-6.0,0
2013,4,pic,2,23,15:44:11,22.576,22.576,16.0,16.0,0.0,0
2013,4,chilton,2,23,15:44:27,24.141,24.141,17.0,20.0,-3.0,0
2013,4,alonso,3,24,15:45:32,21.123,21.123,7.0,13.0,-6.0,0
2013,4,vettel,2,25,15:46:35,21.290,21.29,1.0,1.0,0.0,0
2013,4,garde,3,24,15:47:12,22.252,22.252,21.0,21.0,0.0,0
2013,4,ricciardo,2,25,15:47:31,22.028,22.028,14.0,15.0,-1.0,0
2013,4,hulkenberg,2,26,15:48:57,22.400,22.4,7.0,14.0,-7.0,0
2013,4,grosjean,2,27,15:50:20,21.608,21.608,2.0,8.0,-6.0,0
2013,4,massa,3,28,15:52:18,21.569,21.569,9.0,13.0,-4.0,0
2013,4,bottas,2,29,15:54:07,28.408,28.408,11.0,14.0,-3.0,0
2013,4,rosberg,3,33,16:00:40,21.183,21.183,8.0,10.0,-2.0,0
2013,4,gutierrez,3,33,16:01:35,22.438,22.438,18.0,20.0,-2.0,0
2013,4,raikkonen,2,34,16:02:06,21.723,21.723,3.0,7.0,-4.0,0
2013,4,button,3,34,16:02:20,21.696,21.696,5.0,10.0,-5.0,0
2013,4,pic,3,35,16:04:48,23.263,23.263,16.0,17.0,-1.0,0
2013,4,resta,2,36,16:05:30,22.475,22.475,2.0,7.0,-5.0,0
2013,4,massa,4,36,16:06:01,27.757,27.757,9.0,15.0,-6.0,0
2013,4,jules_bianchi,3,36,16:06:51,22.817,22.817,18.0,19.0,-1.0,0
2013,4,webber,3,37,16:07:17,21.031,21.031,3.0,7.0,-4.0,0
2013,4,chilton,3,37,16:08:38,26.004,26.004,19.0,20.0,-1.0,0
2013,4,hamilton,3,38,16:09:03,21.600,21.6,4.0,8.0,-4.0,0
2013,4,perez,3,39,16:10:45,21.319,21.319,4.0,9.0,-5.0,0
2013,4,alonso,4,39,16:10:48,21.189,21.189,6.0,10.0,-4.0,0
2013,4,maldonado,3,39,16:11:04,22.066,22.066,11.0,13.0,-2.0,0
2013,4,garde,4,39,16:13:18,22.380,22.38,21.0,21.0,0.0,0
2013,4,hulkenberg,3,41,16:14:30,22.814,22.814,11.0,14.0,-3.0,0
2013,4,ricciardo,3,41,16:14:49,22.623,22.623,15.0,15.0,0.0,0
2013,4,vettel,3,42,16:15:09,21.906,21.906,1.0,1.0,0.0,0
2013,4,grosjean,3,42,16:15:35,21.556,21.556,2.0,4.0,-2.0,0
2013,4,sutil,3,42,16:16:30,22.346,22.346,15.0,15.0,0.0,0
2013,4,gutierrez,4,43,16:18:34,22.246,22.246,18.0,18.0,0.0,0
2013,4,rosberg,4,44,16:19:15,21.267,21.267,7.0,10.0,-3.0,0
2013,4,button,4,46,16:22:36,21.230,21.23,7.0,10.0,-3.0,0
2013,4,chilton,4,46,16:24:10,22.552,22.552,20.0,20.0,0.0,0
2013,4,bottas,3,47,16:24:37,23.837,23.837,11.0,14.0,-3.0,0
2013,4,garde,5,47,16:27:16,23.375,23.375,21.0,21.0,0.0,0
2013,4,jules_bianchi,4,48,16:27:23,23.803,23.803,19.0,19.0,0.0,0
2013,5,jules_bianchi,1,2,14:06:58,29.994,29.994,21.0,22.0,-1.0,0
2013,5,webber,1,7,14:14:27,19.668,19.668,11.0,15.0,-4.0,0
2013,5,massa,1,8,14:15:53,19.490,19.49,6.0,9.0,-3.0,0
2013,5,sutil,1,8,14:15:56,1:14.026,74.026,8.0,21.0,-13.0,0
2013,5,hulkenberg,1,8,14:15:59,19.993,19.993,11.0,13.0,-2.0,0
2013,5,maldonado,1,8,14:16:03,20.205,20.205,15.0,14.0,1.0,1
2013,5,pic,1,8,14:16:15,20.734,20.734,21.0,19.0,2.0,1
2013,5,alonso,1,9,14:17:21,18.909,18.909,3.0,3.0,0.0,0
2013,5,hamilton,1,9,14:17:26,22.018,22.018,5.0,11.0,-6.0,0
2013,5,resta,1,9,14:17:29,20.615,20.615,8.0,10.0,-2.0,0
2013,5,vergne,1,9,14:17:33,19.772,19.772,11.0,15.0,-4.0,0
2013,5,garde,1,9,14:17:41,21.686,21.686,16.0,17.0,-1.0,0
2013,5,bottas,1,9,14:17:42,21.171,21.171,17.0,18.0,-1.0,0
2013,5,rosberg,1,10,14:18:50,19.414,19.414,1.0,2.0,-1.0,0
2013,5,vettel,1,10,14:18:51,18.606,18.606,2.0,4.0,-2.0,0
2013,5,raikkonen,1,10,14:18:53,19.978,19.978,3.0,6.0,-3.0,0
2013,5,perez,1,10,14:18:59,19.250,19.25,5.0,8.0,-3.0,0
2013,5,ricciardo,1,10,14:19:03,19.795,19.795,7.0,12.0,-5.0,0
2013,5,button,1,11,14:20:44,18.810,18.81,8.0,15.0,-7.0,0
2013,5,gutierrez,1,13,14:23:38,22.144,22.144,1.0,13.0,-12.0,0
2013,5,maldonado,2,13,14:23:55,13.266,13.266,13.0,17.0,-4.0,0
2013,5,chilton,1,15,14:27:24,25.294,25.294,19.0,21.0,-2.0,0
2013,5,jules_bianchi,2,16,14:28:59,20.656,20.656,19.0,20.0,-1.0,0
2013,5,resta,2,19,14:32:58,19.792,19.792,8.0,13.0,-5.0,0
2013,5,massa,2,20,14:34:12,19.373,19.373,3.0,5.0,-2.0,0
2013,5,webber,2,20,14:34:27,19.151,19.151,6.0,11.0,-5.0,0
2013,5,vergne,2,20,14:34:37,20.671,20.671,13.0,15.0,-2.0,0
2013,5,maldonado,3,20,14:34:52,23.139,23.139,16.0,17.0,-1.0,0
2013,5,alonso,2,21,14:35:36,19.952,19.952,1.0,3.0,-2.0,0
2013,5,hulkenberg,2,21,14:36:06,19.402,19.402,10.0,13.0,-3.0,0
2013,5,sutil,2,22,14:38:15,20.306,20.306,17.0,20.0,-3.0,0
2013,5,perez,2,23,14:39:06,20.578,20.578,6.0,12.0,-6.0,0
2013,5,pic,2,23,14:39:41,20.870,20.87,16.0,18.0,-2.0,0
2013,5,vettel,2,24,14:40:14,18.708,18.708,1.0,4.0,-3.0,0
2013,5,ricciardo,2,24,14:40:39,20.100,20.1,6.0,13.0,-7.0,0
2013,5,hamilton,2,25,14:42:21,20.132,20.132,9.0,15.0,-6.0,0
2013,5,bottas,2,25,14:42:37,20.533,20.533,15.0,16.0,-1.0,0
2013,5,raikkonen,2,26,14:43:15,19.743,19.743,1.0,4.0,-3.0,0
2013,5,rosberg,2,27,14:45:06,20.032,20.032,5.0,9.0,-4.0,0
2013,5,gutierrez,2,28,14:46:47,19.988,19.988,7.0,12.0,-5.0,0
2013,5,button,2,28,14:46:53,19.196,19.196,9.0,13.0,-4.0,0
2013,5,jules_bianchi,3,29,14:49:08,19.904,19.904,18.0,19.0,-1.0,0
2013,5,chilton,2,30,14:50:58,21.582,21.582,20.0,20.0,0.0,0
2013,5,hulkenberg,3,34,14:56:00,22.324,22.324,7.0,16.0,-9.0,0
2013,5,vergne,3,34,14:56:06,25.362,25.362,11.0,13.0,-2.0,0
2013,5,maldonado,4,35,14:57:57,20.800,20.8,15.0,15.0,0.0,0
2013,5,alonso,3,36,14:58:10,19.519,19.519,1.0,2.0,-1.0,0
2013,5,massa,3,36,14:58:25,19.326,19.326,2.0,4.0,-2.0,0
2013,5,webber,3,36,14:58:48,19.170,19.17,5.0,7.0,-2.0,0
2013,5,hamilton,3,36,14:59:15,19.700,19.7,12.0,12.0,0.0,0
2013,5,sutil,3,36,14:59:34,19.591,19.591,17.0,16.0,1.0,1
2013,5,vergne,4,37,15:01:38,29.740,29.74,13.0,20.0,-7.0,0
2013,5,resta,3,38,15:01:59,19.822,19.822,5.0,9.0,-4.0,0
2013,5,perez,3,38,15:02:10,19.866,19.866,9.0,10.0,-1.0,0
2013,5,hulkenberg,5,38,15:02:43,28.971,28.971,14.0,18.0,-4.0,0
2013,5,vettel,3,39,15:03:01,19.551,19.551,3.0,4.0,-1.0,0
2013,5,ricciardo,3,39,15:03:42,19.498,19.498,8.0,11.0,-3.0,0
2013,5,pic,3,41,15:07:38,21.202,21.202,16.0,18.0,-2.0,0
2013,5,gutierrez,3,42,15:08:17,20.082,20.082,8.0,12.0,-4.0,0
2013,5,bottas,3,43,15:10:28,19.908,19.908,15.0,16.0,-1.0,0
2013,5,raikkonen,3,45,15:11:53,20.184,20.184,2.0,3.0,-1.0,0
2013,5,button,3,46,15:14:18,19.290,19.29,8.0,12.0,-4.0,0
2013,5,jules_bianchi,4,46,15:15:24,19.830,19.83,17.0,19.0,-2.0,0
2013,5,rosberg,3,47,15:15:40,19.352,19.352,6.0,9.0,-3.0,0
2013,5,chilton,3,47,15:17:21,21.340,21.34,20.0,20.0,0.0,0
2013,5,alonso,4,49,15:17:37,18.471,18.471,1.0,1.0,0.0,0
2013,5,sutil,4,49,15:19:07,22.931,22.931,13.0,14.0,-1.0,0
2013,5,webber,4,50,15:19:53,18.931,18.931,5.0,5.0,0.0,0
2013,5,perez,4,50,15:20:19,19.993,19.993,7.0,10.0,-3.0,0
2013,5,hamilton,4,50,15:20:35,19.457,19.457,11.0,13.0,-2.0,0
2013,5,massa,4,51,15:20:57,19.001,19.001,2.0,3.0,-1.0,0
2013,5,vettel,4,51,15:21:09,18.694,18.694,4.0,4.0,0.0,0
2013,5,ricciardo,4,51,15:21:47,19.857,19.857,7.0,11.0,-4.0,0
2013,5,resta,4,53,15:24:38,19.481,19.481,6.0,7.0,-1.0,0
2013,5,maldonado,5,53,15:25:17,19.723,19.723,12.0,14.0,-2.0,0
2013,5,hulkenberg,6,53,15:25:37,20.314,20.314,15.0,15.0,0.0,0
2013,5,gutierrez,4,54,15:26:28,19.324,19.324,8.0,11.0,-3.0,0
2013,6,resta,1,9,14:15:54,25.643,25.643,15.0,19.0,-4.0,0
2013,6,ricciardo,1,22,14:33:49,25.225,25.225,13.0,18.0,-5.0,0
2013,6,jules_bianchi,1,22,14:34:05,25.098,25.098,19.0,20.0,-1.0,0
2013,6,chilton,1,23,14:35:17,25.337,25.337,17.0,19.0,-2.0,0
2013,6,garde,2,24,14:37:13,25.676,25.676,20.0,21.0,-1.0,0
2013,6,webber,1,25,14:37:28,24.316,24.316,4.0,8.0,-4.0,0
2013,6,raikkonen,1,26,14:38:49,24.420,24.42,4.0,9.0,-5.0,0
2013,6,button,1,26,14:38:54,24.585,24.585,6.0,10.0,-4.0,0
2013,6,massa,1,26,14:39:26,25.331,25.331,15.0,19.0,-4.0,0
2013,6,hulkenberg,1,27,14:40:28,24.974,24.974,8.0,14.0,-6.0,0
2013,6,alonso,1,28,14:41:32,24.489,24.489,4.0,6.0,-2.0,0
2013,6,gutierrez,1,28,14:42:09,25.364,25.364,13.0,18.0,-5.0,0
2013,6,perez,1,29,14:42:57,24.672,24.672,4.0,8.0,-4.0,0
2013,6,vergne,1,29,14:43:05,24.827,24.827,6.0,10.0,-4.0,0
2013,6,vettel,1,30,14:44:08,24.375,24.375,3.0,2.0,1.0,1
2013,6,sutil,1,30,14:44:28,25.274,25.274,4.0,9.0,-5.0,0
2013,6,bottas,1,30,14:44:53,29.063,29.063,11.0,15.0,-4.0,0
2013,6,grosjean,1,30,14:44:55,24.565,24.565,12.0,14.0,-2.0,0
2013,6,maldonado,2,30,14:45:08,26.146,26.146,15.0,18.0,-3.0,0
2013,6,rosberg,1,31,14:45:40,25.200,25.2,1.0,1.0,0.0,0
2013,6,hamilton,1,31,14:45:51,24.801,24.801,2.0,4.0,-2.0,0
2013,6,jules_bianchi,2,35,14:54:16,25.215,25.215,19.0,19.0,0.0,0
2013,6,garde,3,35,14:55:21,25.862,25.862,20.0,20.0,0.0,0
2013,6,chilton,2,48,15:38:30,19.553,19.553,17.0,18.0,-1.0,0
2013,6,gutierrez,2,63,15:59:23,25.926,25.926,14.0,15.0,-1.0,0
2013,6,chilton,3,63,15:59:31,26.198,26.198,16.0,16.0,0.0,0
2013,6,raikkonen,2,70,16:10:41,25.125,25.125,5.0,16.0,-11.0,0
2013,7,garde,1,8,14:14:22,22.323,22.323,20.0,22.0,-2.0,0
2013,7,sutil,1,9,14:15:30,22.789,22.789,13.0,19.0,-6.0,0
2013,7,pic,1,11,14:18:33,22.184,22.184,19.0,22.0,-3.0,0
2013,7,ricciardo,1,12,14:19:39,21.223,21.223,8.0,17.0,-9.0,0
2013,7,hulkenberg,1,12,14:19:40,21.623,21.623,11.0,16.0,-5.0,0
2013,7,maldonado,1,12,14:19:42,24.557,24.557,15.0,19.0,-4.0,0
2013,7,webber,1,13,14:20:32,20.716,20.716,4.0,5.0,-1.0,0
2013,7,vergne,1,13,14:20:45,21.900,21.9,6.0,7.0,-1.0,0
2013,7,perez,1,13,14:21:03,20.427,20.427,10.0,15.0,-5.0,0
2013,7,rosberg,1,14,14:21:51,21.125,21.125,3.0,3.0,0.0,0
2013,7,bottas,1,14,14:22:18,22.242,22.242,6.0,14.0,-8.0,0
2013,7,vettel,1,16,14:24:20,20.835,20.835,1.0,2.0,-1.0,0
2013,7,alonso,1,16,14:24:36,20.512,20.512,3.0,5.0,-2.0,0
2013,7,massa,1,17,14:26:26,20.473,20.473,8.0,12.0,-4.0,0
2013,7,maldonado,2,17,14:26:50,14.446,14.446,18.0,19.0,-1.0,0
2013,7,hamilton,1,19,14:28:27,20.879,20.879,1.0,2.0,-1.0,0
2013,7,gutierrez,1,21,14:32:08,22.017,22.017,14.0,17.0,-3.0,0
2013,7,raikkonen,1,22,14:33:09,25.182,25.182,6.0,14.0,-8.0,0
2013,7,button,1,27,14:40:12,20.212,20.212,12.0,16.0,-4.0,0
2013,7,rosberg,2,31,14:44:51,20.832,20.832,5.0,5.0,0.0,0
2013,7,garde,2,32,14:48:17,22.039,22.039,22.0,22.0,0.0,0
2013,7,pic,2,36,14:53:10,22.033,22.033,21.0,21.0,0.0,0
2013,7,hulkenberg,2,38,14:55:03,21.014,21.014,14.0,14.0,0.0,0
2013,7,chilton,1,38,14:55:52,21.374,21.374,20.0,20.0,0.0,0
2013,7,ricciardo,2,39,14:56:29,21.315,21.315,14.0,17.0,-3.0,0
2013,7,bottas,2,40,14:57:42,24.418,24.418,13.0,15.0,-2.0,0
2013,7,massa,2,41,14:58:51,20.372,20.372,9.0,11.0,-2.0,0
2013,7,jules_bianchi,1,41,14:59:38,21.378,21.378,19.0,19.0,0.0,0
2013,7,garde,4,40,15:00:06,24.510,24.51,22.0,22.0,0.0,0
2013,7,grosjean,1,42,15:00:07,20.859,20.859,8.0,10.0,-2.0,0
2013,7,perez,2,43,15:01:30,20.805,20.805,8.0,12.0,-4.0,0
2013,7,webber,2,46,15:04:23,22.709,22.709,4.0,4.0,0.0,0
2013,7,alonso,2,47,15:05:39,20.636,20.636,3.0,3.0,0.0,0
2013,7,hamilton,2,48,15:06:50,20.656,20.656,2.0,2.0,0.0,0
2013,7,vettel,2,49,15:07:50,20.898,20.898,1.0,1.0,0.0,0
2013,7,maldonado,3,49,15:10:14,21.637,21.637,17.0,17.0,0.0,0
2013,7,grosjean,2,53,15:14:53,21.574,21.574,11.0,13.0,-2.0,0
2013,7,resta,1,56,15:18:16,21.066,21.066,7.0,7.0,0.0,0
2013,7,rosberg,3,57,15:19:14,21.459,21.459,5.0,5.0,0.0,0
2013,7,vergne,2,57,15:19:32,20.739,20.739,6.0,6.0,0.0,0
2013,7,sutil,3,61,15:25:13,14.489,14.489,8.0,10.0,-2.0,0
2013,8,hamilton,1,8,13:17:20,29.026,29.026,1.0,21.0,-20.0,0
2013,8,grosjean,1,9,13:18:36,24.725,24.725,8.0,10.0,-2.0,0
2013,8,resta,1,9,13:18:47,25.004,25.004,15.0,15.0,0.0,0
2013,8,alonso,1,10,13:20:16,24.572,24.572,8.0,7.0,1.0,1
2013,8,webber,1,10,13:20:19,31.448,31.448,10.0,12.0,-2.0,0
2013,8,gutierrez,1,10,13:20:28,25.330,25.33,15.0,16.0,-1.0,0
2013,8,garde,1,10,13:20:57,26.515,26.515,21.0,21.0,0.0,0
2013,8,massa,1,10,13:21:18,35.210,35.21,4.0,22.0,-18.0,0
2013,8,raikkonen,1,11,13:21:52,24.992,24.992,4.0,8.0,-4.0,0
2013,8,ricciardo,1,11,13:21:54,29.446,29.446,6.0,9.0,-3.0,0
2013,8,button,1,11,13:22:03,24.745,24.745,9.0,11.0,-2.0,0
2013,8,jules_bianchi,1,11,13:22:28,25.729,25.729,18.0,19.0,-1.0,0
2013,8,rosberg,1,12,13:23:20,24.990,24.99,2.0,2.0,0.0,0
2013,8,sutil,1,12,13:23:29,24.807,24.807,4.0,3.0,1.0,1
2013,8,hulkenberg,1,12,13:23:43,29.684,29.684,8.0,15.0,-7.0,0
2013,8,chilton,1,12,13:24:20,26.031,26.031,19.0,20.0,-1.0,0
2013,8,vettel,1,13,13:24:55,24.159,24.159,1.0,1.0,0.0,0
2013,8,perez,1,13,13:25:16,24.596,24.596,4.0,8.0,-4.0,0
2013,8,vergne,1,14,13:27:16,29.418,29.418,6.0,16.0,-10.0,0
2013,8,maldonado,1,15,13:29:05,25.244,25.244,13.0,15.0,-2.0,0
2013,8,bottas,1,15,13:29:14,30.231,30.231,16.0,17.0,-1.0,0
2013,8,pic,1,15,13:29:18,26.191,26.191,17.0,18.0,-1.0,0
2013,8,massa,2,16,13:32:21,24.680,24.68,22.0,22.0,0.0,0
2013,8,hulkenberg,2,25,13:50:08,26.256,26.256,12.0,18.0,-6.0,0
2013,8,vergne,2,25,13:50:17,26.317,26.317,16.0,22.0,-6.0,0
2013,8,garde,2,28,13:55:33,25.814,25.814,20.0,22.0,-2.0,0
2013,8,raikkonen,2,29,13:56:33,24.428,24.428,5.0,10.0,-5.0,0
2013,8,gutierrez,3,29,13:57:08,31.937,31.937,19.0,21.0,-2.0,0
2013,8,alonso,2,30,13:58:10,24.789,24.789,5.0,10.0,-5.0,0
2013,8,grosjean,2,30,13:58:16,24.751,24.751,8.0,13.0,-5.0,0
2013,8,webber,2,31,13:59:51,24.781,24.781,6.0,9.0,-3.0,0
2013,8,ricciardo,2,32,14:01:28,26.229,26.229,5.0,8.0,-3.0,0
2013,8,button,2,32,14:01:33,24.357,24.357,7.0,12.0,-5.0,0
2013,8,chilton,2,32,14:02:17,25.701,25.701,20.0,22.0,-2.0,0
2013,8,sutil,2,33,14:03:04,25.158,25.158,4.0,7.0,-3.0,0
2013,8,perez,2,33,14:03:08,25.028,25.028,5.0,9.0,-4.0,0
2013,8,resta,2,33,14:03:14,25.099,25.099,7.0,14.0,-7.0,0
2013,8,jules_bianchi,2,33,14:03:42,25.927,25.927,18.0,20.0,-2.0,0
2013,8,rosberg,2,34,14:04:28,24.893,24.893,2.0,2.0,0.0,0
2013,8,pic,2,34,14:05:14,26.371,26.371,17.0,17.0,0.0,0
2013,8,vettel,2,35,14:06:01,24.092,24.092,1.0,1.0,0.0,0
2013,8,hamilton,2,36,14:08:08,24.635,24.635,6.0,11.0,-5.0,0
2013,8,massa,3,36,14:08:18,24.400,24.4,10.0,13.0,-3.0,0
2013,8,hulkenberg,3,37,14:10:02,24.863,24.863,15.0,15.0,0.0,0
2013,8,maldonado,2,37,14:10:02,25.275,25.275,14.0,14.0,0.0,0
2013,8,bottas,2,38,14:11:48,31.851,31.851,15.0,18.0,-3.0,0
2013,8,gutierrez,4,40,14:15:23,25.087,25.087,17.0,18.0,-1.0,0
2013,8,garde,3,40,14:16:02,26.391,26.391,20.0,20.0,0.0,0
2013,8,alonso,3,41,14:16:06,25.018,25.018,5.0,8.0,-3.0,0
2013,8,rosberg,3,42,14:17:48,25.436,25.436,1.0,1.0,0.0,0
2013,8,webber,3,42,14:18:03,24.473,24.473,4.0,5.0,-1.0,0
2013,8,grosjean,3,42,14:18:29,25.911,25.911,11.0,10.0,1.0,1
2013,8,resta,3,42,14:18:34,33.401,33.401,12.0,14.0,-2.0,0
2013,8,massa,4,42,14:18:38,24.872,24.872,13.0,11.0,2.0,1
2013,9,resta,1,4,14:10:30,20.547,20.547,13.0,17.0,-4.0,0
2013,9,vergne,1,4,14:10:37,23.147,23.147,18.0,19.0,-1.0,0
2013,9,pic,1,4,14:10:40,22.699,22.699,21.0,21.0,0.0,0
2013,9,ricciardo,1,5,14:12:03,19.846,19.846,6.0,13.0,-7.0,0
2013,9,sutil,1,5,14:12:09,19.910,19.91,12.0,15.0,-3.0,0
2013,9,garde,1,5,14:12:16,21.900,21.9,16.0,18.0,-2.0,0
2013,9,jules_bianchi,1,5,14:12:18,20.840,20.84,18.0,20.0,-2.0,0
2013,9,hamilton,1,6,14:13:34,19.487,19.487,3.0,9.0,-6.0,0
2013,9,gutierrez,1,6,14:13:52,19.816,19.816,14.0,16.0,-2.0,0
2013,9,vettel,1,7,14:15:09,18.979,18.979,1.0,5.0,-4.0,0
2013,9,perez,1,7,14:15:22,20.432,20.432,7.0,12.0,-5.0,0
2013,9,raikkonen,1,8,14:16:51,19.378,19.378,3.0,8.0,-5.0,0
2013,9,chilton,1,8,14:17:26,21.021,21.021,14.0,20.0,-6.0,0
2013,9,alonso,1,12,14:23:32,20.199,20.199,2.0,8.0,-6.0,0
2013,9,grosjean,1,13,14:25:00,20.273,20.273,1.0,2.0,-1.0,0
2013,9,rosberg,1,16,14:30:21,19.690,19.69,7.0,15.0,-8.0,0
2013,9,hulkenberg,1,17,14:31:56,21.226,21.226,4.0,11.0,-7.0,0
2013,9,ricciardo,2,18,14:33:49,19.952,19.952,10.0,15.0,-5.0,0
2013,9,jules_bianchi,2,18,14:34:30,20.371,20.371,18.0,19.0,-1.0,0
2013,9,garde,2,19,14:36:10,20.974,20.974,17.0,19.0,-2.0,0
2013,9,chilton,2,20,14:37:56,19.953,19.953,19.0,19.0,0.0,0
2013,9,button,1,21,14:38:27,20.812,20.812,3.0,5.0,-2.0,0
2013,9,maldonado,1,21,14:38:44,20.331,20.331,7.0,12.0,-5.0,0
2013,9,hamilton,2,22,14:40:10,19.321,19.321,5.0,7.0,-2.0,0
2013,9,bottas,1,22,14:40:31,33.796,33.796,11.0,15.0,-4.0,0
2013,9,gutierrez,2,22,14:40:34,19.869,19.869,14.0,14.0,0.0,0
2013,9,vettel,2,24,14:43:10,20.039,20.039,1.0,1.0,0.0,0
2013,9,grosjean,2,24,14:43:13,20.007,20.007,2.0,2.0,0.0,0
2013,9,raikkonen,2,24,14:43:25,20.528,20.528,3.0,3.0,0.0,0
2013,9,alonso,2,24,14:43:36,19.539,19.539,4.0,4.0,0.0,0
2013,9,perez,2,24,14:43:57,20.433,20.433,6.0,9.0,-3.0,0
2013,9,sutil,2,24,14:44:00,20.204,20.204,9.0,10.0,-1.0,0
2013,9,rosberg,2,24,14:44:07,22.207,22.207,11.0,13.0,-2.0,0
2013,9,resta,2,24,14:44:07,21.483,21.483,10.0,12.0,-2.0,0
2013,9,webber,2,23,14:44:15,19.991,19.991,20.0,19.0,1.0,1
2013,9,pic,2,24,14:44:58,21.388,21.388,16.0,17.0,-1.0,0
2013,9,chilton,3,26,14:48:52,20.272,20.272,18.0,18.0,0.0,0
2013,9,pic,3,34,15:03:58,22.986,22.986,19.0,19.0,0.0,0
2013,9,hulkenberg,2,37,15:08:26,20.364,20.364,6.0,15.0,-9.0,0
2013,9,chilton,4,37,15:08:55,21.433,21.433,18.0,18.0,0.0,0
2013,9,webber,3,38,15:10:15,19.921,19.921,15.0,16.0,-1.0,0
2013,9,garde,3,38,15:10:34,20.545,20.545,17.0,17.0,0.0,0
2013,9,grosjean,3,40,15:13:03,19.591,19.591,2.0,6.0,-4.0,0
2013,9,ricciardo,3,40,15:13:28,20.196,20.196,10.0,15.0,-5.0,0
2013,9,vettel,3,41,15:14:38,19.118,19.118,1.0,5.0,-4.0,0
2013,9,gutierrez,3,41,15:15:07,21.160,21.16,12.0,16.0,-4.0,0
2013,9,sutil,3,43,15:18:18,21.799,21.799,9.0,15.0,-6.0,0
2013,9,hamilton,3,45,15:21:19,19.316,19.316,4.0,10.0,-6.0,0
2013,9,button,2,47,15:24:27,19.692,19.692,3.0,6.0,-3.0,0
2013,9,rosberg,3,48,15:26:26,19.684,19.684,11.0,14.0,-3.0,0
2013,9,raikkonen,3,49,15:27:24,19.390,19.39,1.0,3.0,-2.0,0
2013,9,alonso,3,49,15:27:29,19.476,19.476,2.0,4.0,-2.0,0
2013,9,hulkenberg,3,49,15:28:02,20.557,20.557,10.0,15.0,-5.0,0
2013,9,maldonado,2,50,15:29:39,36.196,36.196,7.0,16.0,-9.0,0
2013,9,bottas,2,54,15:36:20,45.695,45.695,10.0,16.0,-6.0,0
2013,10,vergne,1,8,14:15:51,22.745,22.745,16.0,21.0,-5.0,0
2013,10,garde,1,8,14:15:55,23.200,23.2,19.0,22.0,-3.0,0
2013,10,hamilton,1,9,14:16:48,21.840,21.84,1.0,7.0,-6.0,0
2013,10,maldonado,1,9,14:17:14,22.103,22.103,11.0,14.0,-3.0,0
2013,10,resta,1,9,14:17:18,22.754,22.754,13.0,17.0,-4.0,0
2013,10,ricciardo,1,10,14:18:44,24.033,24.033,9.0,16.0,-7.0,0
2013,10,rosberg,1,10,14:18:45,22.015,22.015,11.0,14.0,-3.0,0
2013,10,bottas,1,10,14:18:55,22.023,22.023,17.0,21.0,-4.0,0
2013,10,vettel,1,11,14:19:47,21.343,21.343,1.0,6.0,-5.0,0
2013,10,massa,1,11,14:19:57,23.012,23.012,4.0,10.0,-6.0,0
2013,10,hulkenberg,1,11,14:20:17,22.303,22.303,11.0,15.0,-4.0,0
2013,10,alonso,1,12,14:21:21,21.599,21.599,3.0,6.0,-3.0,0
2013,10,grosjean,1,13,14:22:46,22.054,22.054,1.0,5.0,-4.0,0
2013,10,raikkonen,1,13,14:22:56,22.161,22.161,3.0,10.0,-7.0,0
2013,10,pic,1,13,14:23:32,22.465,22.465,12.0,22.0,-10.0,0
2013,10,jules_bianchi,1,20,14:34:40,22.159,22.159,20.0,20.0,0.0,0
2013,10,chilton,1,21,14:36:25,22.323,22.323,21.0,21.0,0.0,0
2013,10,webber,1,23,14:37:39,21.762,21.762,1.0,5.0,-4.0,0
2013,10,perez,1,23,14:38:10,22.323,22.323,7.0,12.0,-5.0,0
2013,10,gutierrez,1,23,14:38:18,22.425,22.425,10.0,16.0,-6.0,0
2013,10,button,1,24,14:39:26,22.107,22.107,3.0,8.0,-5.0,0
2013,10,grosjean,2,25,14:40:51,22.267,22.267,3.0,7.0,-4.0,0
2013,10,resta,2,26,14:43:05,22.723,22.723,14.0,17.0,-3.0,0
2013,10,garde,2,27,14:44:59,22.831,22.831,18.0,18.0,0.0,0
2013,10,maldonado,2,28,14:45:48,21.880,21.88,10.0,13.0,-3.0,0
2013,10,rosberg,2,29,14:47:10,22.628,22.628,9.0,12.0,-3.0,0
2013,10,vergne,2,30,14:49:06,22.282,22.282,13.0,16.0,-3.0,0
2013,10,hamilton,2,31,14:49:23,21.454,21.454,1.0,4.0,-3.0,0
2013,10,massa,2,31,14:50:01,21.753,21.753,7.0,10.0,-3.0,0
2013,10,bottas,2,33,14:53:46,22.612,22.612,14.0,16.0,-2.0,0
2013,10,vettel,2,34,14:53:58,21.863,21.863,1.0,6.0,-5.0,0
2013,10,alonso,2,34,14:54:07,22.249,22.249,2.0,7.0,-5.0,0
2013,10,jules_bianchi,2,33,14:54:39,22.221,22.221,19.0,19.0,0.0,0
2013,10,hulkenberg,2,35,14:56:17,22.606,22.606,10.0,13.0,-3.0,0
2013,10,chilton,2,34,14:56:34,22.301,22.301,20.0,20.0,0.0,0
2013,10,grosjean,3,37,14:58:34,16.453,16.453,4.0,6.0,-2.0,0
2013,10,button,2,37,14:58:44,22.496,22.496,5.0,7.0,-2.0,0
2013,10,perez,2,38,15:00:37,22.722,22.722,8.0,11.0,-3.0,0
2013,10,ricciardo,2,38,15:01:00,21.996,21.996,12.0,15.0,-3.0,0
2013,10,pic,2,38,15:01:50,22.450,22.45,17.0,18.0,-1.0,0
2013,10,hulkenberg,3,40,15:04:00,16.512,16.512,12.0,14.0,-2.0,0
2013,10,raikkonen,2,42,15:05:48,21.643,21.643,3.0,6.0,-3.0,0
2013,10,webber,2,43,15:07:06,22.349,22.349,2.0,3.0,-1.0,0
2013,10,garde,3,44,15:10:43,22.384,22.384,16.0,16.0,0.0,0
2013,10,grosjean,4,47,15:13:17,22.451,22.451,5.0,7.0,-2.0,0
2013,10,jules_bianchi,3,46,15:14:34,23.030,23.03,18.0,18.0,0.0,0
2013,10,alonso,3,48,15:14:42,21.753,21.753,4.0,5.0,-1.0,0
2013,10,massa,3,48,15:15:06,21.612,21.612,8.0,8.0,0.0,0
2013,10,rosberg,3,48,15:15:07,21.854,21.854,9.0,9.0,0.0,0
2013,10,resta,3,48,15:15:49,23.027,23.027,12.0,15.0,-3.0,0
2013,10,hamilton,3,50,15:17:08,22.136,22.136,1.0,2.0,-1.0,0
2013,10,vergne,3,50,15:18:45,23.756,23.756,12.0,15.0,-3.0,0
2013,10,maldonado,3,51,15:19:53,24.796,24.796,10.0,11.0,-1.0,0
2013,10,chilton,3,50,15:21:06,23.257,23.257,19.0,19.0,0.0,0
2013,10,vettel,3,55,15:24:30,21.666,21.666,1.0,4.0,-3.0,0
2013,10,webber,3,59,15:30:24,22.022,22.022,2.0,4.0,-2.0,0
2013,11,hulkenberg,1,9,14:21:40,24.219,24.219,8.0,17.0,-9.0,0
2013,11,massa,1,9,14:21:42,22.872,22.872,11.0,15.0,-4.0,0
2013,11,resta,1,10,14:23:35,23.475,23.475,7.0,14.0,-7.0,0
2013,11,vergne,1,10,14:23:44,24.070,24.07,15.0,17.0,-2.0,0
2013,11,hamilton,1,11,14:25:16,23.397,23.397,2.0,7.0,-5.0,0
2013,11,sutil,1,11,14:25:37,23.327,23.327,11.0,16.0,-5.0,0
2013,11,maldonado,1,11,14:25:40,27.059,27.059,12.0,19.0,-7.0,0
2013,11,rosberg,1,12,14:27:19,22.893,22.893,4.0,7.0,-3.0,0
2013,11,alonso,1,13,14:29:10,22.631,22.631,2.0,3.0,-1.0,0
2013,11,webber,1,13,14:29:16,23.004,23.004,3.0,7.0,-4.0,0
2013,11,perez,1,13,14:29:25,17.378,17.378,7.0,11.0,-4.0,0
2013,11,vettel,1,14,14:30:58,22.685,22.685,1.0,1.0,0.0,0
2013,11,raikkonen,1,14,14:31:18,23.744,23.744,5.0,11.0,-6.0,0
2013,11,bottas,1,14,14:31:44,23.411,23.411,14.0,18.0,-4.0,0
2013,11,jules_bianchi,1,14,14:32:07,24.083,24.083,20.0,20.0,0.0,0
2013,11,garde,1,15,14:33:51,24.968,24.968,19.0,19.0,0.0,0
2013,11,chilton,1,15,14:34:15,24.013,24.013,21.0,21.0,0.0,0
2013,11,ricciardo,1,16,14:35:26,23.144,23.144,8.0,17.0,-9.0,0
2013,11,button,1,17,14:37:03,22.465,22.465,2.0,7.0,-5.0,0
2013,11,perez,2,18,14:39:24,22.597,22.597,12.0,16.0,-4.0,0
2013,11,gutierrez,1,19,14:41:20,22.761,22.761,10.0,18.0,-8.0,0
2013,11,grosjean,1,22,14:46:53,23.445,23.445,7.0,11.0,-4.0,0
2013,11,hulkenberg,2,24,14:50:59,23.334,23.334,11.0,15.0,-4.0,0
2013,11,vergne,2,24,14:51:01,24.539,24.539,12.0,16.0,-4.0,0
2013,11,rosberg,2,25,14:52:20,23.723,23.723,4.0,6.0,-2.0,0
2013,11,hamilton,2,26,14:54:11,22.682,22.682,3.0,5.0,-2.0,0
2013,11,massa,2,26,14:54:35,22.634,22.634,7.0,9.0,-2.0,0
2013,11,sutil,2,26,14:54:42,23.655,23.655,8.0,11.0,-3.0,0
2013,11,maldonado,2,27,14:57:12,35.228,35.228,12.0,17.0,-5.0,0
2013,11,alonso,2,28,14:57:52,22.444,22.444,2.0,2.0,0.0,0
2013,11,gutierrez,2,28,14:58:53,22.712,22.712,11.0,14.0,-3.0,0
2013,11,bottas,2,28,14:59:02,23.540,23.54,15.0,15.0,0.0,0
2013,11,jules_bianchi,2,28,14:59:47,23.961,23.961,18.0,18.0,0.0,0
2013,11,webber,2,29,15:00:00,23.477,23.477,3.0,6.0,-3.0,0
2013,11,garde,2,29,15:01:18,23.998,23.998,16.0,17.0,-1.0,0
2013,11,vettel,2,30,15:01:29,22.884,22.884,1.0,1.0,0.0,0
2013,11,chilton,2,29,15:02:06,23.916,23.916,19.0,19.0,0.0,0
2013,11,ricciardo,2,33,15:08:12,22.871,22.871,9.0,13.0,-4.0,0
2013,11,chilton,3,32,15:08:14,17.427,17.427,19.0,19.0,0.0,0
2013,11,button,2,34,15:09:32,23.317,23.317,3.0,6.0,-3.0,0
2013,11,maldonado,3,38,15:18:29,30.894,30.894,16.0,17.0,-1.0,0
2013,11,gutierrez,3,41,15:23:35,17.433,17.433,14.0,14.0,0.0,0
2013,12,hamilton,1,13,14:23:23,24.460,24.46,11.0,18.0,-7.0,0
2013,12,pic,1,17,14:29:42,25.569,25.569,15.0,19.0,-4.0,0
2013,12,garde,1,18,14:31:18,26.302,26.302,18.0,20.0,-2.0,0
2013,12,grosjean,1,20,14:33:49,27.040,27.04,10.0,16.0,-6.0,0
2013,12,button,1,21,14:35:17,24.450,24.45,9.0,14.0,-5.0,0
2013,12,ricciardo,1,22,14:36:44,24.319,24.319,7.0,13.0,-6.0,0
2013,12,perez,1,22,14:36:45,25.933,25.933,8.0,15.0,-7.0,0
2013,12,jules_bianchi,1,22,14:37:35,25.541,25.541,17.0,19.0,-2.0,0
2013,12,vettel,1,23,14:37:56,24.305,24.305,1.0,3.0,-2.0,0
2013,12,webber,1,23,14:38:07,24.205,24.205,4.0,5.0,-1.0,0
2013,12,chilton,1,23,14:39:08,26.146,26.146,17.0,20.0,-3.0,0
2013,12,massa,1,24,14:39:35,24.692,24.692,3.0,6.0,-3.0,0
2013,12,hulkenberg,1,24,14:39:37,25.633,25.633,4.0,8.0,-4.0,0
2013,12,sutil,1,24,14:39:52,26.873,26.873,7.0,14.0,-7.0,0
2013,12,maldonado,1,24,14:39:58,25.397,25.397,9.0,15.0,-6.0,0
2013,12,bottas,1,25,14:41:33,24.665,24.665,11.0,16.0,-5.0,0
2013,12,rosberg,1,26,14:42:35,24.079,24.079,2.0,7.0,-5.0,0
2013,12,alonso,1,27,14:43:56,24.208,24.208,1.0,2.0,-1.0,0
2013,12,gutierrez,1,27,14:44:20,24.668,24.668,4.0,13.0,-9.0,0
2013,12,raikkonen,2,30,14:48:51,24.764,24.764,5.0,14.0,-9.0,0
2013,12,hamilton,2,38,15:00:35,24.315,24.315,5.0,14.0,-9.0,0
2013,12,pic,2,38,15:01:38,26.363,26.363,17.0,17.0,0.0,0
2013,12,garde,2,39,15:03:12,33.200,33.2,17.0,19.0,-2.0,0
2013,13,raikkonen,1,10,20:23:19,29.469,29.469,11.0,16.0,-5.0,0
2013,13,jules_bianchi,1,10,20:23:58,29.573,29.573,20.0,22.0,-2.0,0
2013,13,gutierrez,1,11,20:25:19,29.364,29.364,11.0,15.0,-4.0,0
2013,13,vergne,1,11,20:25:28,29.736,29.736,15.0,18.0,-3.0,0
2013,13,pic,1,11,20:25:52,31.841,31.841,20.0,20.0,0.0,0
2013,13,chilton,1,11,20:25:57,30.497,30.497,21.0,21.0,0.0,0
2013,13,massa,1,12,20:26:59,29.040,29.04,6.0,11.0,-5.0,0
2013,13,sutil,1,12,20:27:25,29.678,29.678,15.0,17.0,-2.0,0
2013,13,webber,1,13,20:28:48,29.031,29.031,4.0,7.0,-3.0,0
2013,13,button,1,13,20:28:57,29.284,29.284,7.0,9.0,-2.0,0
2013,13,hulkenberg,1,13,20:29:01,29.910,29.91,8.0,13.0,-5.0,0
2013,13,garde,1,13,20:29:27,30.161,30.161,14.0,18.0,-4.0,0
2013,13,bottas,1,13,20:29:30,31.792,31.792,15.0,19.0,-4.0,0
2013,13,alonso,1,14,20:30:36,29.436,29.436,3.0,4.0,-1.0,0
2013,13,perez,1,14,20:30:57,28.709,28.709,7.0,12.0,-5.0,0
2013,13,rosberg,1,15,20:32:27,29.212,29.212,2.0,2.0,0.0,0
2013,13,grosjean,1,15,20:32:38,29.702,29.702,3.0,6.0,-3.0,0
2013,13,hamilton,1,15,20:32:41,29.032,29.032,5.0,7.0,-2.0,0
2013,13,ricciardo,1,15,20:33:06,32.097,32.097,9.0,16.0,-7.0,0
2013,13,maldonado,1,16,20:35:13,29.966,29.966,12.0,17.0,-5.0,0
2013,13,vettel,1,17,20:36:08,28.787,28.787,1.0,1.0,0.0,0
2013,13,resta,1,20,20:42:28,29.667,29.667,3.0,13.0,-10.0,0
2013,13,jules_bianchi,3,23,20:50:22,29.823,29.823,22.0,21.0,1.0,1
2013,13,vergne,2,24,20:50:34,30.714,30.714,14.0,13.0,1.0,1
2013,13,bottas,2,24,20:50:54,30.790,30.79,18.0,18.0,0.0,0
2013,13,chilton,2,24,20:51:40,31.173,31.173,21.0,20.0,1.0,1
2013,13,alonso,2,25,20:52:09,29.176,29.176,3.0,5.0,-2.0,0
2013,13,grosjean,2,25,20:52:13,30.293,30.293,5.0,6.0,-1.0,0
2013,13,massa,2,25,20:52:21,29.136,29.136,7.0,8.0,-1.0,0
2013,13,button,2,25,20:52:22,30.085,30.085,8.0,9.0,-1.0,0
2013,13,raikkonen,2,25,20:52:24,33.013,33.013,9.0,10.0,-1.0,0
2013,13,perez,2,25,20:52:31,29.396,29.396,10.0,11.0,-1.0,0
2013,13,hulkenberg,2,25,20:52:32,30.253,30.253,11.0,12.0,-1.0,0
2013,13,gutierrez,2,25,20:52:42,31.706,31.706,12.0,14.0,-2.0,0
2013,13,sutil,2,25,20:52:54,30.166,30.166,14.0,15.0,-1.0,0
2013,13,maldonado,2,25,20:53:06,30.444,30.444,16.0,16.0,0.0,0
2013,13,pic,2,25,20:53:55,32.008,32.008,19.0,19.0,0.0,0
2013,13,garde,2,26,20:55:33,37.700,37.7,16.0,18.0,-2.0,0
2013,13,grosjean,3,33,21:11:23,1:13.009,73.009,6.0,21.0,-15.0,0
2013,13,vergne,3,39,21:22:44,29.999,29.999,12.0,16.0,-4.0,0
2013,13,webber,2,40,21:24:28,28.909,28.909,3.0,11.0,-8.0,0
2013,13,sutil,3,40,21:24:36,31.230,31.23,12.0,14.0,-2.0,0
2013,13,jules_bianchi,4,40,21:25:13,29.421,29.421,20.0,20.0,0.0,0
2013,13,rosberg,2,41,21:26:16,29.616,29.616,2.0,10.0,-8.0,0
2013,13,maldonado,3,41,21:26:35,30.175,30.175,14.0,15.0,-1.0,0
2013,13,chilton,3,41,21:27:04,29.687,29.687,19.0,19.0,0.0,0
2013,13,resta,2,42,21:28:14,29.777,29.777,4.0,11.0,-7.0,0
2013,13,massa,3,42,21:28:15,29.573,29.573,5.0,12.0,-7.0,0
2013,13,bottas,3,42,21:28:43,33.836,33.836,14.0,17.0,-3.0,0
2013,13,garde,3,42,21:28:50,30.141,30.141,15.0,18.0,-3.0,0
2013,13,hamilton,2,43,21:30:03,30.085,30.085,2.0,10.0,-8.0,0
2013,13,vettel,2,44,21:31:26,28.934,28.934,1.0,1.0,0.0,0
2013,13,pic,3,54,21:52:04,31.546,31.546,17.0,19.0,-2.0,0
2013,14,sutil,1,3,15:09:31,29.829,29.829,18.0,22.0,-4.0,0
2013,14,button,1,4,15:11:11,26.948,26.948,10.0,21.0,-11.0,0
2013,14,massa,1,6,15:14:57,22.474,22.474,16.0,21.0,-5.0,0
2013,14,maldonado,1,7,15:16:37,23.470,23.47,10.0,14.0,-4.0,0
2013,14,resta,1,7,15:16:40,23.814,23.814,12.0,17.0,-5.0,0
2013,14,gutierrez,1,7,15:16:43,23.096,23.096,13.0,19.0,-6.0,0
2013,14,bottas,1,8,15:18:36,23.912,23.912,14.0,21.0,-7.0,0
2013,14,hamilton,1,9,15:19:55,22.270,22.27,3.0,6.0,-3.0,0
2013,14,alonso,1,9,15:20:07,22.208,22.208,6.0,10.0,-4.0,0
2013,14,pic,1,9,15:20:36,24.320,24.32,14.0,20.0,-6.0,0
2013,14,grosjean,1,10,15:21:39,22.519,22.519,2.0,3.0,-1.0,0
2013,14,rosberg,1,10,15:21:47,23.412,23.412,4.0,6.0,-2.0,0
2013,14,hulkenberg,1,10,15:21:50,23.654,23.654,5.0,7.0,-2.0,0
2013,14,perez,1,10,15:22:03,22.901,22.901,10.0,13.0,-3.0,0
2013,14,garde,1,10,15:22:24,17.513,17.513,12.0,22.0,-10.0,0
2013,14,jules_bianchi,1,10,15:22:31,23.097,23.097,16.0,21.0,-5.0,0
2013,14,vettel,1,11,15:23:22,22.662,22.662,1.0,1.0,0.0,0
2013,14,raikkonen,1,11,15:23:39,22.924,22.924,4.0,8.0,-4.0,0
2013,14,webber,1,12,15:25:27,22.587,22.587,2.0,9.0,-7.0,0
2013,14,vergne,1,12,15:25:54,24.477,24.477,8.0,18.0,-10.0,0
2013,14,chilton,1,12,15:26:16,23.761,23.761,17.0,21.0,-4.0,0
2013,14,ricciardo,1,18,15:36:21,23.892,23.892,4.0,13.0,-9.0,0
2013,14,button,2,22,15:43:41,25.946,25.946,9.0,14.0,-5.0,0
2013,14,maldonado,2,23,15:45:35,23.642,23.642,11.0,16.0,-5.0,0
2013,14,vergne,2,24,15:47:44,23.845,23.845,18.0,18.0,0.0,0
2013,14,raikkonen,2,25,15:48:47,23.236,23.236,7.0,8.0,-1.0,0
2013,14,hulkenberg,2,26,15:50:32,24.112,24.112,5.0,9.0,-4.0,0
2013,14,rosberg,2,28,15:53:56,42.432,42.432,4.0,12.0,-8.0,0
2013,14,alonso,2,28,15:54:07,22.807,22.807,6.0,8.0,-2.0,0
2013,14,sutil,2,28,15:54:36,23.155,23.155,13.0,14.0,-1.0,0
2013,14,bottas,2,28,15:54:54,24.240,24.24,16.0,18.0,-2.0,0
2013,14,hamilton,2,29,15:55:45,22.251,22.251,3.0,4.0,-1.0,0
2013,14,massa,2,29,15:56:20,22.401,22.401,11.0,15.0,-4.0,0
2013,14,webber,2,30,15:57:29,22.718,22.718,3.0,11.0,-8.0,0
2013,14,vettel,2,31,15:58:48,22.935,22.935,1.0,1.0,0.0,0
2013,14,pic,2,30,15:58:50,24.366,24.366,16.0,18.0,-2.0,0
2013,14,grosjean,2,31,15:58:56,22.767,22.767,2.0,2.0,0.0,0
2013,14,jules_bianchi,2,30,15:59:15,23.814,23.814,19.0,19.0,0.0,0
2013,14,chilton,2,30,15:59:21,26.299,26.299,20.0,21.0,-1.0,0
2013,14,garde,3,30,15:59:22,24.548,24.548,21.0,20.0,1.0,1
2013,14,ricciardo,2,31,16:00:11,23.194,23.194,9.0,10.0,-1.0,0
2013,14,gutierrez,2,31,16:00:19,23.408,23.408,11.0,13.0,-2.0,0
2013,14,perez,2,31,16:00:22,38.893,38.893,4.0,15.0,-11.0,0
2013,14,vergne,3,38,16:16:31,24.016,24.016,14.0,19.0,-5.0,0
2013,14,sutil,3,38,16:16:46,1:11.445,71.445,20.0,20.0,0.0,0
2013,14,sutil,4,41,16:23:32,18.979,18.979,20.0,20.0,0.0,0
2013,15,vergne,1,7,15:15:39,25.816,25.816,17.0,18.0,-1.0,0
2013,15,button,1,8,15:17:14,23.462,23.462,11.0,13.0,-2.0,0
2013,15,bottas,1,8,15:17:18,23.421,23.421,14.0,15.0,-1.0,0
2013,15,sutil,1,8,15:17:19,23.803,23.803,16.0,17.0,-1.0,0
2013,15,gutierrez,1,9,15:18:50,23.887,23.887,9.0,11.0,-2.0,0
2013,15,maldonado,1,9,15:18:58,23.524,23.524,14.0,15.0,-1.0,0
2013,15,hulkenberg,1,10,15:20:27,23.383,23.383,7.0,8.0,-1.0,0
2013,15,resta,1,10,15:20:37,23.476,23.476,11.0,14.0,-3.0,0
2013,15,webber,1,11,15:21:54,23.617,23.617,2.0,4.0,-2.0,0
2013,15,massa,1,11,15:22:06,22.946,22.946,5.0,8.0,-3.0,0
2013,15,raikkonen,1,11,15:22:11,23.313,23.313,9.0,10.0,-1.0,0
2013,15,chilton,1,11,15:22:39,23.648,23.648,14.0,19.0,-5.0,0
2013,15,grosjean,1,12,15:23:30,23.282,23.282,1.0,2.0,-1.0,0
2013,15,rosberg,1,12,15:23:43,22.812,22.812,4.0,5.0,-1.0,0
2013,15,perez,1,12,15:23:48,26.423,26.423,7.0,11.0,-4.0,0
2013,15,alonso,1,13,15:25:26,22.645,22.645,4.0,8.0,-4.0,0
2013,15,vettel,1,14,15:26:53,22.916,22.916,1.0,3.0,-2.0,0
2013,15,rosberg,2,16,15:30:40,17.806,17.806,5.0,12.0,-7.0,0
2013,15,pic,2,17,15:33:03,24.380,24.38,18.0,19.0,-1.0,0
2013,15,ricciardo,1,21,15:39:04,24.608,24.608,5.0,16.0,-11.0,0
2013,15,vergne,2,21,15:39:24,24.087,24.087,17.0,17.0,0.0,0
2013,15,button,2,23,15:42:30,26.263,26.263,11.0,16.0,-5.0,0
2013,15,rosberg,3,24,15:44:05,22.771,22.771,10.0,15.0,-5.0,0
2013,15,webber,2,25,15:45:06,22.774,22.774,2.0,3.0,-1.0,0
2013,15,resta,2,26,15:47:38,23.858,23.858,11.0,15.0,-4.0,0
2013,15,bottas,2,27,15:49:16,23.483,23.483,10.0,15.0,-5.0,0
2013,15,sutil,2,27,15:49:23,23.484,23.484,14.0,16.0,-2.0,0
2013,15,massa,2,28,15:50:36,22.871,22.871,6.0,9.0,-3.0,0
2013,15,maldonado,2,28,15:51:02,24.202,24.202,11.0,17.0,-6.0,0
2013,15,grosjean,2,29,15:51:38,23.086,23.086,1.0,3.0,-2.0,0
2013,15,hulkenberg,2,29,15:52:08,23.831,23.831,4.0,5.0,-1.0,0
2013,15,chilton,2,29,15:53:22,24.373,24.373,18.0,19.0,-1.0,0
2013,15,alonso,2,30,15:53:46,22.839,22.839,4.0,5.0,-1.0,0
2013,15,gutierrez,2,30,15:54:04,23.184,23.184,7.0,12.0,-5.0,0
2013,15,perez,2,30,15:54:05,27.707,27.707,8.0,13.0,-5.0,0
2013,15,raikkonen,2,31,15:55:30,23.290,23.29,5.0,7.0,-2.0,0
2013,15,ricciardo,2,32,15:57:31,17.801,17.801,8.0,13.0,-5.0,0
2013,15,massa,3,34,16:00:41,17.822,17.822,6.0,11.0,-5.0,0
2013,15,pic,3,35,16:03:32,24.381,24.381,18.0,19.0,-1.0,0
2013,15,vettel,2,37,16:04:36,22.873,22.873,1.0,3.0,-2.0,0
2013,15,vergne,3,38,16:07:30,24.876,24.876,9.0,17.0,-8.0,0
2013,15,rosberg,4,39,16:08:49,22.551,22.551,7.0,10.0,-3.0,0
2013,15,button,3,40,16:10:36,23.105,23.105,8.0,13.0,-5.0,0
2013,15,webber,3,42,16:12:42,23.094,23.094,1.0,3.0,-2.0,0
2013,15,perez,3,42,16:14:05,25.585,25.585,9.0,17.0,-8.0,0
2013,15,ricciardo,3,44,16:17:21,24.178,24.178,10.0,17.0,-7.0,0
2013,16,alonso,1,2,15:06:48,29.800,29.8,10.0,20.0,-10.0,0
2013,16,hulkenberg,1,5,15:11:22,24.096,24.096,4.0,14.0,-10.0,0
2013,16,jules_bianchi,1,5,15:11:40,33.937,33.937,15.0,20.0,-5.0,0
2013,16,button,1,6,15:13:04,23.517,23.517,9.0,18.0,-9.0,0
2013,16,rosberg,1,7,15:14:25,23.685,23.685,2.0,10.0,-8.0,0
2013,16,raikkonen,1,7,15:14:33,26.989,26.989,5.0,14.0,-9.0,0
2013,16,massa,1,8,15:15:56,23.579,23.579,1.0,8.0,-7.0,0
2013,16,hamilton,1,8,15:16:00,23.546,23.546,2.0,11.0,-9.0,0
2013,16,maldonado,1,8,15:16:14,25.530,25.53,10.0,19.0,-9.0,0
2013,16,button,2,12,15:22:48,23.774,23.774,15.0,19.0,-4.0,0
2013,16,grosjean,1,13,15:23:59,23.648,23.648,5.0,15.0,-10.0,0
2013,16,gutierrez,1,16,15:28:39,18.423,18.423,6.0,13.0,-7.0,0
2013,16,pic,2,16,15:29:58,26.970,26.97,21.0,21.0,0.0,0
2013,16,gutierrez,2,26,15:44:22,25.660,25.66,14.0,17.0,-3.0,0
2013,16,vergne,2,26,15:44:28,24.128,24.128,16.0,18.0,-2.0,0
2013,16,rosberg,2,27,15:45:31,23.895,23.895,7.0,13.0,-6.0,0
2013,16,webber,1,28,15:46:25,23.487,23.487,1.0,2.0,-1.0,0
2013,16,perez,1,28,15:46:43,23.541,23.541,3.0,5.0,-2.0,0
2013,16,chilton,1,29,15:49:37,24.757,24.757,19.0,20.0,-1.0,0
2013,16,massa,2,30,15:50:06,23.332,23.332,5.0,10.0,-5.0,0
2013,16,hamilton,2,30,15:50:07,23.574,23.574,6.0,11.0,-5.0,0
2013,16,resta,2,30,15:50:21,24.024,24.024,11.0,14.0,-3.0,0
2013,16,alonso,2,30,15:50:22,23.595,23.595,12.0,13.0,-1.0,0
2013,16,vettel,2,31,15:51:05,23.568,23.568,1.0,1.0,0.0,0
2013,16,bottas,1,31,15:51:52,27.619,27.619,10.0,15.0,-5.0,0
2013,16,webber,2,32,15:52:46,23.459,23.459,2.0,2.0,0.0,0
2013,16,button,3,32,15:53:44,24.754,24.754,14.0,18.0,-4.0,0
2013,16,ricciardo,1,33,15:54:38,25.608,25.608,3.0,8.0,-5.0,0
2013,16,perez,2,33,15:54:42,24.910,24.91,4.0,10.0,-6.0,0
2013,16,hulkenberg,2,33,15:54:45,24.834,24.834,6.0,11.0,-5.0,0
2013,16,jules_bianchi,2,33,15:56:05,25.383,25.383,19.0,20.0,-1.0,0
2013,16,alonso,3,36,15:59:44,24.066,24.066,13.0,16.0,-3.0,0
2013,16,ricciardo,2,38,16:02:35,24.471,24.471,8.0,13.0,-5.0,0
2013,16,maldonado,2,38,16:02:44,26.312,26.312,12.0,15.0,-3.0,0
2013,16,sutil,1,41,16:07:01,23.891,23.891,3.0,9.0,-6.0,0
2013,16,gutierrez,3,47,16:16:34,24.415,24.415,11.0,17.0,-6.0,0
2013,16,bottas,2,49,16:19:37,25.909,25.909,13.0,17.0,-4.0,0
2013,16,chilton,2,52,16:25:27,24.445,24.445,18.0,18.0,0.0,0
2013,16,raikkonen,2,58,16:32:33,24.141,24.141,5.0,7.0,-2.0,0
2013,17,button,1,2,17:07:35,27.176,27.176,15.0,21.0,-6.0,0
2013,17,maldonado,1,5,17:12:55,22.886,22.886,11.0,18.0,-7.0,0
2013,17,jules_bianchi,1,5,17:13:09,24.064,24.064,19.0,20.0,-1.0,0
2013,17,perez,1,6,17:14:42,21.503,21.503,9.0,15.0,-6.0,0
2013,17,chilton,1,6,17:15:04,23.490,23.49,20.0,21.0,-1.0,0
2013,17,hamilton,1,7,17:16:23,21.372,21.372,5.0,12.0,-7.0,0
2013,17,ricciardo,1,7,17:16:41,22.194,22.194,14.0,16.0,-2.0,0
2013,17,garde,1,7,17:16:50,22.834,22.834,16.0,19.0,-3.0,0
2013,17,webber,1,8,17:18:09,21.175,21.175,3.0,8.0,-5.0,0
2013,17,grosjean,1,8,17:18:10,21.627,21.627,4.0,9.0,-5.0,0
2013,17,pic,1,8,17:18:39,22.498,22.498,14.0,18.0,-4.0,0
2013,17,hulkenberg,1,9,17:20:04,22.363,22.363,5.0,12.0,-7.0,0
2013,17,rosberg,1,10,17:21:41,21.653,21.653,2.0,6.0,-4.0,0
2013,17,button,2,11,17:24:21,21.516,21.516,17.0,19.0,-2.0,0
2013,17,vettel,1,14,17:28:39,22.275,22.275,1.0,1.0,0.0,0
2013,17,alonso,1,16,17:32:49,21.530,21.53,3.0,13.0,-10.0,0
2013,17,vergne,1,17,17:34:46,21.930,21.93,7.0,14.0,-7.0,0
2013,17,massa,1,18,17:36:23,21.485,21.485,2.0,8.0,-6.0,0
2013,17,gutierrez,1,18,17:36:43,22.685,22.685,9.0,16.0,-7.0,0
2013,17,resta,1,20,17:40:06,22.270,22.27,2.0,13.0,-11.0,0
2013,17,bottas,1,24,17:47:40,23.361,23.361,10.0,15.0,-5.0,0
2013,17,maldonado,2,25,17:49:29,23.410,23.41,11.0,16.0,-5.0,0
2013,17,hulkenberg,2,27,17:53:04,22.863,22.863,9.0,12.0,-3.0,0
2013,17,perez,2,27,17:53:06,21.370,21.37,10.0,14.0,-4.0,0
2013,17,sutil,1,28,17:54:54,22.048,22.048,7.0,13.0,-6.0,0
2013,17,ricciardo,2,28,17:55:05,22.946,22.946,14.0,17.0,-3.0,0
2013,17,hamilton,2,29,17:56:37,21.609,21.609,6.0,9.0,-3.0,0
2013,17,gutierrez,2,30,17:58:38,22.070,22.07,10.0,16.0,-6.0,0
2013,17,jules_bianchi,2,31,18:01:41,23.576,23.576,20.0,20.0,0.0,0
2013,17,pic,2,32,18:03:05,24.005,24.005,19.0,19.0,0.0,0
2013,17,webber,2,33,18:03:15,21.911,21.911,2.0,3.0,-1.0,0
2013,17,rosberg,2,33,18:03:19,21.633,21.633,3.0,4.0,-1.0,0
2013,17,chilton,2,32,18:03:37,22.802,22.802,21.0,21.0,0.0,0
2013,17,garde,2,33,18:04:45,22.286,22.286,18.0,18.0,0.0,0
2013,17,hulkenberg,3,34,18:05:56,16.147,16.147,11.0,17.0,-6.0,0
2013,17,vettel,2,37,18:09:50,21.298,21.298,1.0,1.0,0.0,0
2013,17,grosjean,2,37,18:10:31,22.286,22.286,2.0,4.0,-2.0,0
2013,17,massa,2,38,18:12:40,22.315,22.315,5.0,9.0,-4.0,0
2013,17,alonso,2,44,18:23:20,21.453,21.453,5.0,7.0,-2.0,0
2013,17,bottas,2,45,18:25:31,26.680,26.68,10.0,17.0,-7.0,0
2013,17,vergne,2,51,18:36:34,23.608,23.608,14.0,17.0,-3.0,0
2013,18,chilton,1,5,13:15:49,18.737,18.737,20.0,21.0,-1.0,0
2013,18,maldonado,1,8,13:21:04,32.794,32.794,16.0,21.0,-5.0,0
2013,18,kovalainen,1,17,13:36:46,25.323,25.323,12.0,16.0,-4.0,0
2013,18,button,1,20,13:42:04,24.589,24.589,13.0,16.0,-3.0,0
2013,18,pic,1,20,13:42:30,27.568,27.568,19.0,20.0,-1.0,0
2013,18,massa,1,21,13:43:48,23.936,23.936,12.0,15.0,-3.0,0
2013,18,jules_bianchi,1,21,13:44:14,26.205,26.205,17.0,18.0,-1.0,0
2013,18,garde,1,21,13:44:15,25.268,25.268,18.0,19.0,-1.0,0
2013,18,perez,1,22,13:45:19,23.808,23.808,6.0,9.0,-3.0,0
2013,18,resta,1,22,13:45:29,24.444,24.444,9.0,12.0,-3.0,0
2013,18,rosberg,1,22,13:45:30,23.806,23.806,10.0,13.0,-3.0,0
2013,18,ricciardo,1,22,13:45:31,24.226,24.226,11.0,14.0,-3.0,0
2013,18,bottas,1,23,13:47:05,25.014,25.014,8.0,10.0,-2.0,0
2013,18,hamilton,1,25,13:50:25,23.904,23.904,4.0,5.0,-1.0,0
2013,18,alonso,1,26,13:52:15,23.817,23.817,6.0,7.0,-1.0,0
2013,18,vettel,1,27,13:53:30,24.086,24.086,1.0,2.0,-1.0,0
2013,18,chilton,2,26,13:53:36,24.293,24.293,21.0,21.0,0.0,0
2013,18,hulkenberg,1,27,13:53:54,24.030,24.03,4.0,5.0,-1.0,0
2013,18,vergne,1,27,13:54:22,24.381,24.381,9.0,16.0,-7.0,0
2013,18,webber,1,28,13:55:26,23.537,23.537,3.0,3.0,0.0,0
2013,18,grosjean,1,29,13:57:05,23.876,23.876,1.0,2.0,-1.0,0
2013,18,kovalainen,2,31,14:01:31,36.333,36.333,11.0,17.0,-6.0,0
2013,18,gutierrez,2,36,14:10:01,25.027,25.027,9.0,15.0,-6.0,0
2013,18,massa,2,38,14:13:40,24.116,24.116,12.0,16.0,-4.0,0
2013,18,resta,2,49,14:32:33,24.914,24.914,11.0,16.0,-5.0,0
2013,18,pic,2,50,14:35:29,18.692,18.692,20.0,20.0,0.0,0
2013,19,vergne,1,10,14:16:58,23.455,23.455,14.0,20.0,-6.0,0
2013,19,ricciardo,1,14,14:22:11,22.721,22.721,9.0,15.0,-6.0,0
2013,19,kovalainen,1,15,14:23:39,23.019,23.019,16.0,20.0,-4.0,0
2013,19,bottas,1,17,14:26:13,24.166,24.166,10.0,19.0,-9.0,0
2013,19,sutil,1,17,14:26:14,23.161,23.161,11.0,14.0,-3.0,0
2013,19,massa,1,19,14:28:38,22.342,22.342,5.0,6.0,-1.0,0
2013,19,perez,1,19,14:28:47,22.591,22.591,9.0,11.0,-2.0,0
2013,19,button,1,20,14:30:03,22.746,22.746,7.0,7.0,0.0,0
2013,19,hulkenberg,1,20,14:30:06,23.887,23.887,8.0,11.0,-3.0,0
2013,19,resta,1,20,14:30:15,23.237,23.237,10.0,14.0,-4.0,0
2013,19,alonso,1,21,14:31:09,22.755,22.755,3.0,3.0,0.0,0
2013,19,hamilton,1,21,14:31:13,22.655,22.655,4.0,5.0,-1.0,0
2013,19,jules_bianchi,1,21,14:32:02,24.657,24.657,20.0,21.0,-1.0,0
2013,19,rosberg,1,22,14:32:39,23.328,23.328,5.0,7.0,-2.0,0
2013,19,gutierrez,1,22,14:33:00,23.857,23.857,7.0,15.0,-8.0,0
2013,19,webber,1,23,14:33:42,25.012,25.012,2.0,3.0,-1.0,0
2013,19,maldonado,1,23,14:34:24,23.600,23.6,10.0,17.0,-7.0,0
2013,19,vettel,1,24,14:34:51,22.510,22.51,1.0,1.0,0.0,0
2013,19,garde,1,24,14:36:01,23.732,23.732,16.0,18.0,-2.0,0
2013,19,pic,1,25,14:37:24,24.099,24.099,17.0,19.0,-2.0,0
2013,19,chilton,1,26,14:38:59,25.060,25.06,19.0,21.0,-2.0,0
2013,19,vergne,2,28,14:41:19,24.183,24.183,17.0,17.0,0.0,0
2013,19,massa,2,34,14:48:24,17.367,17.367,4.0,8.0,-4.0,0
2013,19,kovalainen,2,34,14:49:00,22.646,22.646,13.0,16.0,-3.0,0
2013,19,sutil,2,37,14:52:49,24.001,24.001,11.0,15.0,-4.0,0
2013,19,bottas,2,41,14:58:30,23.695,23.695,14.0,17.0,-3.0,0
2013,19,ricciardo,2,42,14:59:24,23.340,23.34,10.0,13.0,-3.0,0
2013,19,button,2,43,15:00:19,23.788,23.788,5.0,6.0,-1.0,0
2013,19,massa,3,43,15:00:27,22.655,22.655,8.0,9.0,-1.0,0
2013,19,maldonado,2,43,15:00:59,26.734,26.734,13.0,16.0,-3.0,0
2013,19,rosberg,2,44,15:01:40,22.753,22.753,5.0,6.0,-1.0,0
2013,19,perez,2,44,15:01:41,22.397,22.397,6.0,7.0,-1.0,0
2013,19,hulkenberg,2,46,15:04:31,23.237,23.237,5.0,9.0,-4.0,0
2013,19,vettel,2,47,15:04:55,32.899,32.899,1.0,1.0,0.0,0
2013,19,webber,2,47,15:05:08,26.718,26.718,2.0,2.0,0.0,0
2013,19,vergne,3,46,15:05:09,23.451,23.451,15.0,16.0,-1.0,0
2013,19,alonso,2,47,15:05:13,22.732,22.732,3.0,3.0,0.0,0
2013,19,hamilton,2,47,15:05:43,24.423,24.423,4.0,8.0,-4.0,0
2013,19,resta,2,47,15:06:01,23.330,23.33,10.0,13.0,-3.0,0
2013,19,gutierrez,2,47,15:06:09,23.138,23.138,11.0,14.0,-3.0,0
2013,19,garde,2,47,15:06:59,27.107,27.107,18.0,18.0,0.0,0
2013,19,jules_bianchi,2,47,15:07:06,23.403,23.403,19.0,19.0,0.0,0
2013,19,chilton,2,48,15:08:47,23.449,23.449,20.0,20.0,0.0,0
2013,19,hamilton,3,52,15:12:31,17.385,17.385,8.0,10.0,-2.0,0
2013,19,garde,3,52,15:13:57,17.339,17.339,18.0,19.0,-1.0,0
2013,19,sutil,3,54,15:15:17,22.981,22.981,9.0,14.0,-5.0,0
2013,19,chilton,3,66,15:32:58,23.222,23.222,19.0,19.0,0.0,0
2014,1,bottas,1,10,17:24:46,34.921,34.921,6.0,16.0,-10.0,0
2014,1,button,1,11,17:26:02,22.411,22.411,9.0,6.0,3.0,1
2014,1,perez,2,11,17:27:03,22.497,22.497,15.0,17.0,-2.0,0
2014,1,rosberg,1,12,17:27:27,24.331,24.331,1.0,1.0,0.0,0
2014,1,ricciardo,1,12,17:27:37,22.994,22.994,2.0,2.0,0.0,0
2014,1,kevin_magnussen,1,12,17:27:45,23.150,23.15,3.0,3.0,0.0,0
2014,1,hulkenberg,1,12,17:27:51,22.615,22.615,4.0,4.0,0.0,0
2014,1,alonso,1,12,17:27:55,22.887,22.887,5.0,5.0,0.0,0
2014,1,raikkonen,1,12,17:28:02,25.543,25.543,6.0,8.0,-2.0,0
2014,1,vergne,1,12,17:28:02,23.124,23.124,7.0,7.0,0.0,0
2014,1,kvyat,1,12,17:28:03,30.514,30.514,8.0,10.0,-2.0,0
2014,1,ericsson,1,23,17:48:18,23.238,23.238,16.0,16.0,0.0,0
2014,1,chilton,1,24,17:49:56,24.209,24.209,16.0,17.0,-1.0,0
2014,1,jules_bianchi,1,20,17:54:48,23.821,23.821,18.0,18.0,0.0,0
2014,1,grosjean,2,28,17:56:08,22.264,22.264,13.0,13.0,0.0,0
2014,1,gutierrez,2,30,17:59:29,23.797,23.797,13.0,14.0,-1.0,0
2014,1,button,2,32,18:02:01,22.399,22.399,6.0,8.0,-2.0,0
2014,1,perez,3,32,18:02:29,22.526,22.526,12.0,12.0,0.0,0
2014,1,hulkenberg,2,33,18:03:36,22.933,22.933,4.0,9.0,-5.0,0
2014,1,vergne,2,33,18:03:39,22.978,22.978,6.0,10.0,-4.0,0
2014,1,alonso,2,35,18:06:45,21.978,21.978,4.0,5.0,-1.0,0
2014,1,sutil,1,35,18:07:21,24.305,24.305,11.0,13.0,-2.0,0
2014,1,ricciardo,2,36,18:08:06,22.427,22.427,2.0,2.0,0.0,0
2014,1,bottas,2,36,18:08:28,23.117,23.117,4.0,8.0,-4.0,0
2014,1,raikkonen,2,36,18:08:30,21.825,21.825,5.0,9.0,-4.0,0
2014,1,kvyat,2,36,18:08:31,23.920,23.92,6.0,10.0,-4.0,0
2014,1,kevin_magnussen,2,37,18:09:47,22.273,22.273,2.0,3.0,-1.0,0
2014,1,rosberg,2,38,18:10:59,23.673,23.673,1.0,1.0,0.0,0
2014,1,chilton,2,41,18:18:13,23.493,23.493,15.0,15.0,0.0,0
2014,1,jules_bianchi,2,35,18:19:32,22.656,22.656,16.0,16.0,0.0,0
2014,2,vergne,1,2,16:07:55,45.629,45.629,18.0,19.0,-1.0,0
2014,2,raikkonen,1,2,16:08:22,26.399,26.399,7.0,20.0,-13.0,0
2014,2,kevin_magnussen,1,9,16:20:38,37.116,37.116,8.0,15.0,-7.0,0
2014,2,kvyat,1,10,16:22:31,25.109,25.109,10.0,12.0,-2.0,0
2014,2,gutierrez,1,10,16:22:33,29.420,29.42,12.0,14.0,-2.0,0
2014,2,chilton,1,10,16:22:44,25.639,25.639,17.0,16.0,1.0,1
2014,2,alonso,1,11,16:24:00,24.466,24.466,5.0,8.0,-3.0,0
2014,2,sutil,1,11,16:24:25,25.998,25.998,12.0,15.0,-3.0,0
2014,2,ericsson,1,11,16:24:33,30.040,30.04,15.0,18.0,-3.0,0
2014,2,ricciardo,1,12,16:25:46,24.709,24.709,4.0,5.0,-1.0,0
2014,2,massa,1,12,16:26:05,24.637,24.637,8.0,10.0,-2.0,0
2014,2,grosjean,1,12,16:26:14,25.046,25.046,10.0,13.0,-3.0,0
2014,2,vettel,1,13,16:27:33,24.432,24.432,3.0,4.0,-1.0,0
2014,2,button,1,13,16:27:49,24.841,24.841,6.0,7.0,-1.0,0
2014,2,rosberg,1,14,16:29:15,24.723,24.723,2.0,3.0,-1.0,0
2014,2,bottas,1,14,16:29:48,25.020,25.02,6.0,10.0,-4.0,0
2014,2,hamilton,1,15,16:30:55,24.604,24.604,1.0,1.0,0.0,0
2014,2,kobayashi,1,15,16:31:53,27.124,27.124,9.0,15.0,-6.0,0
2014,2,hulkenberg,1,16,16:33:07,25.336,25.336,2.0,6.0,-4.0,0
2014,2,raikkonen,2,18,16:37:53,24.417,24.417,18.0,18.0,0.0,0
2014,2,kvyat,2,22,16:44:37,27.473,27.473,10.0,14.0,-4.0,0
2014,2,gutierrez,2,23,16:46:42,26.325,26.325,14.0,16.0,-2.0,0
2014,2,kevin_magnussen,2,24,16:48:18,30.661,30.661,10.0,12.0,-2.0,0
2014,2,sutil,2,24,16:48:28,25.493,25.493,12.0,14.0,-2.0,0
2014,2,button,2,25,16:49:48,24.524,24.524,7.0,9.0,-2.0,0
2014,2,grosjean,2,25,16:50:09,25.596,25.596,10.0,13.0,-3.0,0
2014,2,ericsson,2,26,16:52:40,26.515,26.515,17.0,17.0,0.0,0
2014,2,alonso,2,27,16:53:03,24.222,24.222,5.0,6.0,-1.0,0
2014,2,massa,2,27,16:53:28,24.577,24.577,7.0,9.0,-2.0,0
2014,2,chilton,2,27,16:54:31,29.210,29.21,16.0,18.0,-2.0,0
2014,2,ricciardo,2,28,16:54:45,24.775,24.775,4.0,5.0,-1.0,0
2014,2,bottas,2,29,16:57:09,24.964,24.964,7.0,9.0,-2.0,0
2014,2,vettel,2,31,17:00:00,24.728,24.728,3.0,4.0,-1.0,0
2014,2,kobayashi,2,31,17:01:26,26.505,26.505,12.0,15.0,-3.0,0
2014,2,rosberg,2,32,17:01:43,25.287,25.287,2.0,2.0,0.0,0
2014,2,hamilton,2,33,17:03:18,25.296,25.296,1.0,1.0,0.0,0
2014,2,hulkenberg,2,34,17:05:38,24.887,24.887,2.0,6.0,-4.0,0
2014,2,kvyat,3,34,17:06:44,25.289,25.289,11.0,12.0,-1.0,0
2014,2,raikkonen,3,34,17:07:07,24.246,24.246,14.0,14.0,0.0,0
2014,2,ericsson,3,38,17:15:01,26.030,26.03,15.0,16.0,-1.0,0
2014,2,button,3,39,17:15:13,25.028,25.028,7.0,8.0,-1.0,0
2014,2,kevin_magnussen,3,39,17:15:37,24.415,24.415,10.0,9.0,1.0,1
2014,2,grosjean,3,40,17:17:34,25.735,25.735,11.0,11.0,0.0,0
2014,2,alonso,3,42,17:20:04,24.641,24.641,4.0,5.0,-1.0,0
2014,2,chilton,3,41,17:20:31,27.828,27.828,15.0,15.0,0.0,0
2014,2,massa,3,42,17:20:35,24.526,24.526,6.0,8.0,-2.0,0
2014,2,bottas,3,44,17:24:12,24.498,24.498,6.0,8.0,-2.0,0
2014,2,ricciardo,5,44,17:26:23,34.480,34.48,16.0,16.0,0.0,0
2014,2,vettel,3,49,17:32:08,25.186,25.186,3.0,3.0,0.0,0
2014,2,rosberg,3,50,17:33:47,24.654,24.654,2.0,2.0,0.0,0
2014,2,hamilton,3,51,17:35:18,24.484,24.484,1.0,1.0,0.0,0
2014,3,sutil,1,7,18:16:37,25.293,25.293,20.0,21.0,-1.0,0
2014,3,bottas,1,10,18:21:24,25.040,25.04,5.0,14.0,-9.0,0
2014,3,kvyat,1,10,18:21:32,26.064,26.064,13.0,17.0,-4.0,0
2014,3,jules_bianchi,1,10,18:21:44,25.756,25.756,17.0,19.0,-2.0,0
2014,3,ericsson,1,11,18:23:34,25.367,25.367,19.0,18.0,1.0,1
2014,3,chilton,1,11,18:23:35,25.858,25.858,20.0,19.0,1.0,1
2014,3,alonso,1,12,18:24:52,25.770,25.77,7.0,12.0,-5.0,0
2014,3,gutierrez,1,12,18:25:08,25.543,25.543,13.0,16.0,-3.0,0
2014,3,massa,1,13,18:26:30,24.528,24.528,4.0,10.0,-6.0,0
2014,3,raikkonen,1,13,18:26:37,25.009,25.009,7.0,13.0,-6.0,0
2014,3,grosjean,1,13,18:26:50,25.192,25.192,13.0,17.0,-4.0,0
2014,3,jules_bianchi,2,13,18:27:52,29.729,29.729,19.0,20.0,-1.0,0
2014,3,kevin_magnussen,1,14,18:28:29,24.611,24.611,10.0,14.0,-4.0,0
2014,3,sutil,2,13,18:29:29,40.747,40.747,18.0,22.0,-4.0,0
2014,3,vergne,2,14,18:29:48,25.897,25.897,21.0,20.0,1.0,1
2014,3,hulkenberg,1,15,18:29:59,24.757,24.757,5.0,8.0,-3.0,0
2014,3,kobayashi,1,15,18:30:29,27.124,27.124,15.0,19.0,-4.0,0
2014,3,perez,1,16,18:31:38,24.697,24.697,3.0,8.0,-5.0,0
2014,3,vettel,1,16,18:31:48,24.964,24.964,7.0,13.0,-6.0,0
2014,3,button,1,17,18:33:25,24.476,24.476,4.0,9.0,-5.0,0
2014,3,ricciardo,1,18,18:35:12,24.706,24.706,4.0,12.0,-8.0,0
2014,3,hamilton,1,19,18:36:24,24.687,24.687,1.0,2.0,-1.0,0
2014,3,maldonado,1,19,18:37:12,25.395,25.395,10.0,16.0,-6.0,0
2014,3,jules_bianchi,3,18,18:37:15,18.989,18.989,21.0,20.0,1.0,1
2014,3,rosberg,1,21,18:39:48,24.851,24.851,1.0,2.0,-1.0,0
2014,3,kvyat,2,24,18:45:46,25.340,25.34,12.0,16.0,-4.0,0
2014,3,bottas,2,25,18:47:07,25.068,25.068,3.0,11.0,-8.0,0
2014,3,kevin_magnussen,2,25,18:47:29,24.559,24.559,12.0,14.0,-2.0,0
2014,3,ericsson,2,26,18:49:57,25.819,25.819,19.0,19.0,0.0,0
2014,3,gutierrez,2,27,18:51:10,25.633,25.633,14.0,17.0,-3.0,0
2014,3,massa,2,28,18:52:16,25.896,25.896,3.0,10.0,-7.0,0
2014,3,alonso,2,28,18:52:21,24.576,24.576,7.0,11.0,-4.0,0
2014,3,grosjean,2,28,18:52:44,25.032,25.032,12.0,15.0,-3.0,0
2014,3,chilton,2,28,18:53:21,27.233,27.233,18.0,19.0,-1.0,0
2014,3,jules_bianchi,4,31,19:00:23,25.866,25.866,20.0,20.0,0.0,0
2014,3,raikkonen,2,33,19:01:01,25.415,25.415,9.0,13.0,-4.0,0
2014,3,perez,2,34,19:02:23,24.737,24.737,3.0,5.0,-2.0,0
2014,3,vettel,2,34,19:02:35,26.186,26.186,6.0,9.0,-3.0,0
2014,3,hulkenberg,2,35,19:04:06,24.440,24.44,3.0,6.0,-3.0,0
2014,3,button,2,35,19:04:08,25.245,25.245,5.0,8.0,-3.0,0
2014,3,ricciardo,2,35,19:04:23,24.816,24.816,8.0,10.0,-2.0,0
2014,3,kobayashi,2,35,19:05:19,26.628,26.628,17.0,17.0,0.0,0
2014,3,grosjean,3,37,19:08:17,25.693,25.693,15.0,16.0,-1.0,0
2014,3,massa,3,38,19:09:23,24.575,24.575,4.0,10.0,-6.0,0
2014,3,kevin_magnussen,3,38,19:09:48,25.572,25.572,12.0,12.0,0.0,0
2014,3,maldonado,2,39,19:11:30,26.440,26.44,11.0,14.0,-3.0,0
2014,3,kvyat,3,39,19:11:36,25.345,25.345,14.0,12.0,2.0,1
2014,3,bottas,3,40,19:12:44,25.980,25.98,3.0,9.0,-6.0,0
2014,3,hamilton,2,41,19:13:29,25.146,25.146,1.0,1.0,0.0,0
2014,3,rosberg,2,41,19:13:42,24.907,24.907,2.0,2.0,0.0,0
2014,3,chilton,3,40,19:14:34,25.981,25.981,18.0,16.0,2.0,1
2014,3,alonso,3,41,19:14:50,24.493,24.493,6.0,10.0,-4.0,0
2014,3,raikkonen,3,41,19:15:09,24.453,24.453,11.0,11.0,0.0,0
2014,3,jules_bianchi,5,40,19:16:59,25.383,25.383,19.0,17.0,2.0,1
2014,3,maldonado,4,47,19:27:48,32.874,32.874,14.0,16.0,-2.0,0
2014,4,button,1,7,15:16:33,22.408,22.408,13.0,20.0,-7.0,0
2014,4,grosjean,1,9,15:19:58,23.213,23.213,9.0,12.0,-3.0,0
2014,4,massa,1,10,15:21:37,1:18.277,78.277,6.0,21.0,-15.0,0
2014,4,raikkonen,1,10,15:21:45,22.994,22.994,9.0,13.0,-4.0,0
2014,4,perez,1,10,15:21:51,22.914,22.914,12.0,15.0,-3.0,0
2014,4,ericsson,1,10,15:22:18,23.677,23.677,21.0,20.0,1.0,1
2014,4,alonso,1,11,15:23:16,22.776,22.776,3.0,4.0,-1.0,0
2014,4,hulkenberg,1,11,15:23:24,23.438,23.438,6.0,8.0,-2.0,0
2014,4,kobayashi,1,11,15:23:49,24.883,24.883,15.0,16.0,-1.0,0
2014,4,maldonado,1,11,15:23:51,24.010,24.01,16.0,17.0,-1.0,0
2014,4,jules_bianchi,1,11,15:23:56,24.784,24.784,18.0,18.0,0.0,0
2014,4,vettel,1,12,15:25:00,22.570,22.57,2.0,4.0,-2.0,0
2014,4,bottas,1,12,15:25:09,24.780,24.78,6.0,9.0,-3.0,0
2014,4,chilton,1,12,15:25:48,23.781,23.781,18.0,19.0,-1.0,0
2014,4,rosberg,1,13,15:26:51,23.277,23.277,4.0,5.0,-1.0,0
2014,4,kvyat,1,14,15:28:56,23.521,23.521,6.0,13.0,-7.0,0
2014,4,gutierrez,1,14,15:29:04,22.988,22.988,9.0,15.0,-6.0,0
2014,4,ricciardo,1,15,15:30:17,23.186,23.186,2.0,5.0,-3.0,0
2014,4,vergne,1,15,15:30:46,24.119,24.119,6.0,14.0,-8.0,0
2014,4,hamilton,1,17,15:33:31,22.968,22.968,1.0,1.0,0.0,0
2014,4,kevin_magnussen,1,17,15:34:28,23.670,23.67,10.0,15.0,-5.0,0
2014,4,gutierrez,2,27,15:52:18,23.252,23.252,14.0,16.0,-2.0,0
2014,4,ericsson,2,27,15:53:08,23.730,23.73,21.0,20.0,1.0,1
2014,4,button,2,28,15:53:59,22.548,22.548,13.0,14.0,-1.0,0
2014,4,jules_bianchi,2,28,15:54:28,24.320,24.32,18.0,19.0,-1.0,0
2014,4,perez,2,30,15:57:11,23.636,23.636,9.0,9.0,0.0,0
2014,4,kobayashi,2,30,15:57:59,25.402,25.402,15.0,17.0,-2.0,0
2014,4,hulkenberg,2,31,15:58:34,22.764,22.764,6.0,6.0,0.0,0
2014,4,bottas,2,31,15:58:35,23.639,23.639,7.0,7.0,0.0,0
2014,4,raikkonen,2,31,15:58:50,23.291,23.291,8.0,8.0,0.0,0
2014,4,kvyat,2,31,15:59:08,23.628,23.628,10.0,10.0,0.0,0
2014,4,kevin_magnussen,2,31,15:59:19,22.579,22.579,12.0,13.0,-1.0,0
2014,4,massa,2,31,15:59:50,23.830,23.83,17.0,17.0,0.0,0
2014,4,vergne,2,32,16:00:58,24.417,24.417,9.0,12.0,-3.0,0
2014,4,maldonado,2,32,16:01:12,23.022,23.022,13.0,15.0,-2.0,0
2014,4,alonso,2,33,16:01:40,22.947,22.947,2.0,4.0,-2.0,0
2014,4,chilton,2,32,16:01:49,23.878,23.878,17.0,19.0,-2.0,0
2014,4,vettel,2,34,16:03:40,22.246,22.246,5.0,5.0,0.0,0
2014,4,rosberg,2,37,16:08:37,23.089,23.089,2.0,3.0,-1.0,0
2014,4,ricciardo,2,37,16:08:42,22.498,22.498,3.0,4.0,-1.0,0
2014,4,hamilton,2,38,16:09:59,23.999,23.999,1.0,1.0,0.0,0
2014,4,gutierrez,3,40,16:15:29,22.734,22.734,15.0,16.0,-1.0,0
2014,4,kobayashi,3,40,16:15:53,24.722,24.722,17.0,18.0,-1.0,0
2014,4,ericsson,3,42,16:20:02,23.969,23.969,20.0,20.0,0.0,0
2014,4,chilton,3,48,16:30:26,23.886,23.886,19.0,19.0,0.0,0
2014,5,vettel,1,12,14:22:29,21.974,21.974,13.0,19.0,-6.0,0
2014,5,ricciardo,1,14,14:25:18,21.969,21.969,4.0,9.0,-5.0,0
2014,5,grosjean,1,15,14:26:57,22.126,22.126,5.0,12.0,-7.0,0
2014,5,massa,1,15,14:27:02,22.890,22.89,8.0,14.0,-6.0,0
2014,5,maldonado,1,15,14:27:21,27.851,27.851,17.0,22.0,-5.0,0
2014,5,alonso,1,16,14:28:34,21.970,21.97,5.0,10.0,-5.0,0
2014,5,vergne,1,16,14:28:57,22.976,22.976,16.0,18.0,-2.0,0
2014,5,raikkonen,1,17,14:30:07,22.056,22.056,4.0,6.0,-2.0,0
2014,5,hulkenberg,1,17,14:30:13,22.355,22.355,6.0,11.0,-5.0,0
2014,5,button,1,17,14:30:19,21.810,21.81,10.0,13.0,-3.0,0
2014,5,sutil,1,17,14:30:29,28.013,28.013,13.0,20.0,-7.0,0
2014,5,chilton,1,17,14:30:46,24.337,24.337,20.0,21.0,-1.0,0
2014,5,hamilton,1,18,14:31:07,22.951,22.951,1.0,2.0,-1.0,0
2014,5,perez,1,18,14:31:48,22.367,22.367,5.0,11.0,-6.0,0
2014,5,kvyat,1,18,14:31:51,22.703,22.703,8.0,13.0,-5.0,0
2014,5,gutierrez,1,18,14:32:02,23.063,23.063,11.0,18.0,-7.0,0
2014,5,ericsson,1,18,14:32:30,23.091,23.091,20.0,22.0,-2.0,0
2014,5,kevin_magnussen,1,19,14:33:31,21.894,21.894,7.0,14.0,-7.0,0
2014,5,bottas,1,20,14:34:39,22.824,22.824,3.0,4.0,-1.0,0
2014,5,rosberg,1,21,14:35:43,22.254,22.254,1.0,2.0,-1.0,0
2014,5,jules_bianchi,1,21,14:37:01,22.928,22.928,14.0,21.0,-7.0,0
2014,5,kobayashi,1,23,14:40:18,22.789,22.789,18.0,20.0,-2.0,0
2014,5,massa,2,28,14:47:33,22.381,22.381,8.0,14.0,-6.0,0
2014,5,chilton,2,31,14:53:03,23.232,23.232,18.0,21.0,-3.0,0
2014,5,vettel,2,33,14:55:18,21.599,21.599,8.0,13.0,-5.0,0
2014,5,grosjean,2,34,14:56:49,22.078,22.078,7.0,14.0,-7.0,0
2014,5,alonso,2,35,14:58:14,22.014,22.014,6.0,7.0,-1.0,0
2014,5,sutil,2,35,14:58:53,23.378,23.378,17.0,16.0,1.0,1
2014,5,hulkenberg,2,36,14:59:56,22.724,22.724,7.0,11.0,-4.0,0
2014,5,button,2,36,15:00:01,24.408,24.408,9.0,13.0,-4.0,0
2014,5,kvyat,2,36,15:00:07,22.841,22.841,10.0,14.0,-4.0,0
2014,5,gutierrez,2,36,15:00:25,24.780,24.78,16.0,17.0,-1.0,0
2014,5,perez,2,37,15:01:31,22.282,22.282,6.0,12.0,-6.0,0
2014,5,maldonado,2,37,15:01:54,22.024,22.024,15.0,15.0,0.0,0
2014,5,ericsson,2,40,15:07:44,26.671,26.671,20.0,20.0,0.0,0
2014,5,kevin_magnussen,2,41,15:07:56,21.768,21.768,9.0,14.0,-5.0,0
2014,5,jules_bianchi,2,41,15:08:45,22.568,22.568,18.0,18.0,0.0,0
2014,5,hamilton,2,43,15:09:35,23.590,23.59,1.0,2.0,-1.0,0
2014,5,raikkonen,2,43,15:10:34,22.727,22.727,5.0,7.0,-2.0,0
2014,5,chilton,3,42,15:10:46,23.586,23.586,19.0,19.0,0.0,0
2014,5,rosberg,2,45,15:12:42,22.309,22.309,1.0,2.0,-1.0,0
2014,5,ricciardo,2,45,15:13:16,21.830,21.83,3.0,3.0,0.0,0
2014,5,bottas,2,45,15:13:31,22.701,22.701,4.0,6.0,-2.0,0
2014,5,massa,3,46,15:15:37,22.304,22.304,8.0,14.0,-6.0,0
2014,5,vettel,3,52,15:24:24,21.608,21.608,5.0,6.0,-1.0,0
2014,5,gutierrez,3,52,15:25:31,23.025,23.025,17.0,17.0,0.0,0
2014,5,alonso,3,53,15:25:53,21.664,21.664,4.0,7.0,-3.0,0
2014,5,kvyat,3,53,15:26:38,22.984,22.984,13.0,16.0,-3.0,0
2014,6,grosjean,2,23,14:37:00,25.029,25.029,18.0,15.0,3.0,1
2014,6,chilton,1,24,14:38:19,33.074,33.074,16.0,17.0,-1.0,0
2014,6,button,1,25,14:38:59,25.992,25.992,9.0,10.0,-1.0,0
2014,6,gutierrez,1,25,14:39:10,25.906,25.906,12.0,12.0,0.0,0
2014,6,jules_bianchi,1,25,14:39:30,32.658,32.658,14.0,14.0,0.0,0
2014,6,kobayashi,1,25,14:39:30,25.421,25.421,13.0,13.0,0.0,0
2014,6,rosberg,1,26,14:39:54,24.672,24.672,1.0,1.0,0.0,0
2014,6,hamilton,1,26,14:40:01,27.509,27.509,2.0,2.0,0.0,0
2014,6,ericsson,1,25,14:40:02,28.091,28.091,15.0,16.0,-1.0,0
2014,6,ricciardo,1,26,14:40:07,26.584,26.584,4.0,3.0,1.0,1
2014,6,alonso,1,26,14:40:12,26.499,26.499,5.0,4.0,1.0,1
2014,6,kevin_magnussen,1,26,14:40:29,28.943,28.943,6.0,7.0,-1.0,0
2014,6,vergne,1,26,14:40:32,25.444,25.444,7.0,6.0,1.0,1
2014,6,hulkenberg,1,26,14:40:36,25.714,25.714,8.0,8.0,0.0,0
2014,6,bottas,1,26,14:40:41,25.595,25.595,9.0,10.0,-1.0,0
2014,6,raikkonen,2,28,14:44:21,25.684,25.684,3.0,13.0,-10.0,0
2014,6,chilton,2,27,14:44:22,37.352,37.352,17.0,17.0,0.0,0
2014,6,vergne,2,37,14:57:54,19.385,19.385,6.0,13.0,-7.0,0
2014,6,massa,1,45,15:08:42,24.264,24.264,5.0,11.0,-6.0,0
2014,6,ericsson,2,51,15:17:37,25.585,25.585,15.0,14.0,1.0,1
2014,6,kobayashi,2,62,15:34:01,25.116,25.116,13.0,13.0,0.0,0
2014,6,chilton,3,66,15:40:58,26.137,26.137,14.0,14.0,0.0,0
2014,6,raikkonen,3,73,15:47:37,31.896,31.896,8.0,12.0,-4.0,0
2014,7,grosjean,1,11,14:23:03,23.943,23.943,15.0,19.0,-4.0,0
2014,7,ricciardo,1,13,14:25:36,23.606,23.606,6.0,10.0,-4.0,0
2014,7,bottas,1,14,14:26:56,23.448,23.448,4.0,7.0,-3.0,0
2014,7,button,1,14,14:27:05,23.493,23.493,10.0,14.0,-4.0,0
2014,7,vettel,1,15,14:28:14,23.904,23.904,3.0,5.0,-2.0,0
2014,7,massa,1,15,14:28:20,27.949,27.949,4.0,12.0,-8.0,0
2014,7,vergne,1,15,14:28:22,24.433,24.433,5.0,10.0,-5.0,0
2014,7,kevin_magnussen,1,15,14:28:30,23.479,23.479,10.0,16.0,-6.0,0
2014,7,sutil,1,15,14:28:33,23.703,23.703,11.0,18.0,-7.0,0
2014,7,alonso,1,16,14:29:44,23.932,23.932,3.0,9.0,-6.0,0
2014,7,raikkonen,1,17,14:31:08,23.925,23.925,3.0,13.0,-10.0,0
2014,7,rosberg,1,18,14:32:06,23.882,23.882,1.0,1.0,0.0,0
2014,7,hamilton,1,19,14:33:29,24.417,24.417,1.0,2.0,-1.0,0
2014,7,kvyat,1,29,14:47:47,25.235,25.235,13.0,17.0,-4.0,0
2014,7,gutierrez,3,32,14:52:08,24.403,24.403,16.0,17.0,-1.0,0
2014,7,perez,1,34,14:54:04,23.907,23.907,3.0,9.0,-6.0,0
2014,7,bottas,2,35,14:55:26,24.491,24.491,5.0,12.0,-7.0,0
2014,7,vettel,2,36,14:56:46,23.340,23.34,4.0,9.0,-5.0,0
2014,7,ricciardo,2,37,14:58:06,23.274,23.274,4.0,7.0,-3.0,0
2014,7,button,2,38,14:59:46,25.050,25.05,11.0,12.0,-1.0,0
2014,7,vergne,2,39,15:01:02,23.975,23.975,6.0,11.0,-5.0,0
2014,7,raikkonen,2,39,15:01:06,24.221,24.221,10.0,15.0,-5.0,0
2014,7,sutil,2,40,15:02:56,24.068,24.068,16.0,16.0,0.0,0
2014,7,hulkenberg,1,41,15:03:27,23.902,23.902,3.0,8.0,-5.0,0
2014,7,rosberg,2,44,15:07:09,25.102,25.102,1.0,2.0,-1.0,0
2014,7,alonso,2,44,15:07:33,23.790,23.79,4.0,9.0,-5.0,0
2014,7,kevin_magnussen,2,45,15:09:13,23.907,23.907,10.0,11.0,-1.0,0
2014,7,grosjean,2,46,15:10:53,23.856,23.856,13.0,13.0,0.0,0
2014,7,massa,2,48,15:12:49,24.012,24.012,1.0,7.0,-6.0,0
2014,8,grosjean,1,3,14:07:00,21.884,21.884,19.0,21.0,-2.0,0
2014,8,vergne,1,8,14:13:14,22.232,22.232,13.0,20.0,-7.0,0
2014,8,hulkenberg,1,9,14:14:26,21.920,21.92,8.0,16.0,-8.0,0
2014,8,kevin_magnussen,1,10,14:15:40,21.670,21.67,6.0,13.0,-7.0,0
2014,8,ricciardo,1,10,14:15:42,21.467,21.467,9.0,17.0,-8.0,0
2014,8,kvyat,1,10,14:15:42,21.906,21.906,8.0,16.0,-8.0,0
2014,8,rosberg,1,11,14:16:41,21.474,21.474,3.0,7.0,-4.0,0
2014,8,sutil,1,11,14:17:03,22.960,22.96,12.0,20.0,-8.0,0
2014,8,gutierrez,1,12,14:18:21,55.222,55.222,9.0,21.0,-12.0,0
2014,8,hamilton,1,13,14:19:10,22.226,22.226,3.0,4.0,-1.0,0
2014,8,massa,1,14,14:20:24,21.896,21.896,1.0,5.0,-4.0,0
2014,8,alonso,1,14,14:20:35,21.234,21.234,4.0,8.0,-4.0,0
2014,8,kobayashi,1,14,14:21:00,22.480,22.48,10.0,20.0,-10.0,0
2014,8,bottas,1,15,14:21:40,21.133,21.133,1.0,3.0,-2.0,0
2014,8,raikkonen,1,15,14:22:00,21.914,21.914,4.0,14.0,-10.0,0
2014,8,vettel,1,20,14:29:37,21.381,21.381,22.0,22.0,0.0,0
2014,8,gutierrez,2,21,14:30:35,29.067,29.067,21.0,21.0,0.0,0
2014,8,maldonado,1,26,14:36:02,23.343,23.343,10.0,14.0,-4.0,0
2014,8,button,1,27,14:37:01,21.505,21.505,6.0,11.0,-5.0,0
2014,8,grosjean,2,27,14:37:37,24.212,24.212,15.0,18.0,-3.0,0
2014,8,ericsson,1,28,14:39:03,23.177,23.177,17.0,19.0,-2.0,0
2014,8,perez,1,29,14:39:23,23.770,23.77,4.0,8.0,-4.0,0
2014,8,vettel,2,28,14:39:56,29.844,29.844,21.0,21.0,0.0,0
2014,8,chilton,1,37,14:50:48,22.977,22.977,19.0,19.0,0.0,0
2014,8,hamilton,2,39,14:51:40,22.555,22.555,3.0,5.0,-2.0,0
2014,8,hulkenberg,2,39,14:52:03,22.246,22.246,8.0,11.0,-3.0,0
2014,8,vergne,2,39,14:52:32,22.374,22.374,12.0,14.0,-2.0,0
2014,8,rosberg,2,40,14:52:50,21.664,21.664,1.0,3.0,-2.0,0
2014,8,kevin_magnussen,2,40,14:53:16,21.882,21.882,6.0,10.0,-4.0,0
2014,8,bottas,2,41,14:54:08,22.208,22.208,2.0,5.0,-3.0,0
2014,8,jules_bianchi,1,40,14:54:11,24.452,24.452,15.0,18.0,-3.0,0
2014,8,massa,2,43,14:56:41,22.096,22.096,1.0,6.0,-5.0,0
2014,8,ricciardo,2,43,14:57:02,21.398,21.398,7.0,10.0,-3.0,0
2014,8,sutil,2,43,14:57:38,22.449,22.449,13.0,14.0,-1.0,0
2014,8,ericsson,2,43,14:58:18,25.178,25.178,17.0,19.0,-2.0,0
2014,8,raikkonen,2,44,14:58:20,21.618,21.618,8.0,11.0,-3.0,0
2014,8,gutierrez,3,45,15:01:17,22.530,22.53,20.0,20.0,0.0,0
2014,8,alonso,2,47,15:01:38,21.276,21.276,1.0,6.0,-5.0,0
2014,8,perez,2,55,15:11:39,21.960,21.96,4.0,8.0,-4.0,0
2014,8,maldonado,2,56,15:13:32,22.612,22.612,12.0,12.0,0.0,0
2014,8,button,2,58,15:15:32,21.242,21.242,6.0,11.0,-5.0,0
2014,9,chilton,2,2,14:09:26,23.154,23.154,10.0,20.0,-10.0,0
2014,9,vettel,1,10,14:20:59,28.558,28.558,5.0,10.0,-5.0,0
2014,9,kvyat,1,14,14:27:58,28.700,28.7,9.0,13.0,-4.0,0
2014,9,ricciardo,1,15,14:29:30,28.483,28.483,7.0,9.0,-2.0,0
2014,9,rosberg,1,18,14:33:49,28.329,28.329,1.0,2.0,-1.0,0
2014,9,kobayashi,1,18,14:35:28,29.507,29.507,17.0,17.0,0.0,0
2014,9,sutil,1,23,14:43:21,29.956,29.956,10.0,15.0,-5.0,0
2014,9,hamilton,1,24,14:43:45,29.679,29.679,1.0,2.0,-1.0,0
2014,9,alonso,1,25,14:46:13,34.410,34.41,5.0,8.0,-3.0,0
2014,9,perez,1,26,14:48:38,29.599,29.599,13.0,15.0,-2.0,0
2014,9,maldonado,1,26,14:48:44,28.831,28.831,14.0,16.0,-2.0,0
2014,9,kevin_magnussen,1,27,14:49:39,28.745,28.745,6.0,7.0,-1.0,0
2014,9,vergne,1,27,14:50:07,30.218,30.218,11.0,11.0,0.0,0
2014,9,button,1,28,14:51:14,28.645,28.645,4.0,5.0,-1.0,0
2014,9,hulkenberg,1,29,14:53:24,29.579,29.579,9.0,9.0,0.0,0
2014,9,jules_bianchi,1,29,14:54:00,30.353,30.353,14.0,15.0,-1.0,0
2014,9,kobayashi,2,29,14:54:55,29.540,29.54,17.0,16.0,1.0,1
2014,9,grosjean,1,30,14:55:23,29.710,29.71,10.0,13.0,-3.0,0
2014,9,bottas,1,31,14:55:58,29.104,29.104,2.0,3.0,-1.0,0
2014,9,chilton,3,29,14:56:02,29.737,29.737,18.0,17.0,1.0,1
2014,9,vettel,2,33,14:59:34,28.787,28.787,2.0,6.0,-4.0,0
2014,9,kvyat,2,35,15:03:28,28.575,28.575,8.0,9.0,-1.0,0
2014,9,hamilton,2,41,15:12:01,29.291,29.291,1.0,1.0,0.0,0
2014,10,ericsson,1,3,14:08:42,27.495,27.495,20.0,21.0,-1.0,0
2014,10,kvyat,1,9,14:17:06,20.313,20.313,8.0,20.0,-12.0,0
2014,10,alonso,1,12,14:20:59,19.174,19.174,4.0,7.0,-3.0,0
2014,10,button,1,13,14:22:30,22.604,22.604,6.0,10.0,-4.0,0
2014,10,ricciardo,1,13,14:22:38,19.050,19.05,8.0,14.0,-6.0,0
2014,10,vergne,1,13,14:22:39,20.274,20.274,11.0,15.0,-4.0,0
2014,10,vettel,1,14,14:23:46,19.607,19.607,3.0,4.0,-1.0,0
2014,10,hulkenberg,1,14,14:23:52,19.564,19.564,4.0,7.0,-3.0,0
2014,10,perez,1,14,14:24:04,21.802,21.802,6.0,16.0,-10.0,0
2014,10,gutierrez,1,14,14:24:08,21.002,21.002,13.0,18.0,-5.0,0
2014,10,rosberg,1,15,14:24:57,20.055,20.055,1.0,1.0,0.0,0
2014,10,bottas,1,15,14:25:07,20.115,20.115,2.0,3.0,-1.0,0
2014,10,kobayashi,1,15,14:25:55,20.121,20.121,20.0,19.0,1.0,1
2014,10,sutil,1,16,14:26:55,20.031,20.031,7.0,16.0,-9.0,0
2014,10,chilton,1,16,14:27:18,23.883,23.883,19.0,20.0,-1.0,0
2014,10,maldonado,1,18,14:29:48,19.099,19.099,8.0,16.0,-8.0,0
2014,10,ericsson,2,18,14:30:40,19.890,19.89,21.0,21.0,0.0,0
2014,10,raikkonen,1,20,14:32:31,19.737,19.737,6.0,13.0,-7.0,0
2014,10,jules_bianchi,1,20,14:32:49,20.031,20.031,14.0,18.0,-4.0,0
2014,10,grosjean,1,24,14:38:27,18.928,18.928,13.0,17.0,-4.0,0
2014,10,hamilton,1,26,14:40:40,19.710,19.71,3.0,8.0,-5.0,0
2014,10,kevin_magnussen,2,29,14:45:25,19.135,19.135,10.0,16.0,-6.0,0
2014,10,button,2,31,14:47:51,18.916,18.916,6.0,8.0,-2.0,0
2014,10,gutierrez,2,31,14:48:20,23.305,23.305,14.0,15.0,-1.0,0
2014,10,sutil,2,32,14:49:41,19.638,19.638,13.0,14.0,-1.0,0
2014,10,kvyat,2,32,14:49:52,20.251,20.251,15.0,17.0,-2.0,0
2014,10,kobayashi,2,32,14:50:24,20.092,20.092,18.0,18.0,0.0,0
2014,10,chilton,2,32,14:50:27,20.920,20.92,19.0,19.0,0.0,0
2014,10,alonso,2,33,14:50:28,19.032,19.032,4.0,5.0,-1.0,0
2014,10,vettel,2,34,14:51:49,19.061,19.061,3.0,6.0,-3.0,0
2014,10,raikkonen,2,34,14:52:22,19.867,19.867,9.0,12.0,-3.0,0
2014,10,perez,2,34,14:52:29,19.843,19.843,11.0,14.0,-3.0,0
2014,10,ricciardo,2,35,14:53:27,19.358,19.358,6.0,8.0,-2.0,0
2014,10,vergne,2,37,14:56:42,26.711,26.711,9.0,16.0,-7.0,0
2014,10,maldonado,2,38,14:58:08,19.126,19.126,9.0,14.0,-5.0,0
2014,10,hulkenberg,2,39,14:59:03,19.514,19.514,6.0,8.0,-2.0,0
2014,10,bottas,2,40,14:59:58,20.206,20.206,2.0,3.0,-1.0,0
2014,10,rosberg,2,41,15:01:08,20.257,20.257,1.0,1.0,0.0,0
2014,10,hamilton,2,42,15:02:54,19.918,19.918,2.0,5.0,-3.0,0
2014,10,ericsson,3,41,15:03:48,20.423,20.423,20.0,20.0,0.0,0
2014,10,vettel,3,45,15:07:09,18.879,18.879,4.0,6.0,-2.0,0
2014,10,jules_bianchi,2,45,15:08:29,20.575,20.575,17.0,16.0,1.0,1
2014,10,ricciardo,3,46,15:08:49,18.868,18.868,7.0,8.0,-1.0,0
2014,10,chilton,3,47,15:11:56,20.632,20.632,18.0,17.0,1.0,1
2014,10,kobayashi,3,48,15:13:19,20.358,20.358,17.0,16.0,1.0,1
2014,10,vergne,3,49,15:13:46,20.431,20.431,14.0,13.0,1.0,1
2014,10,hamilton,3,50,15:13:58,19.868,19.868,3.0,4.0,-1.0,0
2014,10,gutierrez,3,50,15:15:08,19.779,19.779,13.0,14.0,-1.0,0
2014,10,perez,3,52,15:17:42,19.932,19.932,11.0,11.0,0.0,0
2014,10,kevin_magnussen,3,53,15:18:59,19.427,19.427,9.0,10.0,-1.0,0
2014,10,raikkonen,3,53,15:19:04,19.740,19.74,10.0,12.0,-2.0,0
2014,10,alonso,3,55,15:21:01,19.308,19.308,3.0,6.0,-3.0,0
2014,10,button,3,61,15:29:41,19.221,19.221,7.0,8.0,-1.0,0
2014,11,button,1,8,14:17:29,26.737,26.737,5.0,2.0,3.0,1
2014,11,ricciardo,1,8,14:17:30,22.205,22.205,6.0,1.0,5.0,1
2014,11,hulkenberg,1,8,14:17:33,24.040,24.04,7.0,9.0,-2.0,0
2014,11,massa,1,8,14:17:38,22.851,22.851,8.0,3.0,5.0,1
2014,11,vergne,1,8,14:17:39,23.809,23.809,9.0,6.0,3.0,1
2014,11,perez,1,8,14:17:44,25.535,25.535,10.0,10.0,0.0,0
2014,11,gutierrez,1,8,14:17:46,24.050,24.05,11.0,12.0,-1.0,0
2014,11,sutil,1,8,14:17:48,31.956,31.956,12.0,17.0,-5.0,0
2014,11,hamilton,1,8,14:17:49,23.800,23.8,14.0,13.0,1.0,1
2014,11,raikkonen,1,8,14:17:51,23.214,23.214,13.0,14.0,-1.0,0
2014,11,grosjean,1,8,14:17:53,23.979,23.979,15.0,15.0,0.0,0
2014,11,kvyat,1,8,14:17:58,23.423,23.423,17.0,18.0,-1.0,0
2014,11,kobayashi,1,8,14:18:04,34.086,34.086,18.0,20.0,-2.0,0
2014,11,chilton,1,8,14:18:13,24.625,24.625,20.0,21.0,-1.0,0
2014,11,maldonado,1,8,14:18:14,22.376,22.376,21.0,19.0,2.0,1
2014,11,rosberg,1,9,14:19:36,22.827,22.827,1.0,4.0,-3.0,0
2014,11,vettel,1,9,14:19:37,22.170,22.17,3.0,7.0,-4.0,0
2014,11,bottas,1,9,14:19:37,25.497,25.497,2.0,11.0,-9.0,0
2014,11,alonso,1,9,14:19:38,22.253,22.253,4.0,8.0,-4.0,0
2014,11,jules_bianchi,1,9,14:19:52,22.892,22.892,16.0,15.0,1.0,1
2014,11,button,2,15,14:32:05,22.807,22.807,1.0,16.0,-15.0,0
2014,11,kevin_magnussen,1,15,14:32:11,23.546,23.546,4.0,17.0,-13.0,0
2014,11,maldonado,2,17,14:35:49,32.608,32.608,15.0,19.0,-4.0,0
2014,11,jules_bianchi,2,17,14:35:56,25.504,25.504,14.0,18.0,-4.0,0
2014,11,ricciardo,2,23,14:44:24,23.741,23.741,1.0,6.0,-5.0,0
2014,11,massa,2,23,14:44:30,22.111,22.111,2.0,7.0,-5.0,0
2014,11,bottas,2,23,14:44:48,22.518,22.518,9.0,13.0,-4.0,0
2014,11,kvyat,2,30,14:57:13,22.202,22.202,12.0,17.0,-5.0,0
2014,11,rosberg,2,32,15:00:00,23.864,23.864,3.0,11.0,-8.0,0
2014,11,vettel,2,33,15:01:35,21.608,21.608,6.0,13.0,-7.0,0
2014,11,vergne,2,34,15:03:00,23.123,23.123,2.0,12.0,-10.0,0
2014,11,button,3,37,15:07:38,22.211,22.211,6.0,13.0,-7.0,0
2014,11,alonso,2,38,15:08:47,21.634,21.634,1.0,4.0,-3.0,0
2014,11,hamilton,2,39,15:10:18,23.364,23.364,1.0,5.0,-4.0,0
2014,11,sutil,2,39,15:10:43,22.500,22.5,6.0,12.0,-6.0,0
2014,11,kevin_magnussen,2,39,15:10:44,21.812,21.812,7.0,13.0,-6.0,0
2014,11,raikkonen,2,41,15:13:31,22.154,22.154,3.0,7.0,-4.0,0
2014,11,jules_bianchi,3,42,15:15:42,24.226,24.226,14.0,16.0,-2.0,0
2014,11,maldonado,3,43,15:16:53,21.818,21.818,7.0,14.0,-7.0,0
2014,11,massa,3,45,15:19:26,22.278,22.278,2.0,6.0,-4.0,0
2014,11,chilton,2,45,15:20:20,23.232,23.232,15.0,16.0,-1.0,0
2014,11,ricciardo,3,54,15:32:30,22.273,22.273,1.0,3.0,-2.0,0
2014,11,rosberg,3,56,15:35:44,22.001,22.001,3.0,7.0,-4.0,0
2014,11,bottas,3,59,15:40:29,22.589,22.589,4.0,8.0,-4.0,0
2014,12,hamilton,1,2,14:08:41,25.580,25.58,1.0,19.0,-18.0,0
2014,12,rosberg,1,8,14:19:40,29.997,29.997,1.0,10.0,-9.0,0
2014,12,raikkonen,1,8,14:19:44,22.858,22.858,6.0,7.0,-1.0,0
2014,12,perez,1,9,14:21:49,24.104,24.104,9.0,11.0,-2.0,0
2014,12,massa,1,9,14:21:55,23.945,23.945,10.0,15.0,-5.0,0
2014,12,vettel,1,10,14:23:35,22.800,22.8,2.0,6.0,-4.0,0
2014,12,kvyat,1,10,14:23:49,24.082,24.082,7.0,12.0,-5.0,0
2014,12,hulkenberg,1,10,14:23:52,23.823,23.823,9.0,13.0,-4.0,0
2014,12,ricciardo,1,11,14:25:27,22.913,22.913,1.0,1.0,0.0,0
2014,12,kevin_magnussen,1,11,14:25:37,23.115,23.115,5.0,7.0,-2.0,0
2014,12,sutil,1,11,14:25:53,23.755,23.755,11.0,15.0,-4.0,0
2014,12,ericsson,1,11,14:26:12,24.083,24.083,16.0,18.0,-2.0,0
2014,12,chilton,1,11,14:26:13,23.734,23.734,17.0,19.0,-2.0,0
2014,12,bottas,1,12,14:27:28,22.769,22.769,2.0,5.0,-3.0,0
2014,12,alonso,1,12,14:27:29,28.920,28.92,3.0,7.0,-4.0,0
2014,12,button,1,13,14:29:34,22.800,22.8,3.0,9.0,-6.0,0
2014,12,grosjean,2,13,14:30:15,22.838,22.838,16.0,18.0,-2.0,0
2014,12,gutierrez,1,14,14:31:51,23.259,23.259,11.0,15.0,-4.0,0
2014,12,vergne,1,15,14:33:42,23.571,23.571,8.0,14.0,-6.0,0
2014,12,hamilton,2,17,14:38:06,23.066,23.066,16.0,17.0,-1.0,0
2014,12,rosberg,2,19,14:41:14,22.936,22.936,5.0,8.0,-3.0,0
2014,12,raikkonen,2,21,14:44:58,22.819,22.819,2.0,6.0,-4.0,0
2014,12,massa,2,21,14:45:39,24.083,24.083,12.0,14.0,-2.0,0
2014,12,sutil,2,21,14:45:40,23.779,23.779,13.0,15.0,-2.0,0
2014,12,vettel,2,22,14:46:57,22.731,22.731,2.0,7.0,-5.0,0
2014,12,perez,2,22,14:47:17,22.977,22.977,9.0,11.0,-2.0,0
2014,12,kevin_magnussen,2,23,14:49:03,22.414,22.414,4.0,9.0,-5.0,0
2014,12,jules_bianchi,2,23,14:50:34,23.918,23.918,20.0,20.0,0.0,0
2014,12,kvyat,2,24,14:51:10,24.436,24.436,9.0,11.0,-2.0,0
2014,12,ericsson,2,24,14:52:11,24.213,24.213,18.0,19.0,-1.0,0
2014,12,alonso,2,25,14:52:56,22.974,22.974,3.0,9.0,-6.0,0
2014,12,ricciardo,2,27,14:56:18,22.675,22.675,1.0,1.0,0.0,0
2014,12,grosjean,3,27,14:57:40,24.569,24.569,17.0,17.0,0.0,0
2014,12,bottas,2,28,14:58:29,23.176,23.176,2.0,5.0,-3.0,0
2014,12,button,2,29,15:00:43,22.588,22.588,6.0,9.0,-3.0,0
2014,12,vergne,2,29,15:01:07,23.202,23.202,12.0,14.0,-2.0,0
2014,12,chilton,2,29,15:02:05,24.873,24.873,18.0,19.0,-1.0,0
2014,12,hulkenberg,2,30,15:02:51,23.841,23.841,9.0,12.0,-3.0,0
2014,12,gutierrez,2,30,15:03:10,22.898,22.898,14.0,15.0,-1.0,0
2014,12,hamilton,3,31,15:05:18,24.757,24.757,15.0,16.0,-1.0,0
2014,12,rosberg,3,34,15:09:54,23.392,23.392,2.0,2.0,0.0,0
2014,12,vettel,3,34,15:10:16,23.190,23.19,5.0,8.0,-3.0,0
2014,12,sutil,3,34,15:10:53,23.732,23.732,13.0,15.0,-2.0,0
2014,12,massa,3,35,15:12:42,23.224,23.224,11.0,13.0,-2.0,0
2014,13,gutierrez,1,9,14:17:44,26.376,26.376,17.0,21.0,-4.0,0
2014,13,vettel,1,18,14:31:00,25.176,25.176,5.0,13.0,-8.0,0
2014,13,perez,1,19,14:32:34,24.938,24.938,8.0,13.0,-5.0,0
2014,13,hulkenberg,1,19,14:32:44,25.547,25.547,12.0,17.0,-5.0,0
2014,13,raikkonen,1,20,14:34:06,24.547,24.547,8.0,13.0,-5.0,0
2014,13,grosjean,1,20,14:34:42,25.098,25.098,18.0,21.0,-3.0,0
2014,13,kevin_magnussen,1,21,14:35:33,24.214,24.214,4.0,9.0,-5.0,0
2014,13,alonso,1,21,14:35:34,24.913,24.913,7.0,12.0,-5.0,0
2014,13,maldonado,1,21,14:35:52,24.223,24.223,12.0,16.0,-4.0,0
2014,13,button,1,22,14:37:04,24.669,24.669,5.0,11.0,-6.0,0
2014,13,kobayashi,1,22,14:37:42,25.277,25.277,16.0,20.0,-4.0,0
2014,13,massa,1,23,14:38:19,24.323,24.323,3.0,4.0,-1.0,0
2014,13,rosberg,1,24,14:39:36,24.583,24.583,1.0,1.0,0.0,0
2014,13,bottas,1,24,14:40:01,24.991,24.991,4.0,8.0,-4.0,0
2014,13,vergne,1,24,14:40:20,25.046,25.046,6.0,14.0,-8.0,0
2014,13,sutil,1,24,14:40:40,26.864,26.864,14.0,18.0,-4.0,0
2014,13,hamilton,1,25,14:41:07,24.453,24.453,1.0,2.0,-1.0,0
2014,13,ricciardo,1,26,14:43:11,24.388,24.388,3.0,12.0,-9.0,0
2014,13,jules_bianchi,1,27,14:45:35,26.641,26.641,17.0,19.0,-2.0,0
2014,13,kvyat,1,30,14:49:25,24.651,24.651,4.0,13.0,-9.0,0
2014,13,ericsson,1,30,14:50:45,28.685,28.685,20.0,20.0,0.0,0
2014,13,gutierrez,2,36,14:59:03,25.693,25.693,15.0,17.0,-2.0,0
2014,13,gutierrez,3,49,15:19:29,26.849,26.849,17.0,19.0,-2.0,0
2014,14,sutil,1,8,20:19:52,29.887,29.887,16.0,21.0,-5.0,0
2014,14,hulkenberg,1,9,20:21:39,29.987,29.987,12.0,15.0,-3.0,0
2014,14,massa,1,10,20:23:21,29.578,29.578,6.0,9.0,-3.0,0
2014,14,kvyat,1,10,20:23:35,30.089,30.089,11.0,15.0,-4.0,0
2014,14,grosjean,1,10,20:23:40,29.322,29.322,14.0,16.0,-2.0,0
2014,14,raikkonen,1,11,20:25:15,29.702,29.702,5.0,9.0,-4.0,0
2014,14,bottas,1,11,20:25:21,30.340,30.34,7.0,11.0,-4.0,0
2014,14,vergne,1,11,20:25:26,29.806,29.806,10.0,12.0,-2.0,0
2014,14,maldonado,1,11,20:25:40,29.960,29.96,14.0,18.0,-4.0,0
2014,14,vettel,1,12,20:26:56,30.147,30.147,2.0,2.0,0.0,0
2014,14,alonso,1,12,20:27:01,28.912,28.912,3.0,4.0,-1.0,0
2014,14,ricciardo,1,12,20:27:04,29.761,29.761,4.0,5.0,-1.0,0
2014,14,ericsson,1,12,20:28:03,30.144,30.144,17.0,20.0,-3.0,0
2014,14,hamilton,1,13,20:28:41,29.422,29.422,1.0,1.0,0.0,0
2014,14,kevin_magnussen,1,13,20:29:15,28.684,28.684,6.0,10.0,-4.0,0
2014,14,button,1,14,20:31:07,28.641,28.641,2.0,8.0,-6.0,0
2014,14,perez,1,15,20:33:27,29.979,29.979,8.0,16.0,-8.0,0
2014,14,gutierrez,1,15,20:33:38,33.679,33.679,10.0,19.0,-9.0,0
2014,14,jules_bianchi,1,15,20:33:44,30.413,30.413,14.0,17.0,-3.0,0
2014,14,chilton,2,18,20:40:34,37.975,37.975,20.0,19.0,1.0,1
2014,14,massa,2,22,20:46:35,29.006,29.006,5.0,9.0,-4.0,0
2014,14,grosjean,2,22,20:47:09,29.040,29.04,13.0,14.0,-1.0,0
2014,14,bottas,2,23,20:48:37,28.880,28.88,6.0,9.0,-3.0,0
2014,14,kvyat,2,23,20:49:04,30.188,30.188,12.0,14.0,-2.0,0
2014,14,maldonado,2,23,20:49:20,29.036,29.036,15.0,15.0,0.0,0
2014,14,alonso,2,24,20:50:06,28.810,28.81,3.0,3.0,0.0,0
2014,14,vergne,2,24,20:50:42,35.309,35.309,8.0,10.0,-2.0,0
2014,14,sutil,2,24,20:51:16,29.748,29.748,13.0,17.0,-4.0,0
2014,14,vettel,2,25,20:52:01,28.733,28.733,2.0,4.0,-2.0,0
2014,14,raikkonen,2,25,20:52:18,29.164,29.164,5.0,7.0,-2.0,0
2014,14,hulkenberg,2,25,20:52:46,29.362,29.362,8.0,11.0,-3.0,0
2014,14,hamilton,2,26,20:53:42,31.040,31.04,1.0,1.0,0.0,0
2014,14,kevin_magnussen,2,26,20:54:35,28.841,28.841,7.0,10.0,-3.0,0
2014,14,ricciardo,2,27,20:55:55,29.113,29.113,2.0,4.0,-2.0,0
2014,14,perez,2,29,21:00:56,29.502,29.502,12.0,17.0,-5.0,0
2014,14,grosjean,3,30,21:02:56,29.761,29.761,12.0,13.0,-1.0,0
2014,14,maldonado,3,30,21:03:14,29.363,29.363,15.0,15.0,0.0,0
2014,14,jules_bianchi,2,30,21:03:38,29.885,29.885,17.0,16.0,1.0,1
2014,14,alonso,3,31,21:04:03,28.991,28.991,2.0,4.0,-2.0,0
2014,14,ericsson,2,30,21:04:09,30.364,30.364,18.0,18.0,0.0,0
2014,14,button,2,31,21:04:39,28.627,28.627,5.0,7.0,-2.0,0
2014,14,raikkonen,3,31,21:04:42,30.194,30.194,7.0,8.0,-1.0,0
2014,14,hulkenberg,3,31,21:05:18,30.415,30.415,11.0,12.0,-1.0,0
2014,14,sutil,3,31,21:06:15,30.672,30.672,15.0,14.0,1.0,1
2014,14,chilton,3,41,21:28:56,29.877,29.877,19.0,18.0,1.0,1
2014,14,kvyat,3,43,21:32:14,31.092,31.092,11.0,16.0,-5.0,0
2014,14,vergne,3,44,21:34:02,30.111,30.111,9.0,13.0,-4.0,0
2014,14,perez,4,44,21:34:11,29.339,29.339,14.0,16.0,-2.0,0
2014,14,jules_bianchi,3,45,21:36:16,29.752,29.752,15.0,17.0,-2.0,0
2014,14,kevin_magnussen,3,46,21:37:54,28.706,28.706,9.0,13.0,-4.0,0
2014,14,hamilton,3,52,21:48:32,29.284,29.284,1.0,1.0,0.0,0
2014,15,button,2,9,15:44:19,24.532,24.532,7.0,18.0,-11.0,0
2014,15,maldonado,2,9,15:44:28,25.460,25.46,20.0,21.0,-1.0,0
2014,15,bottas,2,11,15:48:14,24.465,24.465,3.0,5.0,-2.0,0
2014,15,ricciardo,2,11,15:48:16,24.184,24.184,5.0,8.0,-3.0,0
2014,15,kevin_magnussen,2,11,15:48:17,24.550,24.55,6.0,9.0,-3.0,0
2014,15,perez,2,11,15:48:20,24.971,24.971,9.0,13.0,-4.0,0
2014,15,raikkonen,2,11,15:48:20,25.191,25.191,8.0,10.0,-2.0,0
2014,15,kvyat,2,11,15:48:22,24.567,24.567,10.0,12.0,-2.0,0
2014,15,gutierrez,2,11,15:48:25,24.873,24.873,13.0,15.0,-2.0,0
2014,15,grosjean,2,11,15:48:26,24.011,24.011,14.0,16.0,-2.0,0
2014,15,kobayashi,2,11,15:48:28,28.656,28.656,16.0,19.0,-3.0,0
2014,15,vergne,2,11,15:48:29,25.451,25.451,17.0,17.0,0.0,0
2014,15,ericsson,2,11,15:48:34,31.187,31.187,18.0,21.0,-3.0,0
2014,15,chilton,2,11,15:48:36,25.879,25.879,19.0,20.0,-1.0,0
2014,15,massa,2,12,15:50:12,24.374,24.374,3.0,5.0,-2.0,0
2014,15,vettel,2,12,15:50:13,23.764,23.764,5.0,6.0,-1.0,0
2014,15,hulkenberg,2,12,15:50:17,24.696,24.696,8.0,10.0,-2.0,0
2014,15,sutil,2,12,15:50:21,25.136,25.136,11.0,13.0,-2.0,0
2014,15,rosberg,2,13,15:51:49,23.696,23.696,1.0,1.0,0.0,0
2014,15,jules_bianchi,2,13,15:52:24,25.116,25.116,7.0,18.0,-11.0,0
2014,15,hamilton,2,14,15:53:43,23.891,23.891,1.0,2.0,-1.0,0
2014,15,kevin_magnussen,3,15,15:56:34,33.215,33.215,8.0,20.0,-12.0,0
2014,15,vergne,3,19,16:04:37,24.353,24.353,15.0,20.0,-5.0,0
2014,15,grosjean,3,21,16:08:25,23.656,23.656,13.0,16.0,-3.0,0
2014,15,sutil,3,22,16:10:19,24.407,24.407,12.0,16.0,-4.0,0
2014,15,maldonado,3,22,16:10:28,24.184,24.184,15.0,20.0,-5.0,0
2014,15,raikkonen,3,23,16:12:06,32.466,32.466,9.0,12.0,-3.0,0
2014,15,kvyat,3,23,16:12:08,24.222,24.222,10.0,11.0,-1.0,0
2014,15,chilton,3,23,16:12:57,25.278,25.278,21.0,21.0,0.0,0
2014,15,jules_bianchi,3,24,16:14:29,24.910,24.91,13.0,19.0,-6.0,0
2014,15,perez,3,25,16:16:02,24.622,24.622,9.0,11.0,-2.0,0
2014,15,ericsson,3,25,16:16:32,25.977,25.977,13.0,19.0,-6.0,0
2014,15,hulkenberg,3,26,16:17:49,23.873,23.873,8.0,8.0,0.0,0
2014,15,kobayashi,3,26,16:18:42,25.635,25.635,18.0,20.0,-2.0,0
2014,15,vettel,3,29,16:22:58,23.443,23.443,4.0,5.0,-1.0,0
2014,15,button,3,31,16:26:40,28.547,28.547,3.0,5.0,-2.0,0
2014,15,sutil,4,32,16:30:14,24.314,24.314,16.0,19.0,-3.0,0
2014,15,rosberg,3,33,16:30:17,24.862,24.862,2.0,3.0,-1.0,0
2014,15,kevin_magnussen,4,33,16:32:03,23.701,23.701,13.0,14.0,-1.0,0
2014,15,gutierrez,3,34,16:33:51,26.943,26.943,11.0,15.0,-4.0,0
2014,15,raikkonen,4,34,16:33:52,24.173,24.173,12.0,13.0,-1.0,0
2014,15,grosjean,4,34,16:33:58,23.745,23.745,13.0,17.0,-4.0,0
2014,15,hamilton,3,35,16:34:00,23.677,23.677,1.0,1.0,0.0,0
2014,15,ricciardo,3,36,16:36:14,25.607,25.607,2.0,5.0,-3.0,0
2014,15,massa,3,37,16:39:03,24.930,24.93,7.0,8.0,-1.0,0
2014,15,bottas,3,38,16:40:55,25.052,25.052,6.0,7.0,-1.0,0
2014,15,kobayashi,4,38,16:42:35,25.576,25.576,20.0,21.0,-1.0,0
2014,15,kvyat,4,39,16:43:18,26.554,26.554,9.0,12.0,-3.0,0
2014,15,ericsson,4,39,16:44:06,25.655,25.655,16.0,18.0,-2.0,0
2014,15,maldonado,4,40,16:45:34,25.981,25.981,12.0,16.0,-4.0,0
2014,15,kevin_magnussen,5,40,16:45:43,24.361,24.361,14.0,15.0,-1.0,0
2014,15,button,4,42,16:48:03,24.757,24.757,4.0,5.0,-1.0,0
2014,16,chilton,1,4,15:11:25,31.374,31.374,19.0,21.0,-2.0,0
2014,16,ricciardo,1,11,15:23:27,30.006,30.006,7.0,17.0,-10.0,0
2014,16,sutil,1,12,15:25:38,30.733,30.733,18.0,20.0,-2.0,0
2014,16,kvyat,1,20,15:39:18,31.584,31.584,9.0,15.0,-6.0,0
2014,16,grosjean,1,20,15:39:40,30.037,30.037,16.0,17.0,-1.0,0
2014,16,maldonado,1,21,15:41:54,30.180,30.18,18.0,19.0,-1.0,0
2014,16,button,1,22,15:42:24,29.994,29.994,3.0,8.0,-5.0,0
2014,16,vergne,1,23,15:44:29,30.272,30.272,7.0,13.0,-6.0,0
2014,16,hulkenberg,1,24,15:46:32,30.096,30.096,13.0,16.0,-3.0,0
2014,16,alonso,1,25,15:47:40,35.112,35.112,3.0,7.0,-4.0,0
2014,16,perez,1,25,15:48:06,29.876,29.876,9.0,14.0,-5.0,0
2014,16,bottas,1,26,15:49:13,30.363,30.363,2.0,3.0,-1.0,0
2014,16,kevin_magnussen,1,26,15:49:27,29.736,29.736,3.0,6.0,-3.0,0
2014,16,raikkonen,1,26,15:49:44,30.097,30.097,6.0,10.0,-4.0,0
2014,16,hamilton,1,27,15:50:40,30.503,30.503,1.0,1.0,0.0,0
2014,16,massa,2,27,15:51:39,30.278,30.278,8.0,14.0,-6.0,0
2014,16,ericsson,1,27,15:52:14,31.020,31.02,15.0,18.0,-3.0,0
2014,16,vettel,1,30,15:56:37,30.355,30.355,2.0,8.0,-6.0,0
2014,16,kvyat,2,37,16:09:35,30.321,30.321,14.0,15.0,-1.0,0
2014,16,gutierrez,1,39,16:12:57,30.303,30.303,9.0,14.0,-5.0,0
2014,16,ericsson,2,43,16:21:18,30.760,30.76,19.0,19.0,0.0,0
2014,17,massa,1,14,14:30:44,24.488,24.488,3.0,6.0,-3.0,0
2014,17,ricciardo,1,14,14:30:46,24.040,24.04,5.0,7.0,-2.0,0
2014,17,rosberg,1,15,14:32:19,24.433,24.433,1.0,1.0,0.0,0
2014,17,bottas,1,15,14:32:30,24.151,24.151,4.0,6.0,-2.0,0
2014,17,maldonado,1,15,14:32:45,29.734,29.734,8.0,15.0,-7.0,0
2014,17,vergne,1,15,14:32:46,30.158,30.158,9.0,14.0,-5.0,0
2014,17,hamilton,1,16,14:34:07,24.368,24.368,2.0,2.0,0.0,0
2014,17,alonso,1,16,14:34:26,24.601,24.601,4.0,9.0,-5.0,0
2014,17,grosjean,1,16,14:34:33,24.688,24.688,8.0,13.0,-5.0,0
2014,17,raikkonen,1,17,14:36:16,24.131,24.131,4.0,11.0,-7.0,0
2014,17,gutierrez,2,20,14:42:01,31.198,31.198,14.0,15.0,-1.0,0
2014,17,kvyat,1,21,14:43:32,24.995,24.995,6.0,14.0,-8.0,0
2014,17,vettel,3,26,14:52:33,23.799,23.799,9.0,14.0,-5.0,0
2014,17,kevin_magnussen,2,27,14:54:14,24.497,24.497,6.0,12.0,-6.0,0
2014,17,button,2,28,14:56:05,23.546,23.546,9.0,13.0,-4.0,0
2014,17,grosjean,2,29,14:57:45,23.802,23.802,7.0,11.0,-4.0,0
2014,17,vergne,2,29,14:57:50,24.553,24.553,8.0,14.0,-6.0,0
2014,17,bottas,2,30,14:58:59,24.283,24.283,5.0,5.0,0.0,0
2014,17,ricciardo,2,31,15:00:38,24.356,24.356,4.0,3.0,1.0,1
2014,17,massa,2,32,15:02:21,25.456,25.456,3.0,4.0,-1.0,0
2014,17,hamilton,2,33,15:03:57,24.244,24.244,1.0,1.0,0.0,0
2014,17,rosberg,2,34,15:05:43,24.513,24.513,2.0,2.0,0.0,0
2014,17,maldonado,2,35,15:08:22,24.468,24.468,7.0,14.0,-7.0,0
2014,17,gutierrez,3,40,15:17:42,24.726,24.726,15.0,15.0,0.0,0
2014,17,kvyat,2,41,15:18:59,24.189,24.189,8.0,14.0,-6.0,0
2014,17,raikkonen,2,42,15:20:41,23.872,23.872,7.0,13.0,-6.0,0
2014,17,alonso,2,43,15:22:10,24.133,24.133,6.0,6.0,0.0,0
2014,17,vettel,4,48,15:31:17,23.948,23.948,7.0,14.0,-7.0,0
2014,17,kvyat,3,51,15:36:52,26.541,26.541,13.0,15.0,-2.0,0
2014,17,raikkonen,3,52,15:38:29,24.226,24.226,12.0,14.0,-2.0,0
2014,18,maldonado,1,4,14:08:39,23.753,23.753,17.0,18.0,-1.0,0
2014,18,massa,1,5,14:09:42,23.220,23.22,3.0,13.0,-10.0,0
2014,18,perez,1,5,14:09:55,23.467,23.467,15.0,17.0,-2.0,0
2014,18,button,1,6,14:11:00,23.018,23.018,4.0,12.0,-8.0,0
2014,18,bottas,1,6,14:11:00,23.294,23.294,3.0,11.0,-8.0,0
2014,18,vettel,1,6,14:11:07,23.808,23.808,8.0,15.0,-7.0,0
2014,18,rosberg,1,7,14:12:10,23.730,23.73,1.0,3.0,-2.0,0
2014,18,kevin_magnussen,1,7,14:12:21,23.061,23.061,3.0,11.0,-8.0,0
2014,18,alonso,1,7,14:12:23,23.278,23.278,6.0,12.0,-6.0,0
2014,18,ricciardo,1,7,14:12:24,23.141,23.141,7.0,14.0,-7.0,0
2014,18,hamilton,1,8,14:13:27,23.351,23.351,1.0,4.0,-3.0,0
2014,18,gutierrez,1,8,14:13:43,23.661,23.661,3.0,15.0,-12.0,0
2014,18,raikkonen,1,8,14:13:44,23.427,23.427,5.0,14.0,-9.0,0
2014,18,vergne,1,9,14:15:04,23.782,23.782,4.0,17.0,-13.0,0
2014,18,hulkenberg,1,16,14:24:01,23.554,23.554,2.0,15.0,-13.0,0
2014,18,kvyat,1,18,14:26:39,25.001,25.001,4.0,17.0,-13.0,0
2014,18,sutil,1,18,14:26:52,29.465,29.465,10.0,18.0,-8.0,0
2014,18,vettel,2,24,14:34:28,23.195,23.195,9.0,15.0,-6.0,0
2014,18,grosjean,1,24,14:34:30,25.591,25.591,7.0,16.0,-9.0,0
2014,18,massa,2,25,14:35:32,30.084,30.084,3.0,10.0,-7.0,0
2014,18,perez,2,25,14:35:57,22.997,22.997,14.0,18.0,-4.0,0
2014,18,rosberg,2,26,14:36:33,23.346,23.346,1.0,2.0,-1.0,0
2014,18,bottas,2,26,14:36:50,35.284,35.284,3.0,12.0,-9.0,0
2014,18,kevin_magnussen,2,26,14:36:58,24.190,24.19,6.0,10.0,-4.0,0
2014,18,button,2,27,14:38:10,22.620,22.62,3.0,7.0,-4.0,0
2014,18,ricciardo,2,27,14:38:18,22.871,22.871,6.0,11.0,-5.0,0
2014,18,gutierrez,2,27,14:38:26,24.267,24.267,9.0,15.0,-6.0,0
2014,18,vergne,2,27,14:38:30,24.408,24.408,11.0,17.0,-6.0,0
2014,18,maldonado,2,27,14:38:36,22.865,22.865,14.0,18.0,-4.0,0
2014,18,hamilton,2,28,14:39:09,24.224,24.224,1.0,2.0,-1.0,0
2014,18,alonso,2,28,14:39:32,23.134,23.134,4.0,10.0,-6.0,0
2014,18,raikkonen,2,35,14:48:30,27.934,27.934,3.0,12.0,-9.0,0
2014,18,hulkenberg,2,36,14:49:47,23.323,23.323,3.0,11.0,-8.0,0
2014,18,kvyat,2,38,14:52:30,24.385,24.385,6.0,15.0,-9.0,0
2014,18,sutil,2,39,14:54:06,24.302,24.302,14.0,17.0,-3.0,0
2014,18,grosjean,2,40,14:55:19,23.023,23.023,11.0,16.0,-5.0,0
2014,18,bottas,3,42,14:57:48,26.463,26.463,8.0,16.0,-8.0,0
2014,18,maldonado,3,45,15:01:47,23.090,23.09,14.0,16.0,-2.0,0
2014,18,vergne,3,46,15:03:02,24.002,24.002,13.0,16.0,-3.0,0
2014,18,kevin_magnussen,3,47,15:03:59,24.131,24.131,7.0,10.0,-3.0,0
2014,18,perez,3,47,15:04:19,30.067,30.067,11.0,17.0,-6.0,0
2014,18,vettel,3,48,15:05:05,22.746,22.746,5.0,8.0,-3.0,0
2014,18,gutierrez,3,48,15:05:32,23.418,23.418,10.0,13.0,-3.0,0
2014,18,rosberg,3,50,15:06:59,23.240,23.24,1.0,1.0,0.0,0
2014,18,sutil,3,49,15:07:08,24.853,24.853,14.0,17.0,-3.0,0
2014,18,massa,3,50,15:07:25,26.918,26.918,3.0,5.0,-2.0,0
2014,18,button,3,50,15:07:33,23.383,23.383,4.0,7.0,-3.0,0
2014,18,hamilton,3,51,15:08:16,22.874,22.874,1.0,2.0,-1.0,0
2014,18,alonso,3,52,15:10:12,23.077,23.077,3.0,8.0,-5.0,0
2014,18,kvyat,3,59,15:19:23,24.726,24.726,9.0,11.0,-2.0,0
2014,18,grosjean,3,59,15:19:41,23.197,23.197,11.0,16.0,-5.0,0
2014,18,hulkenberg,3,60,15:20:21,23.411,23.411,4.0,9.0,-5.0,0
2014,19,alonso,1,5,17:12:48,21.619,21.619,6.0,15.0,-9.0,0
2014,19,sutil,1,5,17:13:03,22.491,22.491,16.0,20.0,-4.0,0
2014,19,button,1,6,17:14:36,22.627,22.627,4.0,12.0,-8.0,0
2014,19,kvyat,1,6,17:14:38,24.169,24.169,5.0,14.0,-9.0,0
2014,19,raikkonen,1,6,17:14:41,21.546,21.546,6.0,16.0,-10.0,0
2014,19,gutierrez,1,7,17:16:39,23.128,23.128,11.0,17.0,-6.0,0
2014,19,maldonado,1,7,17:16:42,21.998,21.998,13.0,18.0,-5.0,0
2014,19,grosjean,2,8,17:18:40,21.699,21.699,16.0,20.0,-4.0,0
2014,19,hamilton,1,10,17:21:35,21.885,21.885,1.0,2.0,-1.0,0
2014,19,bottas,1,10,17:21:52,21.661,21.661,4.0,10.0,-6.0,0
2014,19,rosberg,1,11,17:23:26,21.741,21.741,2.0,3.0,-1.0,0
2014,19,massa,1,13,17:27:05,22.054,22.054,1.0,3.0,-2.0,0
2014,19,vergne,1,13,17:27:37,22.919,22.919,6.0,13.0,-7.0,0
2014,19,perez,1,14,17:29:24,22.031,22.031,5.0,11.0,-6.0,0
2014,19,stevens,1,14,17:30:04,24.144,24.144,20.0,19.0,1.0,1
2014,19,hulkenberg,1,15,17:31:09,27.445,27.445,4.0,12.0,-8.0,0
2014,19,kobayashi,1,15,17:31:40,24.421,24.421,14.0,18.0,-4.0,0
2014,19,kevin_magnussen,1,21,17:42:16,22.087,22.087,6.0,13.0,-7.0,0
2014,19,vettel,1,21,17:42:18,23.094,23.094,7.0,14.0,-7.0,0
2014,19,grosjean,3,21,17:42:47,21.574,21.574,17.0,16.0,1.0,1
2014,19,sutil,2,22,17:44:35,22.277,22.277,16.0,17.0,-1.0,0
2014,19,raikkonen,2,26,17:51:27,22.206,22.206,8.0,13.0,-5.0,0
2014,19,ricciardo,1,27,17:52:58,21.747,21.747,5.0,6.0,-1.0,0
2014,19,alonso,2,27,17:53:14,22.068,22.068,7.0,10.0,-3.0,0
2014,19,button,2,28,17:55:03,22.042,22.042,6.0,10.0,-4.0,0
2014,19,gutierrez,2,28,17:55:32,23.270,23.27,14.0,16.0,-2.0,0
2014,19,kevin_magnussen,2,29,17:57:15,21.623,21.623,12.0,13.0,-1.0,0
2014,19,vergne,2,30,17:58:48,22.761,22.761,8.0,12.0,-4.0,0
2014,19,hamilton,2,31,17:59:40,21.887,21.887,1.0,2.0,-1.0,0
2014,19,rosberg,2,34,18:05:35,24.083,24.083,4.0,7.0,-3.0,0
2014,19,bottas,2,35,18:07:17,22.015,22.015,3.0,4.0,-1.0,0
2014,19,kobayashi,2,36,18:10:43,22.426,22.426,17.0,17.0,0.0,0
2014,19,hulkenberg,2,37,18:11:24,21.642,21.642,6.0,12.0,-6.0,0
2014,19,sutil,3,37,18:12:07,22.227,22.227,15.0,16.0,-1.0,0
2014,19,stevens,2,37,18:13:03,23.545,23.545,18.0,18.0,0.0,0
2014,19,perez,2,41,18:18:37,22.325,22.325,5.0,12.0,-7.0,0
2014,19,massa,2,43,18:21:15,22.040,22.04,1.0,2.0,-1.0,0
2014,19,vergne,3,44,18:24:19,22.348,22.348,10.0,13.0,-3.0,0
2014,19,vettel,2,46,18:27:33,21.611,21.611,5.0,9.0,-4.0,0
2014,19,ricciardo,2,47,18:28:55,21.582,21.582,3.0,4.0,-1.0,0
2015,1,raikkonen,1,16,16:31:07,27.465,27.465,7.0,11.0,-4.0,0
2015,1,massa,1,21,16:38:38,22.062,22.062,3.0,5.0,-2.0,0
2015,1,hulkenberg,1,21,16:39:11,22.137,22.137,9.0,11.0,-2.0,0
2015,1,ricciardo,1,23,16:42:09,22.535,22.535,5.0,9.0,-4.0,0
2015,1,vettel,1,24,16:43:16,22.694,22.694,3.0,3.0,0.0,0
2015,1,sainz,1,24,16:43:48,55.789,55.789,6.0,13.0,-7.0,0
2015,1,hamilton,1,25,16:44:32,22.295,22.295,1.0,1.0,0.0,0
2015,1,nasr,1,25,16:45:12,22.933,22.933,4.0,7.0,-3.0,0
2015,1,rosberg,1,26,16:46:11,22.105,22.105,1.0,2.0,-1.0,0
2015,1,ericsson,2,26,16:47:15,23.254,23.254,8.0,10.0,-2.0,0
2015,1,button,1,27,16:49:15,23.353,23.353,11.0,13.0,-2.0,0
2015,1,perez,1,38,17:06:52,26.009,26.009,10.0,12.0,-2.0,0
2015,1,ericsson,3,43,17:14:28,22.353,22.353,8.0,9.0,-1.0,0
2015,1,hulkenberg,2,44,17:15:43,21.612,21.612,7.0,7.0,0.0,0
2015,2,nasr,1,2,15:07:27,33.918,33.918,13.0,16.0,-3.0,0
2015,2,raikkonen,1,2,15:08:04,27.285,27.285,12.0,17.0,-5.0,0
2015,2,hamilton,1,4,15:11:07,26.094,26.094,1.0,6.0,-5.0,0
2015,2,rosberg,1,4,15:11:11,33.689,33.689,3.0,9.0,-6.0,0
2015,2,ricciardo,1,4,15:11:13,26.714,26.714,4.0,7.0,-3.0,0
2015,2,massa,1,4,15:11:16,25.831,25.831,5.0,8.0,-3.0,0
2015,2,kvyat,1,4,15:11:17,30.463,30.463,6.0,11.0,-5.0,0
2015,2,max_verstappen,1,4,15:11:22,29.516,29.516,10.0,10.0,0.0,0
2015,2,bottas,1,4,15:11:24,30.154,30.154,12.0,12.0,0.0,0
2015,2,alonso,1,4,15:11:32,25.222,25.222,14.0,13.0,1.0,1
2015,2,button,1,4,15:11:38,33.027,33.027,15.0,14.0,1.0,1
2015,2,merhi,1,5,15:14:03,27.540,27.54,14.0,16.0,-2.0,0
2015,2,sainz,1,14,15:30:50,25.126,25.126,6.0,15.0,-9.0,0
2015,2,raikkonen,2,14,15:30:53,24.744,24.744,12.0,14.0,-2.0,0
2015,2,hulkenberg,1,15,15:32:38,25.826,25.826,4.0,17.0,-13.0,0
2015,2,grosjean,1,15,15:32:40,24.377,24.377,5.0,15.0,-10.0,0
2015,2,vettel,1,17,15:35:47,23.996,23.996,1.0,3.0,-2.0,0
2015,2,perez,1,17,15:36:31,25.268,25.268,11.0,16.0,-5.0,0
2015,2,ricciardo,2,18,15:38:11,25.604,25.604,7.0,15.0,-8.0,0
2015,2,maldonado,2,18,15:38:27,37.394,37.394,16.0,17.0,-1.0,0
2015,2,max_verstappen,2,20,15:41:45,25.655,25.655,6.0,11.0,-5.0,0
2015,2,nasr,2,20,15:42:00,25.741,25.741,13.0,14.0,-1.0,0
2015,2,kvyat,2,21,15:43:36,24.781,24.781,6.0,12.0,-6.0,0
2015,2,button,2,21,15:43:48,25.581,25.581,11.0,15.0,-4.0,0
2015,2,merhi,2,22,15:46:29,27.004,27.004,18.0,17.0,1.0,1
2015,2,hamilton,2,24,15:48:25,24.595,24.595,1.0,3.0,-2.0,0
2015,2,massa,2,24,15:48:49,24.788,24.788,4.0,7.0,-3.0,0
2015,2,bottas,2,25,15:50:42,24.432,24.432,4.0,8.0,-4.0,0
2015,2,rosberg,2,26,15:52:07,24.574,24.574,2.0,4.0,-2.0,0
2015,2,grosjean,2,26,15:52:37,24.621,24.621,6.0,13.0,-7.0,0
2015,2,nasr,3,30,16:00:16,25.331,25.331,14.0,16.0,-2.0,0
2015,2,hulkenberg,2,31,16:02:02,25.047,25.047,11.0,15.0,-4.0,0
2015,2,sainz,2,32,16:03:31,25.165,25.165,8.0,12.0,-4.0,0
2015,2,maldonado,3,33,16:05:48,24.276,24.276,14.0,16.0,-2.0,0
2015,2,raikkonen,3,34,16:06:41,24.653,24.653,4.0,6.0,-2.0,0
2015,2,ricciardo,3,34,16:07:16,25.393,25.393,8.0,10.0,-2.0,0
2015,2,grosjean,3,34,16:07:29,26.014,26.014,12.0,13.0,-1.0,0
2015,2,perez,2,35,16:09:15,35.776,35.776,10.0,16.0,-6.0,0
2015,2,button,3,35,16:09:16,25.846,25.846,11.0,14.0,-3.0,0
2015,2,vettel,2,37,16:11:15,25.092,25.092,1.0,1.0,0.0,0
2015,2,hamilton,3,38,16:13:14,24.179,24.179,2.0,3.0,-1.0,0
2015,2,massa,3,38,16:13:54,26.971,26.971,4.0,6.0,-2.0,0
2015,2,kvyat,3,39,16:16:13,26.149,26.149,8.0,10.0,-2.0,0
2015,2,bottas,3,40,16:17:30,25.002,25.002,4.0,6.0,-2.0,0
2015,2,max_verstappen,3,40,16:17:48,24.768,24.768,6.0,8.0,-2.0,0
2015,2,rosberg,3,41,16:18:40,24.336,24.336,2.0,3.0,-1.0,0
2015,2,nasr,4,43,16:23:49,25.204,25.204,13.0,14.0,-1.0,0
2015,2,merhi,3,42,16:24:30,29.202,29.202,17.0,16.0,1.0,1
2015,2,hulkenberg,3,44,16:25:34,35.351,35.351,11.0,15.0,-4.0,0
2015,3,nasr,1,10,14:21:26,23.409,23.409,9.0,15.0,-6.0,0
2015,3,maldonado,1,11,14:23:09,22.470,22.47,8.0,10.0,-2.0,0
2015,3,perez,1,11,14:23:19,22.829,22.829,12.0,15.0,-3.0,0
2015,3,grosjean,1,12,14:24:52,23.421,23.421,7.0,11.0,-4.0,0
2015,3,max_verstappen,1,12,14:24:59,24.256,24.256,8.0,13.0,-5.0,0
2015,3,alonso,1,12,14:25:14,23.238,23.238,14.0,17.0,-3.0,0
2015,3,vettel,1,13,14:26:23,22.488,22.488,3.0,4.0,-1.0,0
2015,3,massa,1,13,14:26:33,23.145,23.145,5.0,5.0,0.0,0
2015,3,hamilton,1,14,14:28:00,22.645,22.645,1.0,1.0,0.0,0
2015,3,bottas,1,14,14:28:20,23.084,23.084,5.0,6.0,-1.0,0
2015,3,ericsson,1,14,14:28:36,23.846,23.846,7.0,12.0,-5.0,0
2015,3,ricciardo,1,14,14:28:38,22.635,22.635,8.0,14.0,-6.0,0
2015,3,button,1,14,14:28:51,23.936,23.936,12.0,16.0,-4.0,0
2015,3,rosberg,1,15,14:29:48,22.483,22.483,1.0,2.0,-1.0,0
2015,3,raikkonen,1,15,14:29:55,22.818,22.818,3.0,4.0,-1.0,0
2015,3,stevens,1,16,14:32:55,24.132,24.132,18.0,17.0,1.0,1
2015,3,merhi,1,17,14:34:51,25.938,25.938,18.0,18.0,0.0,0
2015,3,sainz,1,19,14:37:55,23.795,23.795,14.0,16.0,-2.0,0
2015,3,perez,2,26,14:50:03,23.338,23.338,11.0,14.0,-3.0,0
2015,3,vettel,2,30,14:56:09,22.444,22.444,3.0,4.0,-1.0,0
2015,3,ericsson,2,30,14:57:12,24.589,24.589,12.0,14.0,-2.0,0
2015,3,rosberg,2,31,14:57:50,22.829,22.829,2.0,3.0,-1.0,0
2015,3,nasr,2,31,14:58:53,23.732,23.732,10.0,11.0,-1.0,0
2015,3,grosjean,2,32,15:00:30,23.605,23.605,8.0,8.0,0.0,0
2015,3,max_verstappen,2,32,15:00:35,23.258,23.258,9.0,10.0,-1.0,0
2015,3,button,2,32,15:00:57,23.273,23.273,13.0,15.0,-2.0,0
2015,3,hamilton,2,33,15:01:11,22.235,22.235,1.0,1.0,0.0,0
2015,3,maldonado,2,33,15:02:42,22.899,22.899,7.0,14.0,-7.0,0
2015,3,raikkonen,2,34,15:03:09,22.453,22.453,2.0,4.0,-2.0,0
2015,3,massa,2,34,15:03:37,23.317,23.317,5.0,5.0,0.0,0
2015,3,bottas,2,35,15:05:28,23.582,23.582,6.0,6.0,0.0,0
2015,3,alonso,2,35,15:06:28,23.345,23.345,13.0,15.0,-2.0,0
2015,3,ricciardo,2,36,15:07:45,22.897,22.897,7.0,12.0,-5.0,0
2015,3,stevens,2,38,15:13:29,24.054,24.054,17.0,18.0,-1.0,0
2015,3,sainz,2,39,15:14:00,23.424,23.424,16.0,16.0,0.0,0
2015,3,perez,3,41,15:16:42,23.144,23.144,10.0,12.0,-2.0,0
2015,3,merhi,2,40,15:17:19,24.088,24.088,17.0,18.0,-1.0,0
2015,4,max_verstappen,1,6,18:14:10,39.338,39.338,15.0,19.0,-4.0,0
2015,4,hulkenberg,1,10,18:20:48,26.652,26.652,8.0,11.0,-3.0,0
2015,4,nasr,1,10,18:20:56,25.459,25.459,12.0,14.0,-2.0,0
2015,4,massa,1,10,18:20:57,24.894,24.894,13.0,13.0,0.0,0
2015,4,maldonado,1,10,18:20:58,30.426,30.426,15.0,15.0,0.0,0
2015,4,ericsson,1,11,18:22:33,26.045,26.045,8.0,12.0,-4.0,0
2015,4,sainz,1,11,18:22:40,32.647,32.647,11.0,16.0,-5.0,0
2015,4,grosjean,1,12,18:24:12,24.735,24.735,7.0,9.0,-2.0,0
2015,4,vettel,1,13,18:25:38,24.509,24.509,3.0,3.0,0.0,0
2015,4,alonso,1,13,18:26:08,25.370,25.37,10.0,15.0,-5.0,0
2015,4,rosberg,1,14,18:27:16,25.311,25.311,2.0,3.0,-1.0,0
2015,4,bottas,1,14,18:27:28,25.293,25.293,5.0,6.0,-1.0,0
2015,4,ricciardo,1,14,18:27:29,25.723,25.723,6.0,7.0,-1.0,0
2015,4,hamilton,1,15,18:28:52,25.791,25.791,1.0,2.0,-1.0,0
2015,4,kvyat,1,15,18:29:32,25.421,25.421,8.0,15.0,-7.0,0
2015,4,raikkonen,1,17,18:32:23,24.773,24.773,1.0,4.0,-3.0,0
2015,4,perez,1,17,18:32:51,25.573,25.573,5.0,13.0,-8.0,0
2015,4,merhi,1,18,18:35:44,25.834,25.834,19.0,19.0,0.0,0
2015,4,stevens,1,19,18:37:18,26.103,26.103,18.0,18.0,0.0,0
2015,4,nasr,2,24,18:44:52,25.898,25.898,11.0,15.0,-4.0,0
2015,4,massa,2,24,18:44:53,25.017,25.017,10.0,14.0,-4.0,0
2015,4,maldonado,2,24,18:44:54,24.310,24.31,12.0,12.0,0.0,0
2015,4,ericsson,2,25,18:46:26,49.162,49.162,8.0,17.0,-9.0,0
2015,4,hulkenberg,2,25,18:46:33,24.679,24.679,9.0,12.0,-3.0,0
2015,4,max_verstappen,2,30,18:55:37,27.225,27.225,17.0,16.0,1.0,1
2015,4,grosjean,2,31,18:56:32,25.259,25.259,7.0,10.0,-3.0,0
2015,4,vettel,2,32,18:57:31,24.449,24.449,3.0,4.0,-1.0,0
2015,4,hamilton,2,33,18:59:01,24.528,24.528,1.0,2.0,-1.0,0
2015,4,bottas,2,33,18:59:33,24.623,24.623,5.0,6.0,-1.0,0
2015,4,rosberg,2,34,19:00:48,25.418,25.418,2.0,3.0,-1.0,0
2015,4,stevens,2,33,19:01:49,26.479,26.479,17.0,16.0,1.0,1
2015,4,kvyat,2,34,19:01:53,24.692,24.692,8.0,14.0,-6.0,0
2015,4,ricciardo,2,35,19:03:02,24.943,24.943,5.0,6.0,-1.0,0
2015,4,alonso,2,35,19:03:51,24.878,24.878,14.0,15.0,-1.0,0
2015,4,merhi,2,34,19:04:04,27.573,27.573,18.0,17.0,1.0,1
2015,4,vettel,3,36,19:04:29,33.921,33.921,3.0,5.0,-2.0,0
2015,4,perez,2,37,19:06:50,25.288,25.288,7.0,11.0,-4.0,0
2015,4,ericsson,3,37,19:07:13,26.042,26.042,13.0,15.0,-2.0,0
2015,4,hulkenberg,3,38,19:08:50,24.979,24.979,12.0,14.0,-2.0,0
2015,4,raikkonen,2,40,19:10:55,24.547,24.547,1.0,3.0,-2.0,0
2015,4,maldonado,3,41,19:13:31,1:47.394,107.394,7.0,15.0,-8.0,0
2015,4,nasr,3,41,19:13:54,26.210,26.21,11.0,14.0,-3.0,0
2015,5,hulkenberg,1,10,14:19:46,22.659,22.659,17.0,17.0,0.0,0
2015,5,kvyat,1,11,14:21:18,22.667,22.667,13.0,15.0,-2.0,0
2015,5,button,1,11,14:21:23,22.589,22.589,17.0,19.0,-2.0,0
2015,5,nasr,1,12,14:22:55,22.677,22.677,13.0,17.0,-4.0,0
2015,5,hamilton,1,13,14:23:49,24.586,24.586,3.0,5.0,-2.0,0
2015,5,ricciardo,1,13,14:24:18,22.440,22.44,9.0,11.0,-2.0,0
2015,5,max_verstappen,1,13,14:24:19,24.396,24.396,8.0,13.0,-5.0,0
2015,5,vettel,1,14,14:25:21,21.762,21.762,2.0,3.0,-1.0,0
2015,5,massa,1,14,14:25:37,22.139,22.139,6.0,6.0,0.0,0
2015,5,maldonado,1,14,14:25:48,24.976,24.976,7.0,19.0,-12.0,0
2015,5,sainz,1,14,14:25:58,22.859,22.859,11.0,13.0,-2.0,0
2015,5,rosberg,1,15,14:26:45,21.870,21.87,1.0,1.0,0.0,0
2015,5,bottas,1,15,14:27:01,22.082,22.082,3.0,5.0,-2.0,0
2015,5,grosjean,1,15,14:27:28,23.309,23.309,8.0,11.0,-3.0,0
2015,5,stevens,1,16,14:29:49,24.687,24.687,19.0,19.0,0.0,0
2015,5,raikkonen,1,17,14:30:09,22.623,22.623,1.0,5.0,-4.0,0
2015,5,merhi,1,17,14:31:33,24.631,24.631,20.0,20.0,0.0,0
2015,5,ericsson,1,18,14:32:23,25.272,25.272,8.0,15.0,-7.0,0
2015,5,perez,1,19,14:33:59,22.468,22.468,8.0,16.0,-8.0,0
2015,5,alonso,1,21,14:37:01,23.728,23.728,7.0,14.0,-7.0,0
2015,5,hulkenberg,2,26,14:45:13,22.534,22.534,13.0,16.0,-3.0,0
2015,5,button,2,27,14:47:05,23.327,23.327,18.0,17.0,1.0,1
2015,5,merhi,2,30,14:53:03,23.070,23.07,19.0,19.0,0.0,0
2015,5,hamilton,2,32,14:53:17,22.727,22.727,3.0,4.0,-1.0,0
2015,5,massa,2,32,14:53:41,22.629,22.629,6.0,6.0,0.0,0
2015,5,stevens,2,32,14:56:02,23.043,23.043,18.0,18.0,0.0,0
2015,5,perez,2,36,15:01:03,22.426,22.426,14.0,16.0,-2.0,0
2015,5,max_verstappen,2,37,15:02:19,22.607,22.607,10.0,15.0,-5.0,0
2015,5,kvyat,2,38,15:03:48,22.273,22.273,9.0,11.0,-2.0,0
2015,5,nasr,2,39,15:05:35,23.186,23.186,11.0,15.0,-4.0,0
2015,5,vettel,2,40,15:05:38,21.836,21.836,2.0,4.0,-2.0,0
2015,5,grosjean,2,40,15:06:43,33.256,33.256,8.0,11.0,-3.0,0
2015,5,raikkonen,2,41,15:07:35,21.789,21.789,5.0,6.0,-1.0,0
2015,5,bottas,2,42,15:08:57,21.800,21.8,3.0,4.0,-1.0,0
2015,5,ricciardo,2,42,15:09:42,24.884,24.884,7.0,7.0,0.0,0
2015,5,sainz,2,42,15:10:08,22.178,22.178,8.0,13.0,-5.0,0
2015,5,maldonado,3,43,15:12:01,22.575,22.575,12.0,16.0,-4.0,0
2015,5,rosberg,2,45,15:13:00,22.452,22.452,1.0,2.0,-1.0,0
2015,5,button,3,44,15:13:49,24.066,24.066,17.0,16.0,1.0,1
2015,5,ericsson,2,45,15:15:00,22.872,22.872,8.0,15.0,-7.0,0
2015,5,massa,3,47,15:17:04,22.257,22.257,5.0,6.0,-1.0,0
2015,5,stevens,3,47,15:20:31,22.796,22.796,17.0,17.0,0.0,0
2015,5,hulkenberg,3,49,15:21:24,22.545,22.545,12.0,15.0,-3.0,0
2015,5,hamilton,3,51,15:22:23,21.965,21.965,1.0,2.0,-1.0,0
2015,5,merhi,3,49,15:24:15,24.200,24.2,18.0,18.0,0.0,0
2015,6,sainz,1,12,14:19:42,25.306,25.306,15.0,15.0,0.0,0
2015,6,bottas,1,14,14:22:23,24.641,24.641,13.0,13.0,0.0,0
2015,6,ericsson,1,14,14:22:25,25.618,25.618,14.0,14.0,0.0,0
2015,6,grosjean,1,17,14:26:21,25.077,25.077,12.0,12.0,0.0,0
2015,6,nasr,1,18,14:27:40,25.732,25.732,11.0,11.0,0.0,0
2015,6,kvyat,1,28,14:40:43,25.119,25.119,4.0,8.0,-4.0,0
2015,6,max_verstappen,1,29,14:42:14,52.821,52.821,7.0,13.0,-6.0,0
2015,6,hulkenberg,2,31,14:46:02,24.758,24.758,16.0,16.0,0.0,0
2015,6,alonso,1,32,14:46:31,30.345,30.345,9.0,9.0,0.0,0
2015,6,stevens,1,33,14:50:20,28.606,28.606,19.0,19.0,0.0,0
2015,6,button,1,35,14:50:28,25.062,25.062,7.0,8.0,-1.0,0
2015,6,vettel,1,36,14:51:19,24.851,24.851,3.0,3.0,0.0,0
2015,6,ricciardo,1,36,14:51:34,24.501,24.501,4.0,6.0,-2.0,0
2015,6,perez,1,36,14:51:43,24.733,24.733,6.0,7.0,-1.0,0
2015,6,rosberg,1,37,14:52:37,24.789,24.789,2.0,2.0,0.0,0
2015,6,merhi,1,35,14:52:53,27.554,27.554,18.0,18.0,0.0,0
2015,6,raikkonen,1,37,14:52:54,24.177,24.177,3.0,5.0,-2.0,0
2015,6,hamilton,1,38,14:53:49,24.181,24.181,1.0,1.0,0.0,0
2015,6,ericsson,2,38,14:55:31,25.398,25.398,14.0,16.0,-2.0,0
2015,6,massa,2,39,14:58:08,24.970,24.97,17.0,17.0,0.0,0
2015,6,max_verstappen,2,46,15:06:05,25.736,25.736,12.0,13.0,-1.0,0
2015,6,bottas,2,56,15:19:50,24.412,24.412,12.0,15.0,-3.0,0
2015,6,massa,3,62,15:29:53,24.395,24.395,16.0,15.0,1.0,1
2015,6,perez,2,64,15:29:57,25.119,25.119,7.0,7.0,0.0,0
2015,6,button,2,64,15:30:17,24.661,24.661,8.0,8.0,0.0,0
2015,6,hamilton,2,65,15:30:51,25.495,25.495,1.0,3.0,-2.0,0
2015,6,nasr,2,64,15:30:55,26.420,26.42,9.0,9.0,0.0,0
2015,6,ricciardo,2,65,15:31:26,24.244,24.244,6.0,6.0,0.0,0
2015,6,ericsson,3,69,15:40:15,25.234,25.234,13.0,13.0,0.0,0
2015,7,vettel,1,7,14:12:45,27.241,27.241,13.0,17.0,-4.0,0
2015,7,maldonado,1,17,14:25:56,23.660,23.66,7.0,12.0,-5.0,0
2015,7,ricciardo,1,23,14:34:08,23.997,23.997,10.0,16.0,-6.0,0
2015,7,perez,1,24,14:35:26,23.453,23.453,9.0,15.0,-6.0,0
2015,7,raikkonen,1,26,14:37:27,23.630,23.63,3.0,4.0,-1.0,0
2015,7,nasr,1,26,14:38:33,24.795,24.795,17.0,17.0,0.0,0
2015,7,grosjean,1,27,14:39:08,24.292,24.292,5.0,6.0,-1.0,0
2015,7,kvyat,1,27,14:39:23,23.681,23.681,8.0,11.0,-3.0,0
2015,7,sainz,1,27,14:39:37,24.277,24.277,12.0,15.0,-3.0,0
2015,7,bottas,1,28,14:40:10,25.541,25.541,3.0,3.0,0.0,0
2015,7,hulkenberg,1,28,14:40:35,23.507,23.507,5.0,9.0,-4.0,0
2015,7,ericsson,1,28,14:40:57,24.149,24.149,10.0,16.0,-6.0,0
2015,7,hamilton,1,29,14:41:11,23.708,23.708,1.0,1.0,0.0,0
2015,7,rosberg,1,30,14:42:33,23.321,23.321,1.0,2.0,-1.0,0
2015,7,alonso,1,31,14:45:06,23.553,23.553,14.0,16.0,-2.0,0
2015,7,vettel,2,35,14:50:00,23.945,23.945,7.0,8.0,-1.0,0
2015,7,stevens,1,34,14:50:14,30.807,30.807,19.0,20.0,-1.0,0
2015,7,merhi,1,35,14:51:40,26.986,26.986,19.0,19.0,0.0,0
2015,7,massa,1,37,14:52:40,23.912,23.912,6.0,9.0,-3.0,0
2015,7,max_verstappen,1,39,14:55:43,36.105,36.105,12.0,16.0,-4.0,0
2015,7,raikkonen,2,40,14:56:15,24.578,24.578,4.0,4.0,0.0,0
2015,7,button,2,44,15:03:06,25.374,25.374,18.0,17.0,1.0,1
2015,8,ericsson,1,2,14:06:56,30.232,30.232,14.0,16.0,-2.0,0
2015,8,button,1,3,14:09:03,24.104,24.104,16.0,17.0,-1.0,0
2015,8,button,2,6,14:14:39,28.727,28.727,17.0,17.0,0.0,0
2015,8,ericsson,2,12,14:22:17,16.211,16.211,15.0,16.0,-1.0,0
2015,8,grosjean,1,23,14:35:38,22.016,22.016,11.0,14.0,-3.0,0
2015,8,nasr,1,24,14:36:49,22.803,22.803,8.0,13.0,-5.0,0
2015,8,hulkenberg,1,25,14:37:53,21.685,21.685,5.0,7.0,-2.0,0
2015,8,sainz,1,25,14:38:02,27.638,27.638,8.0,14.0,-6.0,0
2015,8,bottas,1,26,14:39:05,22.777,22.777,5.0,8.0,-3.0,0
2015,8,max_verstappen,1,26,14:39:12,21.984,21.984,7.0,11.0,-4.0,0
2015,8,rosberg,1,33,14:47:13,21.768,21.768,1.0,3.0,-2.0,0
2015,8,massa,1,34,14:48:45,22.447,22.447,4.0,4.0,0.0,0
2015,8,hamilton,1,35,14:49:40,21.869,21.869,1.0,2.0,-1.0,0
2015,8,merhi,1,34,14:50:23,23.926,23.926,15.0,14.0,1.0,1
2015,8,vettel,1,36,14:51:04,31.882,31.882,2.0,4.0,-2.0,0
2015,8,maldonado,1,37,14:52:53,21.847,21.847,6.0,11.0,-5.0,0
2015,8,perez,1,38,14:54:06,26.689,26.689,5.0,12.0,-7.0,0
2015,8,kvyat,2,45,15:03:07,22.111,22.111,12.0,12.0,0.0,0
2015,8,ericsson,3,45,15:04:13,22.449,22.449,13.0,13.0,0.0,0
2015,8,ricciardo,1,50,15:09:02,27.710,27.71,8.0,11.0,-3.0,0
2015,9,ricciardo,1,11,13:23:42,28.464,28.464,11.0,12.0,-1.0,0
2015,9,sainz,1,12,13:25:22,29.393,29.393,11.0,13.0,-2.0,0
2015,9,raikkonen,1,13,13:26:56,28.974,28.974,6.0,9.0,-3.0,0
2015,9,vettel,1,14,13:28:38,28.946,28.946,8.0,10.0,-2.0,0
2015,9,alonso,2,17,13:34:06,28.703,28.703,12.0,13.0,-1.0,0
2015,9,kvyat,1,18,13:35:17,28.347,28.347,6.0,9.0,-3.0,0
2015,9,hamilton,1,19,13:36:43,28.417,28.417,3.0,2.0,1.0,1
2015,9,hulkenberg,1,19,13:36:56,28.558,28.558,6.0,8.0,-2.0,0
2015,9,massa,1,20,13:38:21,29.369,29.369,2.0,2.0,0.0,0
2015,9,rosberg,1,20,13:38:22,28.393,28.393,4.0,4.0,0.0,0
2015,9,perez,1,20,13:38:41,28.860,28.86,6.0,11.0,-5.0,0
2015,9,bottas,1,21,13:39:59,28.781,28.781,3.0,3.0,0.0,0
2015,9,ericsson,1,23,13:43:56,29.598,29.598,9.0,11.0,-2.0,0
2015,9,stevens,1,36,14:07:55,48.861,48.861,12.0,12.0,0.0,0
2015,9,merhi,1,36,14:08:22,34.672,34.672,13.0,13.0,0.0,0
2015,9,ericsson,2,37,14:08:39,30.867,30.867,10.0,10.0,0.0,0
2015,9,alonso,3,37,14:08:45,32.593,32.593,11.0,11.0,0.0,0
2015,9,raikkonen,2,38,14:09:28,30.397,30.397,5.0,8.0,-3.0,0
2015,9,ericsson,3,41,14:16:26,29.828,29.828,10.0,11.0,-1.0,0
2015,9,hamilton,2,43,14:17:40,28.979,28.979,1.0,1.0,0.0,0
2015,9,vettel,2,43,14:18:01,29.676,29.676,5.0,3.0,2.0,1
2015,9,rosberg,2,44,14:19:37,30.393,30.393,2.0,2.0,0.0,0
2015,9,massa,2,44,14:19:54,31.948,31.948,3.0,4.0,-1.0,0
2015,9,bottas,2,44,14:20:02,31.937,31.937,4.0,5.0,-1.0,0
2015,9,kvyat,2,44,14:20:27,33.979,33.979,6.0,6.0,0.0,0
2015,9,hulkenberg,2,44,14:20:36,33.891,33.891,7.0,7.0,0.0,0
2015,9,perez,2,44,14:21:16,31.998,31.998,8.0,9.0,-1.0,0
2015,9,merhi,2,44,14:24:44,30.686,30.686,13.0,12.0,1.0,1
2015,9,raikkonen,3,47,14:26:56,30.178,30.178,8.0,8.0,0.0,0
2015,9,stevens,2,45,14:27:17,43.964,43.964,12.0,13.0,-1.0,0
2015,10,merhi,1,6,14:15:43,26.392,26.392,19.0,20.0,-1.0,0
2015,10,bottas,1,13,14:25:47,22.974,22.974,4.0,11.0,-7.0,0
2015,10,kvyat,1,13,14:25:51,22.072,22.072,7.0,13.0,-6.0,0
2015,10,massa,1,14,14:27:28,27.936,27.936,10.0,17.0,-7.0,0
2015,10,max_verstappen,1,14,14:27:30,22.536,22.536,12.0,12.0,0.0,0
2015,10,button,1,14,14:27:33,22.231,22.231,14.0,15.0,-1.0,0
2015,10,grosjean,1,14,14:27:34,22.805,22.805,15.0,16.0,-1.0,0
2015,10,nasr,1,14,14:27:41,22.729,22.729,18.0,18.0,0.0,0
2015,10,hulkenberg,1,15,14:28:49,22.573,22.573,5.0,7.0,-2.0,0
2015,10,sainz,1,15,14:28:58,25.096,25.096,8.0,13.0,-5.0,0
2015,10,alonso,1,15,14:29:00,21.567,21.567,9.0,12.0,-3.0,0
2015,10,perez,1,16,14:30:25,22.068,22.068,7.0,10.0,-3.0,0
2015,10,ericsson,1,16,14:30:36,23.005,23.005,10.0,17.0,-7.0,0
2015,10,hamilton,1,19,14:34:42,23.146,23.146,5.0,5.0,0.0,0
2015,10,rosberg,1,20,14:35:52,21.780,21.78,3.0,3.0,0.0,0
2015,10,vettel,1,21,14:37:10,21.900,21.9,1.0,1.0,0.0,0
2015,10,ricciardo,1,21,14:37:37,21.824,21.824,4.0,4.0,0.0,0
2015,10,raikkonen,1,22,14:38:42,22.566,22.566,2.0,2.0,0.0,0
2015,10,maldonado,1,24,14:42:53,16.444,16.444,12.0,18.0,-6.0,0
2015,10,stevens,1,26,14:46:47,23.051,23.051,19.0,20.0,-1.0,0
2015,10,massa,2,29,14:50:32,21.915,21.915,17.0,17.0,0.0,0
2015,10,perez,2,30,14:51:57,22.409,22.409,14.0,16.0,-2.0,0
2015,10,merhi,2,30,14:53:11,23.125,23.125,19.0,20.0,-1.0,0
2015,10,nasr,2,32,14:55:00,22.907,22.907,15.0,18.0,-3.0,0
2015,10,kvyat,2,33,14:56:04,21.574,21.574,8.0,12.0,-4.0,0
2015,10,ericsson,2,33,14:56:29,22.199,22.199,14.0,17.0,-3.0,0
2015,10,grosjean,2,34,14:57:48,28.707,28.707,13.0,13.0,0.0,0
2015,10,button,2,35,14:59:17,21.753,21.753,11.0,12.0,-1.0,0
2015,10,hulkenberg,2,36,15:00:25,22.222,22.222,7.0,7.0,0.0,0
2015,10,alonso,2,36,15:00:39,22.300,22.3,9.0,10.0,-1.0,0
2015,10,sainz,2,36,15:00:44,22.930,22.93,10.0,11.0,-1.0,0
2015,10,max_verstappen,2,37,15:02:04,23.431,23.431,8.0,9.0,-1.0,0
2015,10,bottas,2,38,15:03:21,21.867,21.867,6.0,6.0,0.0,0
2015,10,rosberg,2,42,15:08:45,22.013,22.013,3.0,3.0,0.0,0
2015,10,perez,3,41,15:08:53,22.574,22.574,14.0,14.0,0.0,0
2015,10,hamilton,2,42,15:08:57,24.272,24.272,4.0,4.0,0.0,0
2015,10,maldonado,3,41,15:08:57,24.972,24.972,16.0,15.0,1.0,1
2015,10,ericsson,3,41,15:09:02,22.747,22.747,17.0,16.0,1.0,1
2015,10,ricciardo,2,42,15:09:07,22.008,22.008,5.0,5.0,0.0,0
2015,10,vettel,3,45,15:14:38,16.639,16.639,1.0,1.0,0.0,0
2015,10,sainz,3,44,15:14:39,16.660,16.66,10.0,9.0,1.0,1
2015,10,button,3,44,15:14:41,16.488,16.488,11.0,10.0,1.0,1
2015,10,raikkonen,3,45,15:14:43,16.979,16.979,2.0,2.0,0.0,0
2015,10,massa,3,44,15:14:44,16.823,16.823,12.0,12.0,0.0,0
2015,10,grosjean,4,44,15:14:46,17.064,17.064,13.0,13.0,0.0,0
2015,10,rosberg,3,45,15:14:48,16.623,16.623,3.0,3.0,0.0,0
2015,10,stevens,3,43,15:14:50,17.116,17.116,18.0,18.0,0.0,0
2015,10,perez,4,44,15:14:51,16.958,16.958,14.0,17.0,-3.0,0
2015,10,hamilton,3,45,15:14:53,18.249,18.249,4.0,4.0,0.0,0
2015,10,maldonado,4,44,15:14:53,18.782,18.782,15.0,14.0,1.0,1
2015,10,ericsson,4,44,15:14:55,18.577,18.577,16.0,15.0,1.0,1
2015,10,nasr,4,44,15:14:57,18.246,18.246,17.0,16.0,1.0,1
2015,10,ricciardo,3,45,15:14:58,18.270,18.27,5.0,5.0,0.0,0
2015,10,merhi,4,43,15:14:59,18.085,18.085,19.0,19.0,0.0,0
2015,10,bottas,3,45,15:15:16,16.427,16.427,6.0,6.0,0.0,0
2015,10,max_verstappen,3,45,15:15:29,16.485,16.485,7.0,8.0,-1.0,0
2015,10,kvyat,4,45,15:15:35,16.453,16.453,8.0,7.0,1.0,1
2015,10,bottas,5,49,15:23:48,30.031,30.031,6.0,17.0,-11.0,0
2015,10,hamilton,5,51,15:26:23,27.715,27.715,6.0,12.0,-6.0,0
2015,10,raikkonen,5,52,15:27:47,59.555,59.555,4.0,16.0,-12.0,0
2015,10,massa,5,54,15:31:14,21.502,21.502,9.0,14.0,-5.0,0
2015,10,hamilton,6,54,15:31:15,16.579,16.579,12.0,13.0,-1.0,0
2015,10,stevens,5,54,15:33:20,22.716,22.716,19.0,17.0,2.0,1
2015,10,max_verstappen,5,56,15:33:45,16.415,16.415,5.0,5.0,0.0,0
2015,10,maldonado,6,58,15:37:12,16.446,16.446,10.0,13.0,-3.0,0
2015,10,ricciardo,5,64,15:45:08,31.037,31.037,3.0,3.0,0.0,0
2015,10,rosberg,5,64,15:45:42,24.575,24.575,2.0,9.0,-7.0,0
2015,11,ricciardo,1,7,14:20:39,22.637,22.637,3.0,6.0,-3.0,0
2015,11,sainz,1,5,14:20:58,23.732,23.732,18.0,18.0,0.0,0
2015,11,perez,1,8,14:22:36,23.562,23.562,2.0,6.0,-4.0,0
2015,11,bottas,1,8,14:22:46,23.319,23.319,6.0,8.0,-2.0,0
2015,11,alonso,1,8,14:23:03,22.973,22.973,13.0,15.0,-2.0,0
2015,11,grosjean,1,9,14:24:43,23.717,23.717,5.0,7.0,-2.0,0
2015,11,kvyat,1,9,14:24:46,22.796,22.796,6.0,9.0,-3.0,0
2015,11,massa,1,9,14:24:47,23.282,23.282,7.0,10.0,-3.0,0
2015,11,max_verstappen,1,9,14:24:48,24.564,24.564,8.0,11.0,-3.0,0
2015,11,ericsson,1,9,14:24:54,24.183,24.183,12.0,12.0,0.0,0
2015,11,nasr,1,10,14:27:06,23.439,23.439,13.0,14.0,-1.0,0
2015,11,raikkonen,1,11,14:28:44,22.578,22.578,4.0,10.0,-6.0,0
2015,11,button,1,11,14:29:15,24.083,24.083,14.0,17.0,-3.0,0
2015,11,rosberg,1,12,14:30:22,22.997,22.997,2.0,3.0,-1.0,0
2015,11,hamilton,1,13,14:32:13,22.403,22.403,1.0,1.0,0.0,0
2015,11,vettel,1,14,14:34:26,22.681,22.681,2.0,6.0,-4.0,0
2015,11,bottas,2,15,14:36:40,17.343,17.343,7.0,11.0,-4.0,0
2015,11,merhi,1,15,14:37:29,23.643,23.643,15.0,16.0,-1.0,0
2015,11,stevens,1,16,14:39:34,23.826,23.826,16.0,17.0,-1.0,0
2015,11,perez,2,20,14:46:18,22.918,22.918,3.0,6.0,-3.0,0
2015,11,alonso,2,20,14:47:07,26.103,26.103,14.0,13.0,1.0,1
2015,11,button,2,20,14:47:33,24.151,24.151,15.0,14.0,1.0,1
2015,11,grosjean,2,21,14:48:35,23.493,23.493,3.0,4.0,-1.0,0
2015,11,massa,2,21,14:48:52,23.655,23.655,7.0,7.0,0.0,0
2015,11,raikkonen,2,21,14:48:53,23.143,23.143,8.0,8.0,0.0,0
2015,11,max_verstappen,2,21,14:48:54,23.041,23.041,9.0,9.0,0.0,0
2015,11,bottas,3,21,14:49:04,23.489,23.489,10.0,10.0,0.0,0
2015,11,sainz,2,23,14:57:07,23.348,23.348,17.0,17.0,0.0,0
2015,11,kvyat,2,27,15:00:37,22.563,22.563,5.0,9.0,-4.0,0
2015,11,nasr,2,27,15:01:15,23.288,23.288,12.0,13.0,-1.0,0
2015,11,ericsson,2,28,15:03:02,23.684,23.684,11.0,11.0,0.0,0
2015,11,hamilton,2,30,15:05:42,22.955,22.955,1.0,1.0,0.0,0
2015,11,merhi,2,29,15:06:14,23.282,23.282,15.0,15.0,0.0,0
2015,11,rosberg,2,31,15:07:43,22.765,22.765,2.0,2.0,0.0,0
2015,11,stevens,2,30,15:08:20,24.450,24.45,16.0,16.0,0.0,0
2015,11,max_verstappen,3,32,15:10:22,22.942,22.942,8.0,10.0,-2.0,0
2015,11,alonso,3,32,15:11:10,23.191,23.191,13.0,13.0,0.0,0
2015,11,button,3,35,15:17:42,23.761,23.761,14.0,14.0,0.0,0
2015,12,sainz,1,10,14:18:38,30.358,30.358,10.0,18.0,-8.0,0
2015,12,rosberg,1,18,14:30:11,24.657,24.657,5.0,7.0,-2.0,0
2015,12,hulkenberg,1,18,14:30:23,24.286,24.286,7.0,11.0,-4.0,0
2015,12,massa,1,19,14:31:39,25.207,25.207,3.0,7.0,-4.0,0
2015,12,max_verstappen,2,19,14:32:19,25.318,25.318,12.0,16.0,-4.0,0
2015,12,ericsson,1,20,14:33:26,24.842,24.842,6.0,11.0,-5.0,0
2015,12,bottas,1,22,14:36:10,25.536,25.536,3.0,6.0,-3.0,0
2015,12,perez,1,23,14:37:46,24.281,24.281,4.0,8.0,-4.0,0
2015,12,nasr,2,24,14:40:02,25.282,25.282,14.0,16.0,-2.0,0
2015,12,vettel,1,25,14:40:24,24.340,24.34,2.0,2.0,0.0,0
2015,12,button,1,25,14:41:32,24.310,24.31,13.0,15.0,-2.0,0
2015,12,hamilton,1,26,14:41:34,24.368,24.368,1.0,1.0,0.0,0
2015,12,stevens,1,26,14:43:37,29.382,29.382,17.0,17.0,0.0,0
2015,12,kvyat,1,27,14:44:11,23.884,23.884,9.0,12.0,-3.0,0
2015,12,raikkonen,1,28,14:45:20,24.442,24.442,3.0,10.0,-7.0,0
2015,12,merhi,1,27,14:45:21,26.435,26.435,18.0,18.0,0.0,0
2015,12,alonso,1,28,14:46:15,24.330,24.33,14.0,16.0,-2.0,0
2015,12,ricciardo,1,30,14:48:35,24.259,24.259,7.0,10.0,-3.0,0
2015,12,sainz,2,30,14:48:54,24.736,24.736,11.0,13.0,-2.0,0
2015,12,max_verstappen,3,33,14:53:32,24.938,24.938,12.0,14.0,-2.0,0
2015,13,grosjean,1,9,20:20:55,30.640,30.64,13.0,13.0,0.0,0
2015,13,sainz,1,10,20:22:46,34.970,34.97,12.0,15.0,-3.0,0
2015,13,alonso,1,10,20:22:46,34.237,34.237,11.0,14.0,-3.0,0
2015,13,ericsson,1,10,20:22:52,29.589,29.589,14.0,17.0,-3.0,0
2015,13,maldonado,1,10,20:22:55,29.762,29.762,16.0,16.0,0.0,0
2015,13,kvyat,1,12,20:26:14,29.159,29.159,4.0,6.0,-2.0,0
2015,13,vettel,1,13,20:28:04,29.172,29.172,1.0,1.0,0.0,0
2015,13,ricciardo,1,13,20:28:10,31.307,31.307,2.0,2.0,0.0,0
2015,13,raikkonen,1,13,20:28:15,30.031,30.031,3.0,3.0,0.0,0
2015,13,hamilton,1,13,20:28:21,28.917,28.917,4.0,4.0,0.0,0
2015,13,rosberg,1,13,20:28:30,30.562,30.562,6.0,5.0,1.0,1
2015,13,bottas,1,13,20:28:34,29.260,29.26,7.0,7.0,0.0,0
2015,13,perez,1,13,20:28:45,29.732,29.732,8.0,8.0,0.0,0
2015,13,nasr,1,13,20:28:53,29.679,29.679,10.0,9.0,1.0,1
2015,13,button,1,13,20:28:57,1:05.317,65.31700000000001,11.0,16.0,-5.0,0
2015,13,max_verstappen,1,12,20:29:01,31.207,31.207,20.0,19.0,1.0,1
2015,13,rossi,1,13,20:29:50,31.180,31.18,18.0,17.0,1.0,1
2015,13,massa,2,14,20:31:49,29.907,29.907,11.0,14.0,-3.0,0
2015,13,stevens,1,14,20:32:23,30.398,30.398,17.0,18.0,-1.0,0
2015,13,grosjean,2,26,20:57:10,29.826,29.826,10.0,16.0,-6.0,0
2015,13,maldonado,2,27,20:59:08,29.223,29.223,11.0,14.0,-3.0,0
2015,13,ericsson,2,28,21:01:10,29.857,29.857,12.0,15.0,-3.0,0
2015,13,sainz,2,28,21:01:11,29.742,29.742,15.0,16.0,-1.0,0
2015,13,kvyat,2,33,21:10:11,32.924,32.924,5.0,7.0,-2.0,0
2015,13,perez,2,34,21:12:15,29.676,29.676,7.0,8.0,-1.0,0
2015,13,nasr,2,34,21:12:23,29.917,29.917,8.0,12.0,-4.0,0
2015,13,max_verstappen,2,36,21:16:29,30.844,30.844,8.0,12.0,-4.0,0
2015,13,ericsson,3,36,21:16:40,29.398,29.398,13.0,14.0,-1.0,0
2015,13,vettel,2,37,21:17:26,29.273,29.273,1.0,1.0,0.0,0
2015,13,ricciardo,2,37,21:17:32,29.419,29.419,2.0,2.0,0.0,0
2015,13,rossi,2,36,21:17:38,32.036,32.036,15.0,15.0,0.0,0
2015,13,raikkonen,2,37,21:17:42,30.689,30.689,3.0,3.0,0.0,0
2015,13,rosberg,2,37,21:17:55,29.887,29.887,4.0,4.0,0.0,0
2015,13,bottas,2,37,21:18:06,29.239,29.239,5.0,5.0,0.0,0
2015,13,button,2,37,21:18:41,30.106,30.106,7.0,10.0,-3.0,0
2015,13,sainz,3,37,21:19:08,29.885,29.885,13.0,13.0,0.0,0
2015,13,stevens,2,37,21:20:15,37.847,37.847,16.0,16.0,0.0,0
2015,13,button,3,41,21:28:16,37.822,37.822,10.0,14.0,-4.0,0
2015,13,maldonado,3,54,21:53:08,29.996,29.996,11.0,13.0,-2.0,0
2015,14,kvyat,1,8,14:17:26,23.316,23.316,15.0,15.0,0.0,0
2015,14,alonso,1,9,14:19:04,23.640,23.64,11.0,12.0,-1.0,0
2015,14,max_verstappen,1,9,14:19:07,27.793,27.793,13.0,14.0,-1.0,0
2015,14,hulkenberg,1,10,14:20:34,23.750,23.75,8.0,9.0,-1.0,0
2015,14,button,1,10,14:20:51,23.343,23.343,13.0,15.0,-2.0,0
2015,14,nasr,1,10,14:20:51,24.763,24.763,12.0,16.0,-4.0,0
2015,14,bottas,1,11,14:22:04,23.542,23.542,3.0,6.0,-3.0,0
2015,14,grosjean,1,11,14:22:12,23.793,23.793,6.0,8.0,-2.0,0
2015,14,maldonado,1,12,14:23:55,24.842,24.842,6.0,9.0,-3.0,0
2015,14,vettel,1,13,14:25:21,23.074,23.074,2.0,3.0,-1.0,0
2015,14,ericsson,1,13,14:26:01,23.418,23.418,8.0,15.0,-7.0,0
2015,14,raikkonen,1,14,14:27:09,23.714,23.714,4.0,5.0,-1.0,0
2015,14,sainz,1,14,14:27:23,23.701,23.701,5.0,9.0,-4.0,0
2015,14,rosberg,1,15,14:28:45,23.078,23.078,2.0,3.0,-1.0,0
2015,14,hamilton,1,16,14:30:13,22.750,22.75,1.0,1.0,0.0,0
2015,14,massa,2,16,14:32:49,26.735,26.735,20.0,20.0,0.0,0
2015,14,perez,2,18,14:34:39,24.303,24.303,10.0,16.0,-6.0,0
2015,14,kvyat,2,20,14:38:04,23.183,23.183,11.0,16.0,-5.0,0
2015,14,stevens,1,21,14:40:29,25.875,25.875,18.0,18.0,0.0,0
2015,14,rossi,1,22,14:42:18,25.146,25.146,19.0,19.0,0.0,0
2015,14,ricciardo,2,24,14:45:19,23.225,23.225,17.0,17.0,0.0,0
2015,14,ericsson,2,26,14:48:19,23.441,23.441,13.0,15.0,-2.0,0
2015,14,sainz,2,27,14:49:26,39.345,39.345,9.0,11.0,-2.0,0
2015,14,button,2,27,14:49:59,23.801,23.801,12.0,16.0,-4.0,0
2015,14,raikkonen,2,28,14:50:45,22.584,22.584,5.0,6.0,-1.0,0
2015,14,alonso,2,28,14:51:35,23.767,23.767,11.0,14.0,-3.0,0
2015,14,rosberg,2,29,14:52:12,23.241,23.241,3.0,2.0,1.0,1
2015,14,bottas,2,29,14:52:23,23.588,23.588,4.0,6.0,-2.0,0
2015,14,vettel,2,30,14:53:49,23.130,23.13,2.0,3.0,-1.0,0
2015,14,max_verstappen,2,30,14:54:54,23.977,23.977,9.0,12.0,-3.0,0
2015,14,nasr,2,30,14:55:14,24.116,24.116,13.0,17.0,-4.0,0
2015,14,hamilton,2,31,14:55:15,23.165,23.165,1.0,1.0,0.0,0
2015,14,hulkenberg,2,31,14:56:02,23.491,23.491,4.0,8.0,-4.0,0
2015,14,grosjean,2,33,14:59:32,24.554,24.554,6.0,8.0,-2.0,0
2015,14,stevens,2,32,14:59:51,23.647,23.647,18.0,19.0,-1.0,0
2015,14,rossi,2,33,15:01:34,25.088,25.088,18.0,19.0,-1.0,0
2015,14,kvyat,3,34,15:01:48,23.381,23.381,11.0,15.0,-4.0,0
2015,14,massa,3,34,15:03:24,24.670,24.67,19.0,20.0,-1.0,0
2015,14,maldonado,2,36,15:04:35,23.249,23.249,6.0,8.0,-2.0,0
2015,14,perez,3,36,15:05:03,24.267,24.267,9.0,13.0,-4.0,0
2015,14,hulkenberg,3,42,15:17:36,35.760,35.76,6.0,6.0,0.0,0
2015,14,stevens,3,42,15:17:36,35.760,35.76,19.0,20.0,-1.0,0
2015,15,perez,1,12,14:27:00,30.545,30.545,5.0,9.0,-4.0,0
2015,15,ricciardo,1,12,14:27:08,29.732,29.732,7.0,10.0,-3.0,0
2015,15,sainz,1,12,14:27:19,30.288,30.288,11.0,12.0,-1.0,0
2015,15,button,1,12,14:27:21,29.719,29.719,12.0,13.0,-1.0,0
2015,15,alonso,1,13,14:29:42,29.539,29.539,13.0,14.0,-1.0,0
2015,15,merhi,1,13,14:30:08,35.072,35.072,15.0,15.0,0.0,0
2015,15,stevens,1,14,14:32:34,32.400,32.4,15.0,16.0,-1.0,0
2015,15,stevens,2,17,14:39:33,30.421,30.421,16.0,16.0,0.0,0
2015,15,max_verstappen,2,24,14:51:41,30.241,30.241,12.0,14.0,-2.0,0
2015,15,bottas,1,26,14:54:41,30.316,30.316,2.0,11.0,-9.0,0
2015,15,vettel,1,30,15:01:31,29.367,29.367,2.0,4.0,-2.0,0
2015,15,massa,1,30,15:01:51,30.741,30.741,6.0,12.0,-6.0,0
2015,15,maldonado,1,30,15:01:56,29.952,29.952,8.0,13.0,-5.0,0
2015,15,raikkonen,1,31,15:03:16,29.386,29.386,2.0,8.0,-6.0,0
2015,15,hamilton,1,32,15:04:38,30.216,30.216,1.0,1.0,0.0,0
2015,15,kvyat,1,33,15:06:55,30.418,30.418,2.0,8.0,-6.0,0
2015,15,nasr,1,34,15:08:41,30.362,30.362,2.0,12.0,-10.0,0
2015,16,nasr,1,2,14:08:09,31.137,31.137,14.0,18.0,-4.0,0
2015,16,ericsson,1,16,14:36:37,29.728,29.728,12.0,14.0,-2.0,0
2015,16,button,1,17,14:38:36,27.286,27.286,13.0,12.0,1.0,1
2015,16,hamilton,1,18,14:40:00,24.354,24.354,2.0,4.0,-2.0,0
2015,16,vettel,1,18,14:40:12,25.019,25.019,6.0,5.0,1.0,1
2015,16,max_verstappen,1,18,14:40:12,25.527,25.527,7.0,6.0,1.0,1
2015,16,massa,1,18,14:40:23,24.646,24.646,11.0,10.0,1.0,1
2015,16,nasr,3,17,14:40:29,25.714,25.714,16.0,17.0,-1.0,0
2015,16,rossi,2,17,14:40:33,26.520,26.52,17.0,16.0,1.0,1
2015,16,maldonado,1,18,14:40:42,27.851,27.851,13.0,12.0,1.0,1
2015,16,alonso,2,18,14:41:28,24.631,24.631,15.0,15.0,0.0,0
2015,16,ricciardo,1,19,14:41:45,24.449,24.449,1.0,1.0,0.0,0
2015,16,rosberg,1,19,14:41:53,24.640,24.64,2.0,2.0,0.0,0
2015,16,kvyat,1,19,14:41:54,24.638,24.638,3.0,3.0,0.0,0
2015,16,perez,1,19,14:42:04,26.458,26.458,5.0,8.0,-3.0,0
2015,16,raikkonen,1,19,14:42:09,24.733,24.733,7.0,15.0,-8.0,0
2015,16,sainz,1,19,14:42:10,25.259,25.259,8.0,7.0,1.0,1
2015,16,hulkenberg,1,19,14:42:11,27.344,27.344,10.0,9.0,1.0,1
2015,16,ericsson,2,19,14:42:56,30.932,30.932,14.0,13.0,1.0,1
2015,16,alonso,3,26,14:56:18,25.405,25.405,13.0,12.0,1.0,1
2015,16,vettel,2,27,14:56:46,25.576,25.576,4.0,5.0,-1.0,0
2015,16,hulkenberg,2,27,14:56:58,27.360,27.36,7.0,7.0,0.0,0
2015,16,sainz,2,27,14:57:05,44.582,44.582,8.0,10.0,-2.0,0
2015,16,perez,2,27,14:57:13,24.730,24.73,9.0,8.0,1.0,1
2015,16,button,2,27,14:57:21,24.689,24.689,10.0,9.0,1.0,1
2015,16,maldonado,2,27,14:58:06,25.446,25.446,11.0,11.0,0.0,0
2015,16,nasr,4,26,14:58:12,24.975,24.975,16.0,14.0,2.0,1
2015,16,max_verstappen,2,28,14:59:09,24.904,24.904,6.0,6.0,0.0,0
2015,16,rossi,3,27,15:00:26,25.812,25.812,13.0,13.0,0.0,0
2015,16,rosberg,2,38,15:20:21,25.242,25.242,1.0,3.0,-2.0,0
2015,16,kvyat,2,38,15:20:45,25.205,25.205,5.0,10.0,-5.0,0
2015,16,ricciardo,2,38,15:20:48,27.802,27.802,6.0,11.0,-5.0,0
2015,16,nasr,5,42,15:29:13,35.546,35.546,12.0,12.0,0.0,0
2015,16,hamilton,2,43,15:29:55,24.088,24.088,1.0,2.0,-1.0,0
2015,16,vettel,3,43,15:30:04,24.158,24.158,3.0,4.0,-1.0,0
2015,16,sainz,3,43,15:30:32,26.840,26.84,8.0,10.0,-2.0,0
2015,16,maldonado,3,43,15:30:33,25.054,25.054,9.0,9.0,0.0,0
2015,16,button,3,44,15:32:44,24.862,24.862,5.0,8.0,-3.0,0
2015,16,ricciardo,3,50,15:44:54,24.495,24.495,9.0,11.0,-2.0,0
2015,17,bottas,1,8,13:14:42,22.957,22.957,5.0,13.0,-8.0,0
2015,17,massa,1,9,13:16:11,22.849,22.849,7.0,13.0,-6.0,0
2015,17,hulkenberg,1,9,13:16:16,23.277,23.277,10.0,14.0,-4.0,0
2015,17,maldonado,1,10,13:17:46,26.647,26.647,9.0,16.0,-7.0,0
2015,17,ericsson,1,10,13:17:54,22.956,22.956,13.0,19.0,-6.0,0
2015,17,grosjean,1,11,13:19:15,22.735,22.735,9.0,14.0,-5.0,0
2015,17,nasr,1,12,13:20:51,23.026,23.026,11.0,19.0,-8.0,0
2015,17,sainz,1,13,13:21:59,23.128,23.128,7.0,13.0,-6.0,0
2015,17,perez,1,18,13:29:04,23.547,23.547,6.0,11.0,-5.0,0
2015,17,kvyat,1,21,13:32:58,22.559,22.559,3.0,5.0,-2.0,0
2015,17,ricciardo,1,24,13:37:18,22.422,22.422,3.0,6.0,-3.0,0
2015,17,max_verstappen,1,25,13:38:51,22.985,22.985,4.0,8.0,-4.0,0
2015,17,rosberg,1,26,13:39:37,22.391,22.391,1.0,2.0,-1.0,0
2015,17,stevens,1,26,13:41:44,25.087,25.087,17.0,17.0,0.0,0
2015,17,hamilton,1,28,13:42:28,22.304,22.304,1.0,2.0,-1.0,0
2015,17,rossi,1,27,13:43:29,25.367,25.367,18.0,18.0,0.0,0
2015,17,button,1,30,13:46:38,23.356,23.356,14.0,16.0,-2.0,0
2015,17,vettel,2,35,13:53:28,22.156,22.156,13.0,14.0,-1.0,0
2015,17,ericsson,2,39,13:59:15,23.461,23.461,13.0,15.0,-2.0,0
2015,17,sainz,2,43,14:04:29,23.776,23.776,10.0,13.0,-3.0,0
2015,17,nasr,2,44,14:06:33,23.417,23.417,14.0,16.0,-2.0,0
2015,17,rosberg,2,46,14:07:31,22.303,22.303,1.0,2.0,-1.0,0
2015,17,hamilton,2,48,14:10:19,22.328,22.328,1.0,2.0,-1.0,0
2015,17,button,2,47,14:11:04,23.018,23.018,15.0,16.0,-1.0,0
2015,17,sainz,3,51,14:15:57,23.068,23.068,13.0,12.0,1.0,1
2015,17,ericsson,3,51,14:16:29,23.292,23.292,14.0,13.0,1.0,1
2015,17,kvyat,2,52,14:16:33,22.518,22.518,3.0,3.0,0.0,0
2015,17,ricciardo,2,52,14:16:49,22.488,22.488,5.0,5.0,0.0,0
2015,17,massa,2,52,14:16:52,23.086,23.086,6.0,6.0,0.0,0
2015,17,hulkenberg,2,52,14:16:54,24.136,24.136,7.0,7.0,0.0,0
2015,17,nasr,3,51,14:17:02,23.813,23.813,15.0,14.0,1.0,1
2015,17,max_verstappen,2,52,14:17:19,22.589,22.589,9.0,9.0,0.0,0
2015,17,grosjean,2,52,14:17:28,23.101,23.101,10.0,10.0,0.0,0
2015,17,maldonado,2,52,14:17:35,23.937,23.937,11.0,11.0,0.0,0
2015,17,stevens,2,50,14:17:37,24.224,24.224,17.0,16.0,1.0,1
2015,17,rossi,2,50,14:17:41,30.442,30.442,18.0,17.0,1.0,1
2015,17,bottas,2,53,14:18:31,23.160,23.16,4.0,4.0,0.0,0
2015,18,ricciardo,1,3,14:07:06,23.937,23.937,13.0,19.0,-6.0,0
2015,18,hulkenberg,1,9,14:14:48,24.009,24.009,7.0,12.0,-5.0,0
2015,18,kvyat,1,10,14:16:04,24.155,24.155,6.0,11.0,-5.0,0
2015,18,massa,1,10,14:16:08,23.887,23.887,7.0,13.0,-6.0,0
2015,18,perez,1,10,14:16:10,23.854,23.854,8.0,14.0,-6.0,0
2015,18,grosjean,1,10,14:16:12,24.475,24.475,11.0,16.0,-5.0,0
2015,18,bottas,1,11,14:17:18,23.736,23.736,5.0,7.0,-2.0,0
2015,18,max_verstappen,1,11,14:17:28,24.166,24.166,7.0,13.0,-6.0,0
2015,18,raikkonen,1,12,14:18:31,23.293,23.293,4.0,4.0,0.0,0
2015,18,button,1,12,14:18:53,23.242,23.242,8.0,15.0,-7.0,0
2015,18,ericsson,1,12,14:18:58,24.699,24.699,11.0,17.0,-6.0,0
2015,18,rosberg,1,13,14:19:39,25.039,25.039,1.0,1.0,0.0,0
2015,18,vettel,1,13,14:19:44,23.801,23.801,3.0,3.0,0.0,0
2015,18,alonso,1,13,14:20:14,22.981,22.981,6.0,16.0,-10.0,0
2015,18,hamilton,1,14,14:20:57,24.328,24.328,1.0,2.0,-1.0,0
2015,18,nasr,1,14,14:21:27,25.529,25.529,4.0,15.0,-11.0,0
2015,18,rossi,1,14,14:22:03,25.492,25.492,17.0,18.0,-1.0,0
2015,18,stevens,1,15,14:23:24,25.547,25.547,18.0,19.0,-1.0,0
2015,18,maldonado,1,25,14:36:04,24.115,24.115,9.0,17.0,-8.0,0
2015,18,ricciardo,2,28,14:40:10,23.979,23.979,12.0,17.0,-5.0,0
2015,18,button,2,31,14:44:10,24.265,24.265,13.0,15.0,-2.0,0
2015,18,vettel,2,32,14:44:26,23.474,23.474,3.0,4.0,-1.0,0
2015,18,rosberg,2,33,14:45:33,23.321,23.321,1.0,1.0,0.0,0
2015,18,alonso,2,32,14:45:34,23.218,23.218,15.0,16.0,-1.0,0
2015,18,ericsson,2,32,14:45:52,29.148,29.148,13.0,17.0,-4.0,0
2015,18,perez,2,33,14:46:36,23.609,23.609,11.0,13.0,-2.0,0
2015,18,hamilton,2,34,14:46:52,23.148,23.148,1.0,2.0,-1.0,0
2015,18,max_verstappen,2,34,14:47:52,24.153,24.153,9.0,11.0,-2.0,0
2015,18,hulkenberg,2,35,14:48:59,24.199,24.199,6.0,8.0,-2.0,0
2015,18,grosjean,2,35,14:49:12,23.787,23.787,9.0,12.0,-3.0,0
2015,18,massa,2,38,14:53:00,23.927,23.927,7.0,9.0,-2.0,0
2015,18,kvyat,2,39,14:54:15,23.630,23.63,6.0,8.0,-2.0,0
2015,18,nasr,2,39,14:54:38,24.491,24.491,10.0,16.0,-6.0,0
2015,18,bottas,2,41,14:56:37,24.913,24.913,5.0,5.0,0.0,0
2015,18,stevens,2,40,14:57:45,27.095,27.095,18.0,18.0,0.0,0
2015,18,rossi,2,41,14:59:12,26.706,26.706,18.0,19.0,-1.0,0
2015,18,maldonado,2,44,15:01:06,30.082,30.082,8.0,16.0,-8.0,0
2015,18,raikkonen,2,46,15:02:43,25.308,25.308,4.0,4.0,0.0,0
2015,18,vettel,3,47,15:03:48,23.861,23.861,3.0,3.0,0.0,0
2015,18,rosberg,3,48,15:04:53,23.046,23.046,1.0,1.0,0.0,0
2015,18,hamilton,3,49,15:06:11,22.936,22.936,1.0,2.0,-1.0,0
2015,18,perez,3,51,15:10:22,23.732,23.732,12.0,13.0,-1.0,0
2015,18,button,3,51,15:10:27,23.402,23.402,13.0,15.0,-2.0,0
2015,18,ricciardo,3,52,15:11:38,24.775,24.775,11.0,14.0,-3.0,0
2015,18,alonso,3,52,15:11:48,23.810,23.81,13.0,16.0,-3.0,0
2015,18,max_verstappen,3,53,15:12:51,24.078,24.078,10.0,12.0,-2.0,0
2015,18,ericsson,3,53,15:13:28,25.102,25.102,17.0,17.0,0.0,0
2015,18,grosjean,3,54,15:14:07,23.958,23.958,9.0,10.0,-1.0,0
2015,18,massa,3,55,15:15:12,23.401,23.401,8.0,8.0,0.0,0
2015,19,nasr,1,4,17:11:05,28.407,28.407,14.0,18.0,-4.0,0
2015,19,kvyat,1,5,17:12:45,21.868,21.868,9.0,15.0,-6.0,0
2015,19,perez,1,6,17:14:27,21.922,21.922,4.0,9.0,-5.0,0
2015,19,ricciardo,1,6,17:14:29,21.949,21.949,6.0,11.0,-5.0,0
2015,19,massa,1,6,17:14:32,22.851,22.851,7.0,13.0,-6.0,0
2015,19,hulkenberg,1,7,17:16:20,22.045,22.045,5.0,9.0,-4.0,0
2015,19,sainz,1,7,17:16:24,25.307,25.307,8.0,12.0,-4.0,0
2015,19,bottas,1,8,17:18:12,24.485,24.485,5.0,18.0,-13.0,0
2015,19,max_verstappen,1,8,17:18:16,22.309,22.309,8.0,13.0,-5.0,0
2015,19,button,1,8,17:18:18,23.722,23.722,9.0,14.0,-5.0,0
2015,19,alonso,2,8,17:19:12,16.128,16.128,19.0,19.0,0.0,0
2015,19,rosberg,1,10,17:21:26,21.637,21.637,1.0,1.0,0.0,0
2015,19,raikkonen,1,10,17:21:36,22.162,22.162,3.0,4.0,-1.0,0
2015,19,hamilton,1,11,17:23:20,21.346,21.346,2.0,3.0,-1.0,0
2015,19,ericsson,1,15,17:31:20,22.838,22.838,11.0,15.0,-4.0,0
2015,19,alonso,3,17,17:36:02,22.246,22.246,19.0,19.0,0.0,0
2015,19,max_verstappen,2,20,17:40:25,22.457,22.457,11.0,15.0,-4.0,0
2015,19,vettel,1,23,17:45:22,21.795,21.795,4.0,6.0,-2.0,0
2015,19,grosjean,1,23,17:45:39,22.203,22.203,6.0,10.0,-4.0,0
2015,19,stevens,1,23,17:47:03,22.913,22.913,17.0,18.0,-1.0,0
2015,19,hulkenberg,2,24,17:47:36,22.174,22.174,8.0,11.0,-3.0,0
2015,19,merhi,1,24,17:49:26,24.314,24.314,19.0,19.0,0.0,0
2015,19,kvyat,2,25,17:49:27,21.634,21.634,9.0,11.0,-2.0,0
2015,19,ricciardo,2,26,17:51:05,22.118,22.118,5.0,6.0,-1.0,0
2015,19,massa,2,26,17:51:15,22.710,22.71,7.0,11.0,-4.0,0
2015,19,nasr,2,26,17:51:35,22.806,22.806,12.0,16.0,-4.0,0
2015,19,perez,2,27,17:52:50,22.116,22.116,4.0,5.0,-1.0,0
2015,19,button,2,27,17:53:21,22.310,22.31,10.0,15.0,-5.0,0
2015,19,sainz,2,28,17:54:59,22.063,22.063,6.0,12.0,-6.0,0
2015,19,bottas,3,29,17:57:10,29.592,29.592,14.0,16.0,-2.0,0
2015,19,rosberg,2,31,17:59:21,21.580,21.58,1.0,2.0,-1.0,0
2015,19,raikkonen,2,32,18:01:20,25.613,25.613,3.0,4.0,-1.0,0
2015,19,stevens,2,33,18:06:05,22.854,22.854,18.0,18.0,0.0,0
2015,19,max_verstappen,3,38,18:13:19,22.355,22.355,12.0,15.0,-3.0,0
2015,19,vettel,2,39,18:14:14,21.628,21.628,4.0,5.0,-1.0,0
2015,19,hamilton,2,41,18:17:11,21.392,21.392,1.0,2.0,-1.0,0
2015,19,ericsson,2,41,18:18:57,22.200,22.2,12.0,16.0,-4.0,0
2015,19,grosjean,2,43,18:22:01,22.234,22.234,7.0,11.0,-4.0,0
2015,19,nasr,3,44,18:24:25,22.086,22.086,14.0,16.0,-2.0,0
2015,19,alonso,4,47,18:30:52,22.377,22.377,17.0,17.0,0.0,0
2016,1,sainz,1,8,16:19:48,22.414,22.414,7.0,17.0,-10.0,0
2016,1,nasr,1,10,16:23:19,22.701,22.701,16.0,18.0,-2.0,0
2016,1,massa,1,11,16:24:32,21.550,21.55,7.0,12.0,-5.0,0
2016,1,wehrlein,1,11,16:24:47,26.206,26.206,14.0,19.0,-5.0,0
2016,1,ericsson,1,11,16:24:51,22.357,22.357,15.0,17.0,-2.0,0
2016,1,rosberg,1,12,16:25:48,21.531,21.531,3.0,4.0,-1.0,0
2016,1,ricciardo,1,12,16:25:59,22.245,22.245,6.0,7.0,-1.0,0
2016,1,alonso,1,12,16:26:14,21.796,21.796,8.0,15.0,-7.0,0
2016,1,jolyon_palmer,1,12,16:26:22,23.286,23.286,11.0,16.0,-5.0,0
2016,1,haryanto,1,12,16:26:36,23.224,23.224,17.0,20.0,-3.0,0
2016,1,vettel,1,13,16:27:17,21.339,21.339,1.0,3.0,-2.0,0
2016,1,max_verstappen,1,13,16:27:32,22.303,22.303,3.0,8.0,-5.0,0
2016,1,button,1,15,16:31:07,22.616,22.616,8.0,15.0,-7.0,0
2016,1,raikkonen,1,16,16:32:03,22.508,22.508,1.0,3.0,-2.0,0
2016,1,hamilton,1,16,16:32:16,21.940,21.94,2.0,7.0,-5.0,0
2016,1,hulkenberg,1,16,16:32:30,22.167,22.167,5.0,10.0,-5.0,0
2016,1,perez,1,16,16:32:37,24.719,24.719,6.0,13.0,-7.0,0
2016,1,bottas,1,17,16:34:32,21.376,21.376,9.0,11.0,-2.0,0
2016,1,kevin_magnussen,2,16,16:34:50,22.079,22.079,21.0,18.0,3.0,1
2016,1,ericsson,3,27,17:10:16,16.936,16.936,14.0,17.0,-3.0,0
2016,1,button,3,30,17:14:55,21.837,21.837,13.0,15.0,-2.0,0
2016,1,sainz,3,31,17:16:00,22.392,22.392,5.0,10.0,-5.0,0
2016,1,max_verstappen,3,32,17:17:30,29.066,29.066,4.0,11.0,-7.0,0
2016,1,wehrlein,3,32,17:18:12,23.895,23.895,14.0,17.0,-3.0,0
2016,1,vettel,3,35,17:21:50,24.548,24.548,1.0,4.0,-3.0,0
2016,1,ricciardo,3,42,17:32:47,21.981,21.981,2.0,5.0,-3.0,0
2016,2,perez,1,2,18:07:15,30.326,30.326,12.0,19.0,-7.0,0
2016,2,sainz,1,2,18:07:43,28.401,28.401,11.0,20.0,-9.0,0
2016,2,ricciardo,1,6,18:13:44,24.541,24.541,4.0,14.0,-10.0,0
2016,2,massa,1,7,18:15:20,24.093,24.093,2.0,11.0,-9.0,0
2016,2,bottas,1,8,18:17:05,24.944,24.944,4.0,17.0,-13.0,0
2016,2,vandoorne,1,9,18:18:55,24.604,24.604,7.0,14.0,-7.0,0
2016,2,max_verstappen,1,10,18:20:31,25.810,25.81,5.0,10.0,-5.0,0
2016,2,nasr,1,10,18:20:44,26.246,26.246,9.0,16.0,-7.0,0
2016,2,grosjean,1,11,18:22:08,25.739,25.739,4.0,7.0,-3.0,0
2016,2,wehrlein,1,11,18:22:24,26.236,26.236,7.0,15.0,-8.0,0
2016,2,raikkonen,1,12,18:23:37,24.720,24.72,2.0,2.0,0.0,0
2016,2,kevin_magnussen,1,12,18:24:08,26.876,26.876,10.0,16.0,-6.0,0
2016,2,haryanto,1,12,18:24:14,26.382,26.382,11.0,17.0,-6.0,0
2016,2,rosberg,1,13,18:25:02,24.934,24.934,1.0,1.0,0.0,0
2016,2,hamilton,1,13,18:25:20,24.512,24.512,3.0,4.0,-1.0,0
2016,2,ericsson,1,13,18:25:47,24.775,24.775,7.0,13.0,-6.0,0
2016,2,perez,2,14,18:27:44,25.068,25.068,11.0,17.0,-6.0,0
2016,2,kvyat,1,16,18:30:45,24.419,24.419,5.0,13.0,-8.0,0
2016,2,hulkenberg,2,16,18:31:10,24.930,24.93,14.0,17.0,-3.0,0
2016,2,sainz,2,20,18:38:33,34.978,34.978,18.0,18.0,0.0,0
2016,2,ricciardo,2,24,18:44:00,26.631,26.631,4.0,8.0,-4.0,0
2016,2,kevin_magnussen,2,24,18:44:29,24.383,24.383,14.0,17.0,-3.0,0
2016,2,vandoorne,2,25,18:45:55,24.682,24.682,8.0,14.0,-6.0,0
2016,2,max_verstappen,2,26,18:47:23,25.594,25.594,5.0,9.0,-4.0,0
2016,2,grosjean,2,27,18:48:59,26.151,26.151,4.0,7.0,-3.0,0
2016,2,hamilton,2,28,18:50:13,25.030,25.03,3.0,3.0,0.0,0
2016,2,raikkonen,2,29,18:51:43,25.222,25.222,2.0,2.0,0.0,0
2016,2,massa,2,29,18:52:33,24.236,24.236,4.0,10.0,-6.0,0
2016,2,ericsson,2,29,18:52:47,25.363,25.363,10.0,14.0,-4.0,0
2016,2,wehrlein,2,29,18:52:58,25.547,25.547,14.0,16.0,-2.0,0
2016,2,rosberg,2,30,18:53:06,27.226,27.226,1.0,1.0,0.0,0
2016,2,nasr,2,30,18:54:37,25.491,25.491,12.0,16.0,-4.0,0
2016,2,haryanto,2,31,18:56:29,28.120,28.12,15.0,17.0,-2.0,0
2016,2,kvyat,2,34,19:00:57,24.661,24.661,6.0,9.0,-3.0,0
2016,2,bottas,3,34,19:01:08,26.110,26.11,8.0,13.0,-5.0,0
2016,2,hulkenberg,3,35,19:03:05,24.734,24.734,13.0,16.0,-3.0,0
2016,2,raikkonen,3,37,19:04:55,25.257,25.257,2.0,3.0,-1.0,0
2016,2,perez,3,37,19:06:37,24.517,24.517,14.0,17.0,-3.0,0
2016,2,kevin_magnussen,3,38,19:07:57,24.341,24.341,10.0,14.0,-4.0,0
2016,2,rosberg,3,39,19:07:59,25.761,25.761,1.0,1.0,0.0,0
2016,2,grosjean,3,40,19:10:37,30.063,30.063,5.0,8.0,-3.0,0
2016,2,hamilton,3,41,19:11:34,24.524,24.524,1.0,3.0,-2.0,0
2016,2,vandoorne,3,41,19:12:46,25.316,25.316,9.0,11.0,-2.0,0
2016,2,wehrlein,3,41,19:13:02,25.419,25.419,12.0,15.0,-3.0,0
2016,2,ricciardo,3,42,19:13:48,24.879,24.879,4.0,5.0,-1.0,0
2016,2,kvyat,3,44,19:17:31,24.224,24.224,7.0,9.0,-2.0,0
2016,2,haryanto,3,44,19:18:30,25.517,25.517,17.0,17.0,0.0,0
2016,2,max_verstappen,3,46,19:20:38,25.129,25.129,4.0,7.0,-3.0,0
2016,2,nasr,3,47,19:23:12,25.660,25.66,14.0,16.0,-2.0,0
2016,2,hulkenberg,4,51,19:29:43,26.595,26.595,13.0,16.0,-3.0,0
2016,3,ricciardo,1,3,14:08:57,24.392,24.392,1.0,17.0,-16.0,0
2016,3,kvyat,1,4,14:10:42,24.084,24.084,2.0,6.0,-4.0,0
2016,3,perez,1,4,14:10:46,23.215,23.215,3.0,9.0,-6.0,0
2016,3,vettel,1,4,14:10:50,30.115,30.115,6.0,15.0,-9.0,0
2016,3,hulkenberg,1,4,14:10:50,27.683,27.683,4.0,13.0,-9.0,0
2016,3,sainz,1,4,14:10:51,25.754,25.754,5.0,12.0,-7.0,0
2016,3,button,1,4,14:10:51,24.072,24.072,7.0,11.0,-4.0,0
2016,3,bottas,1,4,14:10:52,22.682,22.682,8.0,10.0,-2.0,0
2016,3,max_verstappen,1,4,14:10:54,30.034,30.034,10.0,18.0,-8.0,0
2016,3,ericsson,1,4,14:10:56,23.955,23.955,11.0,14.0,-3.0,0
2016,3,kevin_magnussen,1,4,14:10:58,23.158,23.158,13.0,16.0,-3.0,0
2016,3,hamilton,2,5,14:13:57,25.179,25.179,20.0,21.0,-1.0,0
2016,3,raikkonen,2,14,14:31:08,23.296,23.296,15.0,19.0,-4.0,0
2016,3,wehrlein,1,15,14:32:55,26.969,26.969,12.0,21.0,-9.0,0
2016,3,jolyon_palmer,1,15,14:33:07,22.799,22.799,21.0,22.0,-1.0,0
2016,3,alonso,1,16,14:34:30,22.874,22.874,5.0,16.0,-11.0,0
2016,3,vettel,2,17,14:36:07,22.276,22.276,4.0,10.0,-6.0,0
2016,3,hulkenberg,2,17,14:36:22,23.867,23.867,12.0,18.0,-6.0,0
2016,3,perez,2,18,14:37:55,22.485,22.485,4.0,8.0,-4.0,0
2016,3,haryanto,1,18,14:38:25,23.183,23.183,18.0,22.0,-4.0,0
2016,3,kvyat,2,19,14:39:28,22.607,22.607,2.0,3.0,-1.0,0
2016,3,massa,1,19,14:39:36,22.124,22.124,3.0,8.0,-5.0,0
2016,3,sainz,2,19,14:39:44,22.832,22.832,5.0,10.0,-5.0,0
2016,3,ricciardo,2,19,14:39:45,22.461,22.461,7.0,11.0,-4.0,0
2016,3,gutierrez,1,19,14:39:57,23.878,23.878,12.0,16.0,-4.0,0
2016,3,rosberg,1,20,14:40:58,22.831,22.831,1.0,1.0,0.0,0
2016,3,max_verstappen,2,20,14:41:36,23.744,23.744,9.0,15.0,-6.0,0
2016,3,kevin_magnussen,2,20,14:41:50,23.257,23.257,14.0,19.0,-5.0,0
2016,3,grosjean,2,20,14:41:52,24.615,24.615,16.0,21.0,-5.0,0
2016,3,nasr,2,20,14:42:01,23.735,23.735,19.0,22.0,-3.0,0
2016,3,bottas,2,21,14:43:09,22.630,22.63,2.0,7.0,-5.0,0
2016,3,hamilton,4,21,14:43:15,22.626,22.626,3.0,12.0,-9.0,0
2016,3,jolyon_palmer,2,24,14:49:09,23.280,23.28,19.0,22.0,-3.0,0
2016,3,hulkenberg,3,26,14:52:18,29.570,29.57,14.0,18.0,-4.0,0
2016,3,button,2,27,14:53:52,23.029,23.029,7.0,14.0,-7.0,0
2016,3,wehrlein,2,27,14:54:13,24.104,24.104,17.0,20.0,-3.0,0
2016,3,perez,3,28,14:55:33,22.351,22.351,6.0,13.0,-7.0,0
2016,3,ericsson,2,28,14:55:48,23.563,23.563,14.0,18.0,-4.0,0
2016,3,haryanto,2,28,14:56:08,24.635,24.635,18.0,22.0,-4.0,0
2016,3,bottas,3,30,14:58:55,22.747,22.747,5.0,9.0,-4.0,0
2016,3,hamilton,5,30,14:59:03,22.698,22.698,9.0,13.0,-4.0,0
2016,3,massa,2,31,15:00:34,23.349,23.349,4.0,8.0,-4.0,0
2016,3,alonso,2,32,15:02:40,22.927,22.927,9.0,14.0,-5.0,0
2016,3,sainz,3,33,15:04:13,24.269,24.269,5.0,12.0,-7.0,0
2016,3,grosjean,3,33,15:04:55,23.342,23.342,18.0,22.0,-4.0,0
2016,3,gutierrez,2,34,15:06:14,22.963,22.963,12.0,16.0,-4.0,0
2016,3,kvyat,3,35,15:07:13,22.684,22.684,2.0,3.0,-1.0,0
2016,3,vettel,3,35,15:07:15,22.350,22.35,3.0,2.0,1.0,1
2016,3,kevin_magnussen,3,35,15:08:20,22.677,22.677,16.0,21.0,-5.0,0
2016,3,rosberg,2,36,15:08:27,23.559,23.559,1.0,1.0,0.0,0
2016,3,ricciardo,3,37,15:10:56,22.426,22.426,2.0,7.0,-5.0,0
2016,3,raikkonen,3,37,15:11:04,22.832,22.832,5.0,10.0,-5.0,0
2016,3,jolyon_palmer,3,38,15:13:56,24.099,24.099,22.0,22.0,0.0,0
2016,3,max_verstappen,3,39,15:14:39,23.130,23.13,4.0,12.0,-8.0,0
2016,3,nasr,3,40,15:17:07,25.357,25.357,18.0,20.0,-2.0,0
2016,3,haryanto,3,40,15:17:16,24.369,24.369,20.0,21.0,-1.0,0
2016,3,gutierrez,3,43,15:21:59,23.070,23.07,15.0,16.0,-1.0,0
2016,3,wehrlein,3,43,15:22:12,24.274,24.274,17.0,18.0,-1.0,0
2016,3,button,3,44,15:23:28,22.510,22.51,11.0,13.0,-2.0,0
2016,3,grosjean,4,44,15:24:06,23.284,23.284,18.0,20.0,-2.0,0
2016,3,hulkenberg,4,46,15:27:09,22.790,22.79,13.0,16.0,-3.0,0
2016,4,kvyat,2,8,15:20:21,38.906,38.906,17.0,19.0,-2.0,0
2016,4,gutierrez,2,9,15:22:11,25.037,25.037,18.0,18.0,0.0,0
2016,4,sainz,1,11,15:25:31,30.805,30.805,11.0,16.0,-5.0,0
2016,4,nasr,1,12,15:27:22,30.259,30.259,15.0,16.0,-1.0,0
2016,4,wehrlein,1,13,15:29:06,31.433,31.433,13.0,17.0,-4.0,0
2016,4,jolyon_palmer,1,14,15:30:40,30.805,30.805,10.0,14.0,-4.0,0
2016,4,bottas,1,16,15:33:39,29.841,29.841,2.0,6.0,-4.0,0
2016,4,kevin_magnussen,1,16,15:34:05,30.585,30.585,9.0,12.0,-3.0,0
2016,4,hamilton,1,17,15:35:21,30.001,30.001,2.0,4.0,-2.0,0
2016,4,grosjean,1,17,15:35:49,31.420,31.42,8.0,13.0,-5.0,0
2016,4,massa,1,18,15:37:14,29.551,29.551,4.0,7.0,-3.0,0
2016,4,raikkonen,1,20,15:40:29,30.498,30.498,2.0,3.0,-1.0,0
2016,4,button,1,20,15:41:08,30.580,30.58,8.0,15.0,-7.0,0
2016,4,rosberg,1,21,15:41:55,29.709,29.709,1.0,1.0,0.0,0
2016,4,alonso,1,21,15:42:40,29.751,29.751,6.0,9.0,-3.0,0
2016,4,max_verstappen,1,22,15:44:13,30.553,30.553,2.0,7.0,-5.0,0
2016,4,perez,2,27,15:53:11,30.400,30.4,6.0,11.0,-5.0,0
2016,4,ericsson,2,28,15:55:13,30.433,30.433,9.0,14.0,-5.0,0
2016,4,ricciardo,2,29,15:57:02,31.205,31.205,8.0,16.0,-8.0,0
2016,4,wehrlein,2,39,16:14:54,57.151,57.151,17.0,18.0,-1.0,0
2016,4,massa,2,46,16:25:17,30.065,30.065,5.0,5.0,0.0,0
2016,5,massa,1,8,14:17:31,21.384,21.384,16.0,18.0,-2.0,0
2016,5,perez,1,9,14:18:56,22.679,22.679,7.0,14.0,-7.0,0
2016,5,kvyat,1,9,14:19:03,23.277,23.277,13.0,19.0,-6.0,0
2016,5,ericsson,1,9,14:19:07,22.840,22.84,17.0,20.0,-3.0,0
2016,5,sainz,1,10,14:20:24,22.874,22.874,4.0,9.0,-5.0,0
2016,5,button,1,10,14:20:28,22.280,22.28,7.0,12.0,-5.0,0
2016,5,hulkenberg,1,10,14:20:31,22.176,22.176,11.0,15.0,-4.0,0
2016,5,kevin_magnussen,1,10,14:20:34,22.843,22.843,12.0,16.0,-4.0,0
2016,5,ricciardo,1,11,14:21:44,21.738,21.738,1.0,3.0,-2.0,0
2016,5,alonso,1,11,14:22:02,21.795,21.795,7.0,12.0,-5.0,0
2016,5,jolyon_palmer,1,11,14:22:09,23.283,23.283,11.0,18.0,-7.0,0
2016,5,wehrlein,1,11,14:22:14,24.554,24.554,15.0,20.0,-5.0,0
2016,5,max_verstappen,1,12,14:23:18,22.369,22.369,1.0,4.0,-3.0,0
2016,5,raikkonen,1,12,14:23:25,22.107,22.107,4.0,6.0,-2.0,0
2016,5,bottas,1,12,14:23:27,21.856,21.856,5.0,7.0,-2.0,0
2016,5,nasr,1,12,14:23:45,22.976,22.976,9.0,19.0,-10.0,0
2016,5,vettel,1,15,14:27:51,21.643,21.643,1.0,3.0,-2.0,0
2016,5,grosjean,1,15,14:28:12,23.187,23.187,3.0,11.0,-8.0,0
2016,5,gutierrez,1,16,14:29:51,23.206,23.206,6.0,16.0,-10.0,0
2016,5,haryanto,1,22,14:39:41,28.753,28.753,19.0,19.0,0.0,0
2016,5,ericsson,2,24,14:42:39,23.122,23.122,15.0,18.0,-3.0,0
2016,5,massa,2,25,14:43:57,22.568,22.568,10.0,15.0,-5.0,0
2016,5,kvyat,2,25,14:44:06,22.234,22.234,14.0,17.0,-3.0,0
2016,5,ricciardo,2,28,14:47:45,22.104,22.104,1.0,3.0,-2.0,0
2016,5,vettel,2,29,14:49:18,22.617,22.617,2.0,4.0,-2.0,0
2016,5,grosjean,2,29,14:50:06,22.844,22.844,10.0,13.0,-3.0,0
2016,5,gutierrez,2,30,14:51:38,22.430,22.43,10.0,13.0,-3.0,0
2016,5,kevin_magnussen,2,30,14:51:49,23.165,23.165,12.0,18.0,-6.0,0
2016,5,jolyon_palmer,2,33,14:56:34,22.397,22.397,11.0,17.0,-6.0,0
2016,5,wehrlein,2,33,14:56:46,24.387,24.387,16.0,18.0,-2.0,0
2016,5,max_verstappen,2,34,14:56:52,22.348,22.348,1.0,3.0,-2.0,0
2016,5,raikkonen,2,35,14:58:25,22.169,22.169,1.0,4.0,-3.0,0
2016,5,perez,2,35,14:59:10,21.918,21.918,7.0,9.0,-2.0,0
2016,5,button,2,36,15:00:49,22.590,22.59,8.0,12.0,-4.0,0
2016,5,nasr,2,36,15:01:17,23.090,23.09,14.0,16.0,-2.0,0
2016,5,vettel,3,37,15:01:30,21.603,21.603,2.0,4.0,-2.0,0
2016,5,grosjean,3,37,15:02:52,34.832,34.832,13.0,18.0,-5.0,0
2016,5,sainz,2,38,15:03:35,22.937,22.937,6.0,7.0,-1.0,0
2016,5,bottas,2,39,15:04:59,22.443,22.443,5.0,5.0,0.0,0
2016,5,alonso,2,39,15:05:28,22.987,22.987,8.0,12.0,-4.0,0
2016,5,ericsson,3,40,15:07:25,22.897,22.897,14.0,16.0,-2.0,0
2016,5,massa,3,41,15:08:28,21.831,21.831,6.0,11.0,-5.0,0
2016,5,ricciardo,3,43,15:10:31,21.683,21.683,1.0,4.0,-3.0,0
2016,5,haryanto,2,48,15:20:28,26.186,26.186,18.0,18.0,0.0,0
2016,5,kvyat,3,51,15:23:51,22.769,22.769,10.0,11.0,-1.0,0
2016,5,kevin_magnussen,3,55,15:30:33,22.122,22.122,13.0,15.0,-2.0,0
2016,6,kevin_magnussen,1,7,14:15:27,25.583,25.583,15.0,19.0,-4.0,0
2016,6,button,1,8,14:17:20,25.766,25.766,12.0,18.0,-6.0,0
2016,6,nasr,1,8,14:17:30,28.242,28.242,20.0,20.0,0.0,0
2016,6,kvyat,3,7,14:17:32,27.698,27.698,22.0,21.0,1.0,1
2016,6,ericsson,1,11,14:22:52,27.176,27.176,14.0,18.0,-4.0,0
2016,6,haryanto,1,11,14:22:57,29.117,29.117,16.0,19.0,-3.0,0
2016,6,max_verstappen,1,12,14:24:33,25.604,25.604,12.0,17.0,-5.0,0
2016,6,vettel,1,13,14:25:55,25.114,25.114,4.0,9.0,-5.0,0
2016,6,alonso,1,14,14:27:38,25.512,25.512,7.0,9.0,-2.0,0
2016,6,hulkenberg,1,15,14:29:11,25.215,25.215,4.0,8.0,-4.0,0
2016,6,bottas,1,15,14:29:22,27.364,27.364,7.0,13.0,-6.0,0
2016,6,grosjean,1,15,14:29:44,33.490,33.49,14.0,19.0,-5.0,0
2016,6,gutierrez,1,16,14:31:01,26.044,26.044,6.0,10.0,-4.0,0
2016,6,rosberg,1,20,14:37:17,26.698,26.698,3.0,3.0,0.0,0
2016,6,massa,1,20,14:37:38,24.934,24.934,6.0,12.0,-6.0,0
2016,6,sainz,1,21,14:38:53,27.738,27.738,3.0,7.0,-4.0,0
2016,6,perez,1,21,14:38:55,25.714,25.714,4.0,4.0,0.0,0
2016,6,kevin_magnussen,2,21,14:40:27,38.811,38.811,19.0,19.0,0.0,0
2016,6,ricciardo,1,23,14:41:40,25.054,25.054,1.0,2.0,-1.0,0
2016,6,ericsson,2,29,14:52:28,26.435,26.435,15.0,18.0,-3.0,0
2016,6,perez,2,30,14:53:05,25.608,25.608,4.0,3.0,1.0,1
2016,6,button,2,30,14:53:13,25.450,25.45,11.0,11.0,0.0,0
2016,6,kevin_magnussen,3,29,14:53:21,25.879,25.879,19.0,19.0,0.0,0
2016,6,bottas,2,30,14:54:01,25.478,25.478,14.0,15.0,-1.0,0
2016,6,grosjean,2,30,14:54:03,25.111,25.111,16.0,17.0,-1.0,0
2016,6,hamilton,1,31,14:54:06,26.315,26.315,1.0,1.0,0.0,0
2016,6,rosberg,2,31,14:54:34,27.680,27.68,3.0,6.0,-3.0,0
2016,6,vettel,2,31,14:54:36,25.561,25.561,4.0,4.0,0.0,0
2016,6,hulkenberg,2,31,14:54:39,27.064,27.064,5.0,7.0,-2.0,0
2016,6,sainz,2,31,14:54:40,28.112,28.112,6.0,8.0,-2.0,0
2016,6,max_verstappen,2,31,14:54:44,25.459,25.459,9.0,9.0,0.0,0
2016,6,wehrlein,1,31,14:55:34,26.517,26.517,13.0,15.0,-2.0,0
2016,6,ricciardo,2,32,14:55:37,35.327,35.327,1.0,2.0,-1.0,0
2016,6,alonso,2,32,14:56:10,26.836,26.836,3.0,5.0,-2.0,0
2016,6,gutierrez,2,32,14:56:16,27.407,27.407,4.0,11.0,-7.0,0
2016,6,massa,2,32,14:56:25,25.182,25.182,7.0,12.0,-5.0,0
2016,6,nasr,2,32,14:57:11,27.166,27.166,13.0,17.0,-4.0,0
2016,6,haryanto,2,34,15:00:18,27.380,27.38,13.0,16.0,-3.0,0
2016,6,haryanto,3,47,15:21:24,26.292,26.292,17.0,16.0,1.0,1
2016,6,bottas,3,49,15:22:23,24.673,24.673,12.0,12.0,0.0,0
2016,6,ericsson,3,49,15:23:18,33.342,33.342,15.0,15.0,0.0,0
2016,7,nasr,1,9,14:15:49,23.987,23.987,22.0,21.0,1.0,1
2016,7,vettel,1,11,14:17:58,22.597,22.597,1.0,4.0,-3.0,0
2016,7,raikkonen,1,11,14:18:14,22.820,22.82,5.0,13.0,-8.0,0
2016,7,wehrlein,1,11,14:18:36,24.784,24.784,16.0,20.0,-4.0,0
2016,7,sainz,1,13,14:21:10,23.517,23.517,13.0,16.0,-3.0,0
2016,7,gutierrez,1,13,14:21:13,23.412,23.412,15.0,17.0,-2.0,0
2016,7,ericsson,1,14,14:22:44,22.957,22.957,16.0,19.0,-3.0,0
2016,7,haryanto,1,15,14:24:03,29.732,29.732,15.0,20.0,-5.0,0
2016,7,alonso,1,17,14:26:24,27.952,27.952,9.0,15.0,-6.0,0
2016,7,grosjean,1,17,14:26:26,23.680,23.68,12.0,12.0,0.0,0
2016,7,max_verstappen,1,20,14:29:59,23.586,23.586,3.0,4.0,-1.0,0
2016,7,ricciardo,1,21,14:31:21,22.872,22.872,3.0,6.0,-3.0,0
2016,7,rosberg,1,21,14:31:29,22.466,22.466,6.0,8.0,-2.0,0
2016,7,hulkenberg,1,21,14:31:34,22.876,22.876,7.0,10.0,-3.0,0
2016,7,massa,1,22,14:32:47,22.925,22.925,4.0,9.0,-5.0,0
2016,7,bottas,1,23,14:33:59,22.184,22.184,3.0,6.0,-3.0,0
2016,7,hamilton,1,24,14:35:00,22.243,22.243,1.0,2.0,-1.0,0
2016,7,perez,1,30,14:43:33,22.556,22.556,8.0,12.0,-4.0,0
2016,7,raikkonen,2,33,14:47:15,23.263,23.263,4.0,8.0,-4.0,0
2016,7,nasr,2,35,14:51:16,23.608,23.608,19.0,19.0,0.0,0
2016,7,vettel,2,37,14:51:55,22.361,22.361,1.0,2.0,-1.0,0
2016,7,ricciardo,2,38,14:53:47,24.018,24.018,5.0,7.0,-2.0,0
2016,7,wehrlein,2,38,14:54:55,24.516,24.516,17.0,17.0,0.0,0
2016,7,grosjean,2,39,14:55:43,23.055,23.055,11.0,13.0,-2.0,0
2016,7,ericsson,2,39,14:56:10,23.299,23.299,15.0,15.0,0.0,0
2016,7,kevin_magnussen,1,39,14:56:12,23.162,23.162,16.0,16.0,0.0,0
2016,7,gutierrez,2,41,14:58:41,23.928,23.928,14.0,14.0,0.0,0
2016,7,kvyat,2,44,15:02:16,22.627,22.627,11.0,12.0,-1.0,0
2016,7,haryanto,2,44,15:03:24,25.069,25.069,18.0,19.0,-1.0,0
2016,7,max_verstappen,2,46,15:04:02,22.909,22.909,3.0,5.0,-2.0,0
2016,7,perez,2,46,15:04:50,24.757,24.757,10.0,12.0,-2.0,0
2016,7,grosjean,3,46,15:05:13,32.114,32.114,13.0,14.0,-1.0,0
2016,7,sainz,2,48,15:07:17,24.445,24.445,9.0,9.0,0.0,0
2016,7,rosberg,2,51,15:10:35,22.728,22.728,4.0,7.0,-3.0,0
2016,7,hulkenberg,2,51,15:11:06,23.111,23.111,8.0,8.0,0.0,0
2016,8,sainz,1,4,17:11:34,22.028,22.028,18.0,20.0,-2.0,0
2016,8,max_verstappen,1,5,17:13:24,20.069,20.069,7.0,16.0,-9.0,0
2016,8,alonso,1,5,17:13:24,20.282,20.282,11.0,17.0,-6.0,0
2016,8,ricciardo,1,6,17:15:04,19.840,19.84,2.0,10.0,-8.0,0
2016,8,button,1,6,17:15:21,20.185,20.185,13.0,17.0,-4.0,0
2016,8,kevin_magnussen,1,6,17:15:24,20.772,20.772,18.0,20.0,-2.0,0
2016,8,massa,1,7,17:17:02,19.445,19.445,5.0,12.0,-7.0,0
2016,8,nasr,1,7,17:17:13,20.670,20.67,11.0,18.0,-7.0,0
2016,8,raikkonen,1,8,17:18:49,20.593,20.593,3.0,9.0,-6.0,0
2016,8,gutierrez,1,8,17:19:20,29.227,29.227,14.0,21.0,-7.0,0
2016,8,grosjean,1,10,17:22:51,21.132,21.132,7.0,17.0,-10.0,0
2016,8,jolyon_palmer,1,11,17:24:54,20.965,20.965,14.0,19.0,-5.0,0
2016,8,hamilton,1,15,17:31:52,20.108,20.108,4.0,9.0,-5.0,0
2016,8,perez,1,16,17:33:39,20.614,20.614,3.0,8.0,-5.0,0
2016,8,ericsson,1,16,17:34:12,21.083,21.083,14.0,19.0,-5.0,0
2016,8,bottas,1,19,17:39:20,19.732,19.732,3.0,8.0,-5.0,0
2016,8,vettel,1,20,17:40:51,20.422,20.422,2.0,3.0,-1.0,0
2016,8,hulkenberg,1,20,17:41:18,20.347,20.347,6.0,13.0,-7.0,0
2016,8,max_verstappen,2,20,17:41:33,22.497,22.497,10.0,18.0,-8.0,0
2016,8,rosberg,1,21,17:42:18,20.058,20.058,1.0,1.0,0.0,0
2016,8,ricciardo,2,22,17:45:00,20.155,20.155,5.0,10.0,-5.0,0
2016,8,alonso,2,24,17:48:59,20.654,20.654,9.0,16.0,-7.0,0
2016,8,nasr,2,24,17:49:03,20.713,20.713,12.0,19.0,-7.0,0
2016,8,button,2,25,17:50:53,20.640,20.64,11.0,16.0,-5.0,0
2016,8,ericsson,2,25,17:51:13,20.559,20.559,20.0,20.0,0.0,0
2016,8,grosjean,2,26,17:52:45,23.588,23.588,11.0,19.0,-8.0,0
2016,8,sainz,2,27,17:54:32,21.030,21.03,9.0,15.0,-6.0,0
2016,8,massa,2,28,17:56:01,19.858,19.858,6.0,9.0,-3.0,0
2016,8,wehrlein,1,29,17:58:28,26.187,26.187,12.0,20.0,-8.0,0
2016,8,gutierrez,2,29,17:58:37,21.533,21.533,18.0,19.0,-1.0,0
2016,8,jolyon_palmer,2,31,18:02:14,20.561,20.561,15.0,16.0,-1.0,0
2016,9,hulkenberg,1,8,14:12:55,22.601,22.601,8.0,17.0,-9.0,0
2016,9,alonso,1,8,14:13:00,21.924,21.924,13.0,20.0,-7.0,0
2016,9,button,1,9,14:14:05,22.859,22.859,4.0,16.0,-12.0,0
2016,9,bottas,1,9,14:14:09,21.047,21.047,8.0,18.0,-10.0,0
2016,9,sainz,1,9,14:14:11,22.605,22.605,9.0,20.0,-11.0,0
2016,9,perez,1,9,14:14:12,21.883,21.883,10.0,21.0,-11.0,0
2016,9,rosberg,1,10,14:15:15,21.890,21.89,3.0,11.0,-8.0,0
2016,9,kevin_magnussen,1,11,14:16:43,22.033,22.033,9.0,18.0,-9.0,0
2016,9,jolyon_palmer,1,12,14:17:57,21.745,21.745,8.0,19.0,-11.0,0
2016,9,massa,1,12,14:18:00,21.097,21.097,9.0,20.0,-11.0,0
2016,9,ericsson,1,12,14:18:03,22.980,22.98,13.0,21.0,-8.0,0
2016,9,wehrlein,1,13,14:19:05,22.613,22.613,6.0,17.0,-11.0,0
2016,9,ricciardo,1,14,14:20:04,21.183,21.183,5.0,7.0,-2.0,0
2016,9,max_verstappen,1,15,14:21:12,21.945,21.945,3.0,5.0,-2.0,0
2016,9,hamilton,1,21,14:28:15,22.918,22.918,1.0,3.0,-2.0,0
2016,9,gutierrez,1,21,14:29:00,22.053,22.053,13.0,21.0,-8.0,0
2016,9,raikkonen,1,22,14:29:32,21.916,21.916,2.0,6.0,-4.0,0
2016,9,wehrlein,2,23,14:31:36,23.738,23.738,17.0,21.0,-4.0,0
2016,9,hulkenberg,2,24,14:32:37,21.580,21.58,12.0,19.0,-7.0,0
2016,9,rosberg,2,28,14:38:13,17.959,17.959,1.0,1.0,0.0,0
2016,9,wehrlein,3,27,14:38:14,18.064,18.064,21.0,20.0,1.0,1
2016,9,hamilton,2,28,14:38:16,16.983,16.983,2.0,2.0,0.0,0
2016,9,max_verstappen,2,28,14:38:17,17.165,17.165,3.0,3.0,0.0,0
2016,9,ricciardo,2,28,14:38:18,19.408,19.408,4.0,4.0,0.0,0
2016,9,raikkonen,2,28,14:38:20,21.206,21.206,5.0,5.0,0.0,0
2016,9,bottas,2,28,14:38:22,20.876,20.876,6.0,6.0,0.0,0
2016,9,nasr,1,28,14:38:23,20.929,20.929,7.0,7.0,0.0,0
2016,9,sainz,2,28,14:38:24,33.462,33.462,8.0,17.0,-9.0,0
2016,9,button,3,28,14:38:27,18.307,18.307,9.0,8.0,1.0,1
2016,9,grosjean,2,28,14:38:29,18.860,18.86,10.0,9.0,1.0,1
2016,9,kevin_magnussen,2,28,14:38:32,17.721,17.721,11.0,10.0,1.0,1
2016,9,massa,2,28,14:38:33,17.388,17.388,13.0,11.0,2.0,1
2016,9,jolyon_palmer,2,28,14:38:35,16.851,16.851,14.0,12.0,2.0,1
2016,9,alonso,3,28,14:38:36,16.764,16.764,15.0,13.0,2.0,1
2016,9,perez,3,28,14:38:37,16.544,16.544,16.0,14.0,2.0,1
2016,9,ericsson,2,28,14:38:39,16.419,16.419,17.0,15.0,2.0,1
2016,9,hulkenberg,3,28,14:38:40,16.227,16.227,18.0,16.0,2.0,1
2016,9,gutierrez,2,28,14:38:43,16.475,16.475,19.0,18.0,1.0,1
2016,9,gutierrez,4,41,14:56:13,21.921,21.921,15.0,20.0,-5.0,0
2016,9,nasr,3,43,14:58:35,22.707,22.707,9.0,20.0,-11.0,0
2016,9,kevin_magnussen,4,49,15:05:46,27.119,27.119,14.0,18.0,-4.0,0
2016,9,hulkenberg,5,50,15:06:56,27.834,27.834,13.0,17.0,-4.0,0
2016,9,jolyon_palmer,4,50,15:06:59,22.728,22.728,14.0,16.0,-2.0,0
2016,9,ericsson,4,50,15:07:01,24.326,24.326,15.0,19.0,-4.0,0
2016,9,haryanto,4,50,15:07:11,25.234,25.234,18.0,20.0,-2.0,0
2016,9,bottas,4,51,15:07:54,21.639,21.639,6.0,13.0,-7.0,0
2016,9,hamilton,4,54,15:10:44,22.109,22.109,2.0,3.0,-1.0,0
2016,9,rosberg,4,55,15:11:53,21.035,21.035,1.0,2.0,-1.0,0
2016,9,massa,4,56,15:13:53,21.231,21.231,8.0,14.0,-6.0,0
2016,9,ricciardo,4,60,15:18:09,22.284,22.284,5.0,6.0,-1.0,0
2016,10,raikkonen,1,5,13:14:16,29.578,29.578,5.0,8.0,-3.0,0
2016,10,bottas,1,5,13:14:17,29.808,29.808,6.0,11.0,-5.0,0
2016,10,hulkenberg,1,5,13:14:18,30.747,30.747,8.0,12.0,-4.0,0
2016,10,sainz,1,5,13:14:18,30.786,30.786,7.0,9.0,-2.0,0
2016,10,alonso,1,5,13:14:19,32.374,32.374,9.0,13.0,-4.0,0
2016,10,vettel,1,5,13:14:20,31.381,31.381,11.0,14.0,-3.0,0
2016,10,grosjean,1,5,13:14:21,31.632,31.632,13.0,17.0,-4.0,0
2016,10,gutierrez,1,5,13:14:22,41.508,41.508,14.0,21.0,-7.0,0
2016,10,kevin_magnussen,1,5,13:14:23,30.804,30.804,16.0,19.0,-3.0,0
2016,10,ricciardo,1,6,13:16:16,30.198,30.198,8.0,5.0,3.0,1
2016,10,massa,1,6,13:16:20,29.243,29.243,13.0,8.0,5.0,1
2016,10,kvyat,1,6,13:16:22,30.315,30.315,16.0,13.0,3.0,1
2016,10,button,1,6,13:16:23,30.093,30.093,18.0,14.0,4.0,1
2016,10,jolyon_palmer,1,6,13:16:27,29.784,29.784,19.0,17.0,2.0,1
2016,10,haryanto,1,6,13:16:29,29.998,29.998,20.0,20.0,0.0,0
2016,10,hamilton,1,7,13:18:15,30.343,30.343,1.0,1.0,0.0,0
2016,10,rosberg,1,7,13:18:22,29.395,29.395,2.0,2.0,0.0,0
2016,10,max_verstappen,1,7,13:18:23,31.995,31.995,4.0,3.0,1.0,1
2016,10,perez,1,7,13:18:27,29.475,29.475,6.0,4.0,2.0,1
2016,10,nasr,1,7,13:18:46,30.981,30.981,11.0,15.0,-4.0,0
2016,10,ericsson,1,7,13:18:48,35.393,35.393,12.0,19.0,-7.0,0
2016,10,vettel,2,15,13:34:24,29.163,29.163,11.0,11.0,0.0,0
2016,10,raikkonen,2,16,13:36:00,30.462,30.462,6.0,6.0,0.0,0
2016,10,massa,2,16,13:36:16,29.403,29.403,9.0,9.0,0.0,0
2016,10,kvyat,2,16,13:36:19,30.327,30.327,12.0,10.0,2.0,1
2016,10,bottas,2,16,13:36:28,29.282,29.282,13.0,14.0,-1.0,0
2016,10,nasr,2,16,13:36:33,30.143,30.143,15.0,15.0,0.0,0
2016,10,jolyon_palmer,2,16,13:36:38,55.697,55.697,17.0,18.0,-1.0,0
2016,10,hamilton,2,17,13:37:20,28.728,28.728,1.0,1.0,0.0,0
2016,10,rosberg,2,17,13:37:29,29.715,29.715,3.0,3.0,0.0,0
2016,10,perez,2,17,13:37:40,28.915,28.915,4.0,4.0,0.0,0
2016,10,ricciardo,2,17,13:37:41,29.813,29.813,5.0,5.0,0.0,0
2016,10,sainz,2,17,13:37:56,29.895,29.895,7.0,7.0,0.0,0
2016,10,hulkenberg,2,17,13:38:06,29.867,29.867,10.0,8.0,2.0,1
2016,10,alonso,2,17,13:38:11,28.799,28.799,11.0,10.0,1.0,1
2016,10,button,2,17,13:38:19,29.588,29.588,13.0,13.0,0.0,0
2016,10,kevin_magnussen,2,17,13:38:33,29.201,29.201,18.0,16.0,2.0,1
2016,10,gutierrez,2,17,13:38:37,29.884,29.884,19.0,17.0,2.0,1
2016,10,haryanto,2,17,13:38:55,30.135,30.135,20.0,19.0,1.0,1
2016,10,max_verstappen,2,18,13:39:11,29.429,29.429,2.0,2.0,0.0,0
2016,10,jolyon_palmer,3,19,13:42:54,41.486,41.486,18.0,19.0,-1.0,0
2016,10,massa,3,38,14:13:29,29.346,29.346,10.0,12.0,-2.0,0
2016,10,alonso,3,39,14:15:22,28.936,28.936,13.0,13.0,0.0,0
2016,10,kevin_magnussen,3,40,14:17:42,28.450,28.45,17.0,17.0,0.0,0
2016,11,button,1,7,14:14:06,22.229,22.229,22.0,22.0,0.0,0
2016,11,wehrlein,1,9,14:16:53,23.486,23.486,16.0,21.0,-5.0,0
2016,11,button,2,10,14:18:47,16.486,16.486,22.0,22.0,0.0,0
2016,11,nasr,1,11,14:19:45,22.778,22.778,14.0,20.0,-6.0,0
2016,11,vettel,1,14,14:23:42,21.640,21.64,5.0,6.0,-1.0,0
2016,11,hulkenberg,1,14,14:24:03,22.014,22.014,9.0,15.0,-6.0,0
2016,11,grosjean,1,14,14:24:03,22.427,22.427,10.0,17.0,-7.0,0
2016,11,ricciardo,1,15,14:25:05,22.241,22.241,3.0,3.0,0.0,0
2016,11,alonso,1,15,14:25:20,22.099,22.099,6.0,10.0,-4.0,0
2016,11,gutierrez,1,15,14:25:32,22.828,22.828,10.0,16.0,-6.0,0
2016,11,hamilton,1,16,14:26:24,21.441,21.441,1.0,1.0,0.0,0
2016,11,max_verstappen,1,16,14:26:36,22.389,22.389,4.0,6.0,-2.0,0
2016,11,sainz,1,16,14:26:49,22.960,22.96,5.0,11.0,-6.0,0
2016,11,bottas,1,16,14:26:54,21.704,21.704,7.0,13.0,-6.0,0
2016,11,rosberg,1,17,14:27:51,21.233,21.233,1.0,2.0,-1.0,0
2016,11,ericsson,1,17,14:28:54,23.873,23.873,20.0,22.0,-2.0,0
2016,11,kevin_magnussen,1,24,14:38:48,21.990,21.99,9.0,15.0,-6.0,0
2016,11,kvyat,1,24,14:39:02,22.105,22.105,14.0,19.0,-5.0,0
2016,11,massa,1,25,14:40:31,21.793,21.793,13.0,20.0,-7.0,0
2016,11,jolyon_palmer,1,26,14:41:39,21.892,21.892,8.0,12.0,-4.0,0
2016,11,perez,1,27,14:43:00,22.689,22.689,7.0,10.0,-3.0,0
2016,11,button,3,28,14:45:17,22.718,22.718,21.0,21.0,0.0,0
2016,11,raikkonen,1,29,14:45:43,21.951,21.951,5.0,6.0,-1.0,0
2016,11,haryanto,1,29,14:46:44,24.254,24.254,17.0,22.0,-5.0,0
2016,11,ricciardo,2,33,14:51:15,22.006,22.006,3.0,5.0,-2.0,0
2016,11,wehrlein,2,35,14:55:42,22.765,22.765,18.0,22.0,-4.0,0
2016,11,grosjean,2,36,14:56:35,22.303,22.303,14.0,16.0,-2.0,0
2016,11,kevin_magnussen,2,36,14:56:36,22.051,22.051,15.0,17.0,-2.0,0
2016,11,gutierrez,2,37,14:58:00,22.520,22.52,13.0,15.0,-2.0,0
2016,11,max_verstappen,2,38,14:58:38,21.687,21.687,4.0,6.0,-2.0,0
2016,11,hulkenberg,2,39,15:00:48,23.350,23.35,11.0,12.0,-1.0,0
2016,11,jolyon_palmer,2,39,15:00:49,21.665,21.665,12.0,11.0,1.0,1
2016,11,nasr,2,39,15:01:04,22.965,22.965,13.0,17.0,-4.0,0
2016,11,perez,2,40,15:02:11,29.941,29.941,10.0,14.0,-4.0,0
2016,11,hamilton,2,41,15:02:31,21.773,21.773,1.0,1.0,0.0,0
2016,11,vettel,2,41,15:02:46,21.535,21.535,3.0,5.0,-2.0,0
2016,11,rosberg,2,42,15:03:58,22.351,22.351,1.0,2.0,-1.0,0
2016,11,sainz,2,42,15:04:57,22.417,22.417,8.0,8.0,0.0,0
2016,11,bottas,2,43,15:06:27,21.405,21.405,9.0,9.0,0.0,0
2016,11,alonso,2,44,15:07:43,21.897,21.897,7.0,7.0,0.0,0
2016,11,ericsson,2,45,15:10:26,23.198,23.198,18.0,21.0,-3.0,0
2016,11,kvyat,2,46,15:11:10,27.951,27.951,10.0,16.0,-6.0,0
2016,11,raikkonen,2,50,15:15:47,21.857,21.857,4.0,6.0,-2.0,0
2016,11,ericsson,3,62,15:35:34,23.308,23.308,20.0,20.0,0.0,0
2016,11,massa,2,65,15:39:36,22.366,22.366,18.0,18.0,0.0,0
2016,12,jolyon_palmer,1,2,14:06:10,19.298,19.298,14.0,22.0,-8.0,0
2016,12,kvyat,1,7,14:13:06,23.243,23.243,16.0,21.0,-5.0,0
2016,12,nasr,1,7,14:13:07,29.865,29.865,17.0,22.0,-5.0,0
2016,12,perez,1,8,14:14:25,19.233,19.233,14.0,17.0,-3.0,0
2016,12,sainz,1,9,14:15:46,22.751,22.751,12.0,19.0,-7.0,0
2016,12,massa,1,9,14:15:48,18.590,18.59,11.0,18.0,-7.0,0
2016,12,max_verstappen,1,11,14:18:08,19.017,19.017,2.0,4.0,-2.0,0
2016,12,rosberg,1,11,14:18:12,19.693,19.693,4.0,6.0,-2.0,0
2016,12,kevin_magnussen,1,11,14:18:33,19.034,19.034,11.0,16.0,-5.0,0
2016,12,ricciardo,1,12,14:19:31,18.964,18.964,2.0,4.0,-2.0,0
2016,12,bottas,1,12,14:19:43,18.796,18.796,7.0,9.0,-2.0,0
2016,12,hulkenberg,1,12,14:19:45,19.608,19.608,8.0,10.0,-2.0,0
2016,12,wehrlein,1,12,14:20:05,19.813,19.813,14.0,19.0,-5.0,0
2016,12,vettel,1,13,14:20:57,19.230,19.23,3.0,5.0,-2.0,0
2016,12,button,1,13,14:21:12,19.427,19.427,8.0,11.0,-3.0,0
2016,12,haryanto,1,13,14:21:38,31.317,31.317,16.0,22.0,-6.0,0
2016,12,hamilton,1,14,14:22:05,18.650,18.65,1.0,1.0,0.0,0
2016,12,raikkonen,1,14,14:22:21,22.393,22.393,2.0,6.0,-4.0,0
2016,12,alonso,1,14,14:22:38,19.258,19.258,7.0,13.0,-6.0,0
2016,12,ericsson,1,16,14:25:46,20.148,20.148,16.0,21.0,-5.0,0
2016,12,grosjean,1,17,14:26:51,20.301,20.301,8.0,16.0,-8.0,0
2016,12,nasr,2,19,14:30:11,19.944,19.944,20.0,22.0,-2.0,0
2016,12,gutierrez,1,25,14:38:07,20.099,20.099,12.0,16.0,-4.0,0
2016,12,jolyon_palmer,2,25,14:38:38,26.688,26.688,20.0,22.0,-2.0,0
2016,12,massa,2,26,14:39:36,36.395,36.395,16.0,19.0,-3.0,0
2016,12,wehrlein,2,26,14:39:43,19.626,19.626,18.0,18.0,0.0,0
2016,12,rosberg,2,27,14:40:04,18.936,18.936,4.0,5.0,-1.0,0
2016,12,perez,2,27,14:40:47,19.223,19.223,11.0,14.0,-3.0,0
2016,12,max_verstappen,2,28,14:41:22,19.137,19.137,2.0,6.0,-4.0,0
2016,12,alonso,2,28,14:42:04,19.440,19.44,10.0,12.0,-2.0,0
2016,12,kvyat,2,28,14:42:23,20.227,20.227,15.0,17.0,-2.0,0
2016,12,sainz,2,29,14:43:41,19.747,19.747,13.0,15.0,-2.0,0
2016,12,vettel,2,31,14:45:38,19.472,19.472,3.0,5.0,-2.0,0
2016,12,button,2,31,14:46:05,19.124,19.124,9.0,9.0,0.0,0
2016,12,raikkonen,2,32,14:47:02,19.142,19.142,3.0,6.0,-3.0,0
2016,12,hulkenberg,2,32,14:47:20,19.144,19.144,8.0,7.0,1.0,1
2016,12,kevin_magnussen,2,32,14:47:45,19.159,19.159,10.0,15.0,-5.0,0
2016,12,ricciardo,2,33,14:48:12,18.738,18.738,2.0,4.0,-2.0,0
2016,12,haryanto,2,32,14:48:35,20.919,20.919,20.0,22.0,-2.0,0
2016,12,bottas,2,33,14:48:41,19.183,19.183,7.0,8.0,-1.0,0
2016,12,hamilton,2,34,14:49:19,18.504,18.504,1.0,1.0,0.0,0
2016,12,ericsson,2,33,14:49:34,19.318,19.318,17.0,19.0,-2.0,0
2016,12,nasr,3,42,15:02:30,19.755,19.755,20.0,21.0,-1.0,0
2016,12,perez,3,43,15:02:46,19.379,19.379,11.0,12.0,-1.0,0
2016,12,grosjean,2,43,15:03:00,19.863,19.863,13.0,16.0,-3.0,0
2016,12,rosberg,3,44,15:03:08,28.364,28.364,2.0,6.0,-4.0,0
2016,12,hulkenberg,3,44,15:03:45,19.907,19.907,7.0,10.0,-3.0,0
2016,12,max_verstappen,3,45,15:04:32,18.967,18.967,3.0,3.0,0.0,0
2016,12,ricciardo,3,46,15:05:49,18.979,18.979,2.0,2.0,0.0,0
2016,12,jolyon_palmer,3,45,15:06:33,19.725,19.725,19.0,20.0,-1.0,0
2016,12,button,3,46,15:06:40,19.268,19.268,8.0,9.0,-1.0,0
2016,12,hamilton,3,47,15:06:57,18.475,18.475,1.0,1.0,0.0,0
2016,12,raikkonen,3,47,15:07:26,19.525,19.525,4.0,6.0,-2.0,0
2016,12,wehrlein,3,46,15:07:36,19.658,19.658,17.0,18.0,-1.0,0
2016,12,alonso,3,47,15:08:04,19.127,19.127,8.0,10.0,-2.0,0
2016,12,gutierrez,2,47,15:08:16,19.326,19.326,11.0,14.0,-3.0,0
2016,12,kvyat,3,49,15:11:20,19.264,19.264,15.0,16.0,-1.0,0
2016,12,haryanto,3,49,15:12:22,21.186,21.186,19.0,21.0,-2.0,0
2016,12,sainz,3,51,15:13:57,19.547,19.547,12.0,15.0,-3.0,0
2016,13,massa,1,2,14:07:44,22.484,22.484,4.0,13.0,-9.0,0
2016,13,hulkenberg,1,6,14:15:53,23.564,23.564,2.0,3.0,-1.0,0
2016,13,raikkonen,2,5,14:15:56,23.061,23.061,18.0,17.0,1.0,1
2016,13,perez,1,6,14:16:04,23.783,23.783,5.0,7.0,-2.0,0
2016,13,grosjean,1,6,14:16:08,23.705,23.705,6.0,10.0,-4.0,0
2016,13,jolyon_palmer,1,6,14:16:08,22.698,22.698,7.0,9.0,-2.0,0
2016,13,ocon,1,6,14:16:18,28.718,28.718,12.0,15.0,-3.0,0
2016,13,bottas,1,7,14:18:36,22.190,22.19,4.0,12.0,-8.0,0
2016,13,gutierrez,1,7,14:18:38,23.486,23.486,8.0,13.0,-5.0,0
2016,13,max_verstappen,3,16,14:55:40,23.231,23.231,14.0,17.0,-3.0,0
2016,13,hamilton,2,21,15:05:00,24.343,24.343,3.0,6.0,-3.0,0
2016,13,kvyat,2,21,15:05:19,23.359,23.359,10.0,15.0,-5.0,0
2016,13,massa,3,22,15:07:04,22.515,22.515,6.0,8.0,-2.0,0
2016,13,gutierrez,3,22,15:07:18,23.561,23.561,10.0,13.0,-3.0,0
2016,13,jolyon_palmer,3,22,15:07:20,23.333,23.333,14.0,15.0,-1.0,0
2016,13,hulkenberg,3,23,15:08:55,24.015,24.015,3.0,4.0,-1.0,0
2016,13,alonso,2,23,15:08:57,22.451,22.451,4.0,5.0,-1.0,0
2016,13,vettel,3,23,15:09:03,22.762,22.762,6.0,9.0,-3.0,0
2016,13,bottas,3,23,15:09:06,22.318,22.318,8.0,10.0,-2.0,0
2016,13,grosjean,3,23,15:09:21,23.107,23.107,11.0,15.0,-4.0,0
2016,13,nasr,3,23,15:09:23,30.238,30.238,15.0,17.0,-2.0,0
2016,13,perez,3,24,15:10:56,22.652,22.652,4.0,7.0,-3.0,0
2016,13,raikkonen,4,24,15:11:06,23.056,23.056,9.0,11.0,-2.0,0
2016,13,ocon,3,24,15:11:25,24.208,24.208,13.0,16.0,-3.0,0
2016,13,ricciardo,2,25,15:12:33,22.531,22.531,2.0,2.0,0.0,0
2016,13,rosberg,2,26,15:14:15,22.596,22.596,1.0,1.0,0.0,0
2016,13,max_verstappen,4,27,15:17:02,22.727,22.727,8.0,14.0,-6.0,0
2016,13,hamilton,3,32,15:26:06,22.432,22.432,3.0,3.0,0.0,0
2016,13,jolyon_palmer,4,34,15:30:48,22.578,22.578,15.0,15.0,0.0,0
2016,13,kvyat,3,35,15:32:37,23.363,23.363,13.0,14.0,-1.0,0
2016,14,jolyon_palmer,1,2,14:06:49,33.275,33.275,17.0,21.0,-4.0,0
2016,14,nasr,1,2,14:07:30,27.786,27.786,16.0,22.0,-6.0,0
2016,14,bottas,1,13,14:22:38,24.161,24.161,5.0,10.0,-5.0,0
2016,14,max_verstappen,1,13,14:22:46,24.610,24.61,9.0,15.0,-6.0,0
2016,14,alonso,1,13,14:22:49,26.843,26.843,10.0,17.0,-7.0,0
2016,14,kvyat,1,13,14:23:07,25.183,25.183,16.0,19.0,-3.0,0
2016,14,hulkenberg,1,14,14:24:20,24.043,24.043,9.0,14.0,-5.0,0
2016,14,kevin_magnussen,1,14,14:24:42,24.505,24.505,18.0,20.0,-2.0,0
2016,14,raikkonen,1,15,14:25:27,24.116,24.116,3.0,4.0,-1.0,0
2016,14,perez,1,15,14:25:39,24.537,24.537,6.0,8.0,-2.0,0
2016,14,button,1,15,14:26:00,26.427,26.427,12.0,16.0,-4.0,0
2016,14,vettel,1,16,14:26:54,25.472,25.472,2.0,3.0,-1.0,0
2016,14,ricciardo,1,16,14:27:03,23.745,23.745,5.0,7.0,-2.0,0
2016,14,massa,1,16,14:27:13,23.940,23.94,7.0,11.0,-4.0,0
2016,14,wehrlein,1,16,14:27:29,25.962,25.962,9.0,17.0,-8.0,0
2016,14,gutierrez,1,16,14:27:38,25.150,25.15,14.0,18.0,-4.0,0
2016,14,sainz,1,23,14:38:06,25.301,25.301,13.0,16.0,-3.0,0
2016,14,ericsson,1,23,14:38:08,25.145,25.145,14.0,19.0,-5.0,0
2016,14,rosberg,1,24,14:38:25,25.550,25.55,1.0,1.0,0.0,0
2016,14,hamilton,1,25,14:40:05,23.633,23.633,2.0,4.0,-2.0,0
2016,14,perez,2,28,14:45:06,24.033,24.033,7.0,11.0,-4.0,0
2016,14,grosjean,1,28,14:45:26,25.340,25.34,11.0,14.0,-3.0,0
2016,14,bottas,2,30,14:47:55,23.899,23.899,5.0,9.0,-4.0,0
2016,14,kevin_magnussen,2,30,14:49:06,23.757,23.757,18.0,19.0,-1.0,0
2016,14,vettel,2,33,14:52:00,25.033,25.033,2.0,4.0,-2.0,0
2016,14,ocon,1,32,14:52:20,25.539,25.539,18.0,19.0,-1.0,0
2016,14,hulkenberg,2,33,14:52:41,24.553,24.553,8.0,11.0,-3.0,0
2016,14,alonso,2,33,14:52:50,23.694,23.694,11.0,13.0,-2.0,0
2016,14,kvyat,2,33,14:53:29,24.363,24.363,16.0,17.0,-1.0,0
2016,14,raikkonen,2,34,14:53:31,24.279,24.279,2.0,5.0,-3.0,0
2016,14,gutierrez,2,34,14:54:36,25.515,25.515,13.0,15.0,-2.0,0
2016,14,max_verstappen,2,35,14:55:22,23.827,23.827,6.0,8.0,-2.0,0
2016,14,massa,2,36,14:56:59,23.822,23.822,7.0,9.0,-2.0,0
2016,14,ricciardo,2,37,14:58:08,23.633,23.633,3.0,6.0,-3.0,0
2016,14,button,2,38,15:00:16,24.418,24.418,9.0,13.0,-4.0,0
2016,14,sainz,2,39,15:02:07,24.341,24.341,14.0,16.0,-2.0,0
2016,14,alonso,3,49,15:16:39,24.082,24.082,13.0,14.0,-1.0,0
2016,15,sainz,2,7,20:18:50,29.846,29.846,7.0,19.0,-12.0,0
2016,15,ericsson,2,8,20:20:49,29.706,29.706,10.0,20.0,-10.0,0
2016,15,jolyon_palmer,2,11,20:26:49,28.847,28.847,17.0,20.0,-3.0,0
2016,15,max_verstappen,2,13,20:30:12,28.815,28.815,7.0,14.0,-7.0,0
2016,15,alonso,2,14,20:31:59,29.401,29.401,5.0,11.0,-6.0,0
2016,15,ricciardo,2,15,20:33:33,28.890,28.89,2.0,3.0,-1.0,0
2016,15,hamilton,2,15,20:33:37,29.150,29.15,3.0,4.0,-1.0,0
2016,15,kvyat,2,15,20:33:53,30.301,30.301,5.0,10.0,-5.0,0
2016,15,bottas,2,15,20:34:33,28.780,28.78,16.0,19.0,-3.0,0
2016,15,button,2,15,20:34:34,28.998,28.998,17.0,20.0,-3.0,0
2016,15,rosberg,2,16,20:35:17,30.546,30.546,1.0,1.0,0.0,0
2016,15,massa,2,16,20:35:53,28.682,28.682,5.0,11.0,-6.0,0
2016,15,raikkonen,2,17,20:37:28,29.041,29.041,2.0,4.0,-2.0,0
2016,15,kevin_magnussen,2,17,20:37:54,28.759,28.759,5.0,11.0,-6.0,0
2016,15,nasr,2,17,20:38:03,30.297,30.297,10.0,15.0,-5.0,0
2016,15,gutierrez,2,18,20:39:52,30.307,30.307,5.0,13.0,-8.0,0
2016,15,wehrlein,2,18,20:40:10,30.532,30.532,14.0,19.0,-5.0,0
2016,15,ocon,2,19,20:42:20,1:44.383,104.38300000000001,16.0,20.0,-4.0,0
2016,15,vettel,2,24,20:51:16,28.924,28.924,6.0,12.0,-6.0,0
2016,15,perez,2,25,20:53:08,28.742,28.742,5.0,12.0,-7.0,0
2016,15,ericsson,3,25,20:53:46,29.468,29.468,15.0,19.0,-4.0,0
2016,15,max_verstappen,3,27,20:56:59,28.948,28.948,7.0,11.0,-4.0,0
2016,15,sainz,3,27,20:57:18,29.320,29.32,10.0,16.0,-6.0,0
2016,15,button,3,27,20:57:36,29.025,29.025,17.0,19.0,-2.0,0
2016,15,massa,3,28,20:58:52,29.578,29.578,7.0,13.0,-6.0,0
2016,15,ricciardo,3,32,21:05:33,28.921,28.921,2.0,3.0,-1.0,0
2016,15,rosberg,3,33,21:07:19,28.970,28.97,1.0,1.0,0.0,0
2016,15,bottas,4,32,21:07:22,1:03.680,63.68,18.0,19.0,-1.0,0
2016,15,raikkonen,3,33,21:07:36,29.135,29.135,4.0,3.0,1.0,1
2016,15,hamilton,3,34,21:09:30,28.421,28.421,2.0,4.0,-2.0,0
2016,15,alonso,3,34,21:10:00,30.381,30.381,5.0,9.0,-4.0,0
2016,15,jolyon_palmer,3,34,21:11:01,28.804,28.804,15.0,18.0,-3.0,0
2016,15,nasr,3,35,21:12:35,29.537,29.537,13.0,14.0,-1.0,0
2016,15,ocon,3,34,21:12:43,30.614,30.614,20.0,19.0,1.0,1
2016,15,gutierrez,3,36,21:14:20,30.160,30.16,11.0,13.0,-2.0,0
2016,15,wehrlein,3,36,21:14:53,30.471,30.471,15.0,17.0,-2.0,0
2016,15,ericsson,4,36,21:15:00,29.680,29.68,16.0,18.0,-2.0,0
2016,15,kvyat,3,37,21:15:47,29.205,29.205,6.0,10.0,-4.0,0
2016,15,kevin_magnussen,3,38,21:17:53,29.754,29.754,7.0,11.0,-4.0,0
2016,15,vettel,3,42,21:24:58,29.391,29.391,5.0,5.0,0.0,0
2016,15,massa,4,43,21:27:23,29.903,29.903,9.0,13.0,-4.0,0
2016,15,max_verstappen,4,44,21:28:59,28.854,28.854,5.0,9.0,-4.0,0
2016,15,hamilton,4,45,21:30:08,28.315,28.315,4.0,3.0,1.0,1
2016,15,raikkonen,4,46,21:31:56,28.954,28.954,3.0,4.0,-1.0,0
2016,15,ricciardo,4,47,21:33:41,28.662,28.662,2.0,2.0,0.0,0
2016,15,ocon,4,45,21:34:04,42.368,42.368,18.0,18.0,0.0,0
2016,15,sainz,4,48,21:37:18,29.377,29.377,11.0,14.0,-3.0,0
2016,16,massa,2,6,15:15:25,24.425,24.425,18.0,20.0,-2.0,0
2016,16,max_verstappen,1,9,15:20:26,23.935,23.935,3.0,4.0,-1.0,0
2016,16,perez,1,9,15:20:38,27.024,27.024,5.0,9.0,-4.0,0
2016,16,button,1,9,15:20:44,24.738,24.738,6.0,12.0,-6.0,0
2016,16,hulkenberg,1,9,15:20:45,26.609,26.609,7.0,13.0,-6.0,0
2016,16,rosberg,1,9,15:20:50,23.750,23.75,11.0,11.0,0.0,0
2016,16,alonso,1,9,15:20:50,25.195,25.195,9.0,15.0,-6.0,0
2016,16,wehrlein,1,9,15:20:59,25.820,25.82,14.0,17.0,-3.0,0
2016,16,ocon,1,12,15:26:26,25.368,25.368,8.0,17.0,-9.0,0
2016,16,hamilton,1,20,15:39:17,23.689,23.689,1.0,2.0,-1.0,0
2016,16,raikkonen,1,20,15:39:31,24.584,24.584,3.0,4.0,-1.0,0
2016,16,sainz,1,20,15:40:01,24.400,24.4,7.0,13.0,-6.0,0
2016,16,ricciardo,1,21,15:41:04,24.197,24.197,2.0,3.0,-1.0,0
2016,16,ericsson,1,21,15:41:45,25.272,25.272,7.0,13.0,-6.0,0
2016,16,gutierrez,2,22,15:44:09,24.814,24.814,19.0,19.0,0.0,0
2016,16,max_verstappen,2,27,15:51:10,23.856,23.856,1.0,3.0,-2.0,0
2016,16,alonso,2,27,15:52:01,24.061,24.061,10.0,12.0,-2.0,0
2016,16,hulkenberg,2,28,15:53:41,24.012,24.012,9.0,13.0,-4.0,0
2016,16,bottas,1,29,15:55:11,23.828,23.828,6.0,8.0,-2.0,0
2016,16,kvyat,2,29,15:55:54,24.338,24.338,15.0,17.0,-2.0,0
2016,16,wehrlein,2,30,15:57:42,26.156,26.156,16.0,16.0,0.0,0
2016,16,rosberg,2,31,15:58:19,24.661,24.661,5.0,5.0,0.0,0
2016,16,jolyon_palmer,1,31,15:59:04,23.928,23.928,9.0,13.0,-4.0,0
2016,16,ocon,2,31,15:59:29,33.338,33.338,15.0,19.0,-4.0,0
2016,16,massa,3,31,15:59:30,23.778,23.778,17.0,17.0,0.0,0
2016,16,raikkonen,2,32,15:59:55,24.412,24.412,4.0,4.0,0.0,0
2016,16,perez,2,32,16:00:19,23.947,23.947,6.0,8.0,-2.0,0
2016,16,nasr,1,32,16:00:57,24.697,24.697,14.0,14.0,0.0,0
2016,16,button,2,37,16:08:59,24.645,24.645,6.0,10.0,-4.0,0
2016,16,sainz,2,37,16:09:13,24.473,24.473,11.0,12.0,-1.0,0
2016,16,ericsson,2,37,16:09:14,24.706,24.706,12.0,13.0,-1.0,0
2016,16,raikkonen,3,40,16:13:46,24.809,24.809,5.0,4.0,1.0,1
2016,16,alonso,3,40,16:14:25,23.920,23.92,8.0,7.0,1.0,1
2016,16,hulkenberg,3,40,16:14:32,25.192,25.192,9.0,9.0,0.0,0
2016,16,ricciardo,2,41,16:15:24,24.408,24.408,2.0,1.0,1.0,1
2016,16,max_verstappen,3,41,16:15:26,28.274,28.274,3.0,2.0,1.0,1
2016,16,kvyat,3,40,16:15:33,24.718,24.718,15.0,15.0,0.0,0
2016,16,rosberg,3,41,16:15:58,23.476,23.476,4.0,3.0,1.0,1
2016,16,wehrlein,3,41,16:18:14,25.201,25.201,17.0,17.0,0.0,0
2016,17,alonso,1,9,14:19:03,22.786,22.786,15.0,22.0,-7.0,0
2016,17,max_verstappen,1,10,14:20:15,22.855,22.855,2.0,6.0,-4.0,0
2016,17,ricciardo,1,10,14:20:26,22.996,22.996,5.0,11.0,-6.0,0
2016,17,grosjean,1,10,14:20:36,23.741,23.741,9.0,16.0,-7.0,0
2016,17,kvyat,1,10,14:20:38,22.990,22.99,11.0,18.0,-7.0,0
2016,17,hulkenberg,1,11,14:22:12,22.832,22.832,8.0,12.0,-4.0,0
2016,17,gutierrez,1,11,14:22:18,24.110,24.11,9.0,20.0,-11.0,0
2016,17,rosberg,1,12,14:23:28,22.673,22.673,1.0,1.0,0.0,0
2016,17,vettel,1,12,14:23:35,23.226,23.226,2.0,3.0,-1.0,0
2016,17,raikkonen,1,12,14:23:45,23.244,23.244,4.0,8.0,-4.0,0
2016,17,perez,1,12,14:23:45,23.605,23.605,3.0,9.0,-6.0,0
2016,17,ocon,1,12,14:24:19,24.973,24.973,17.0,21.0,-4.0,0
2016,17,hamilton,1,13,14:25:25,22.989,22.989,3.0,4.0,-1.0,0
2016,17,sainz,1,13,14:25:40,22.986,22.986,7.0,19.0,-12.0,0
2016,17,wehrlein,1,13,14:26:05,24.630,24.63,22.0,22.0,0.0,0
2016,17,button,1,19,14:36:02,24.375,24.375,16.0,21.0,-5.0,0
2016,17,kvyat,2,23,14:42:46,22.943,22.943,16.0,21.0,-5.0,0
2016,17,massa,1,24,14:44:11,22.463,22.463,10.0,14.0,-4.0,0
2016,17,jolyon_palmer,1,25,14:45:55,23.452,23.452,12.0,16.0,-4.0,0
2016,17,kevin_magnussen,1,25,14:46:04,23.072,23.072,14.0,19.0,-5.0,0
2016,17,nasr,1,25,14:46:10,25.131,25.131,15.0,22.0,-7.0,0
2016,17,raikkonen,2,26,14:47:00,22.762,22.762,6.0,7.0,-1.0,0
2016,17,bottas,1,26,14:47:27,25.007,25.007,9.0,12.0,-3.0,0
2016,17,ericsson,1,26,14:47:42,24.011,24.011,12.0,19.0,-7.0,0
2016,17,alonso,2,27,14:49:28,23.032,23.032,12.0,19.0,-7.0,0
2016,17,max_verstappen,2,28,14:49:53,22.788,22.788,2.0,4.0,-2.0,0
2016,17,hulkenberg,2,28,14:50:32,22.952,22.952,7.0,8.0,-1.0,0
2016,17,gutierrez,2,28,14:51:13,23.792,23.792,14.0,21.0,-7.0,0
2016,17,rosberg,2,29,14:51:24,23.150,23.15,1.0,3.0,-2.0,0
2016,17,perez,2,29,14:52:07,22.721,22.721,6.0,7.0,-1.0,0
2016,17,grosjean,2,30,14:54:06,25.429,25.429,8.0,11.0,-3.0,0
2016,17,ocon,2,31,14:56:24,24.256,24.256,16.0,21.0,-5.0,0
2016,17,ricciardo,2,32,14:56:52,25.861,25.861,5.0,6.0,-1.0,0
2016,17,hamilton,2,33,14:58:11,22.732,22.732,2.0,3.0,-1.0,0
2016,17,wehrlein,2,32,14:58:22,25.461,25.461,22.0,22.0,0.0,0
2016,17,vettel,2,34,14:59:47,22.887,22.887,1.0,4.0,-3.0,0
2016,17,button,2,36,15:04:30,23.342,23.342,13.0,18.0,-5.0,0
2016,17,sainz,2,37,15:06:04,22.938,22.938,12.0,17.0,-5.0,0
2016,18,ricciardo,1,8,14:17:32,23.956,23.956,2.0,6.0,-4.0,0
2016,18,raikkonen,1,8,14:17:35,23.989,23.989,4.0,8.0,-4.0,0
2016,18,max_verstappen,1,9,14:19:21,23.489,23.489,5.0,8.0,-3.0,0
2016,18,rosberg,1,10,14:21:02,23.526,23.526,2.0,4.0,-2.0,0
2016,18,button,1,10,14:21:28,23.613,23.613,10.0,16.0,-6.0,0
2016,18,grosjean,1,10,14:21:30,24.523,24.523,11.0,18.0,-7.0,0
2016,18,perez,1,10,14:21:31,23.350,23.35,12.0,17.0,-5.0,0
2016,18,hamilton,1,11,14:22:40,23.601,23.601,1.0,2.0,-1.0,0
2016,18,massa,1,11,14:23:03,24.093,24.093,4.0,7.0,-3.0,0
2016,18,sainz,1,11,14:23:06,24.778,24.778,5.0,8.0,-3.0,0
2016,18,alonso,1,11,14:23:10,23.683,23.683,7.0,12.0,-5.0,0
2016,18,gutierrez,1,13,14:27:00,24.470,24.47,9.0,17.0,-8.0,0
2016,18,kevin_magnussen,1,13,14:27:04,24.310,24.31,12.0,18.0,-6.0,0
2016,18,wehrlein,1,13,14:27:10,26.059,26.059,15.0,20.0,-5.0,0
2016,18,vettel,1,14,14:28:08,24.433,24.433,1.0,6.0,-5.0,0
2016,18,jolyon_palmer,1,15,14:30:43,24.071,24.071,15.0,17.0,-2.0,0
2016,18,ericsson,1,17,14:34:12,25.229,25.229,11.0,17.0,-6.0,0
2016,18,ocon,1,17,14:34:34,25.216,25.216,17.0,20.0,-3.0,0
2016,18,bottas,2,20,14:40:06,25.222,25.222,19.0,20.0,-1.0,0
2016,18,kvyat,1,21,14:41:16,37.837,37.837,11.0,18.0,-7.0,0
2016,18,raikkonen,2,24,14:45:43,23.845,23.845,5.0,6.0,-1.0,0
2016,18,ricciardo,2,25,14:47:19,23.534,23.534,2.0,4.0,-2.0,0
2016,18,max_verstappen,2,26,14:49:08,36.112,36.112,4.0,6.0,-2.0,0
2016,18,jolyon_palmer,2,26,14:50:20,24.766,24.766,14.0,18.0,-4.0,0
2016,18,ocon,2,26,14:50:59,27.532,27.532,19.0,20.0,-1.0,0
2016,18,perez,2,27,14:51:47,24.467,24.467,11.0,9.0,2.0,1
2016,18,grosjean,2,27,14:51:52,26.056,26.056,12.0,11.0,1.0,1
2016,18,kevin_magnussen,2,27,14:52:06,24.103,24.103,13.0,16.0,-3.0,0
2016,18,button,2,28,14:53:32,25.635,25.635,10.0,10.0,0.0,0
2016,18,vettel,2,29,14:54:23,23.812,23.812,3.0,5.0,-2.0,0
2016,18,massa,2,29,14:54:55,23.903,23.903,7.0,7.0,0.0,0
2016,18,nasr,1,29,14:55:54,24.244,24.244,14.0,17.0,-3.0,0
2016,18,sainz,2,30,14:56:49,24.281,24.281,7.0,6.0,1.0,1
2016,18,alonso,2,30,14:56:57,25.300,25.3,8.0,8.0,0.0,0
2016,18,hamilton,2,31,14:57:50,23.575,23.575,1.0,1.0,0.0,0
2016,18,wehrlein,2,30,14:58:04,25.182,25.182,14.0,16.0,-2.0,0
2016,18,rosberg,2,31,14:58:05,24.149,24.149,2.0,2.0,0.0,0
2016,18,kevin_magnussen,3,43,15:21:37,23.898,23.898,13.0,14.0,-1.0,0
2016,18,ocon,3,44,15:24:27,24.665,24.665,18.0,18.0,0.0,0
2016,18,vettel,3,53,15:37:10,24.156,24.156,4.0,4.0,0.0,0
2016,19,grosjean,1,11,13:20:31,22.957,22.957,19.0,21.0,-2.0,0
2016,19,max_verstappen,1,12,13:21:26,21.775,21.775,3.0,10.0,-7.0,0
2016,19,sainz,1,12,13:21:43,22.747,22.747,10.0,17.0,-7.0,0
2016,19,kevin_magnussen,1,12,13:21:47,22.271,22.271,13.0,18.0,-5.0,0
2016,19,gutierrez,1,12,13:21:51,25.198,25.198,15.0,19.0,-4.0,0
2016,19,kvyat,1,13,13:23:20,22.665,22.665,17.0,20.0,-3.0,0
2016,19,hulkenberg,1,14,13:24:17,22.134,22.134,3.0,9.0,-6.0,0
2016,19,massa,1,14,13:24:24,21.863,21.863,5.0,13.0,-8.0,0
2016,19,ocon,1,15,13:26:15,23.866,23.866,14.0,21.0,-7.0,0
2016,19,alonso,1,16,13:27:27,22.461,22.461,9.0,15.0,-6.0,0
2016,19,hamilton,1,17,13:28:16,21.709,21.709,1.0,4.0,-3.0,0
2016,19,button,1,17,13:28:57,22.438,22.438,11.0,17.0,-6.0,0
2016,19,bottas,1,19,13:31:31,22.396,22.396,5.0,9.0,-4.0,0
2016,19,rosberg,1,20,13:32:32,21.997,21.997,1.0,3.0,-2.0,0
2016,19,raikkonen,1,20,13:32:40,22.398,22.398,2.0,6.0,-4.0,0
2016,19,perez,1,20,13:32:56,22.213,22.213,5.0,10.0,-5.0,0
2016,19,vettel,1,32,13:49:30,22.035,22.035,1.0,6.0,-5.0,0
2016,19,raikkonen,2,45,14:07:53,22.974,22.974,5.0,7.0,-2.0,0
2016,19,alonso,2,45,14:09:00,25.171,25.171,15.0,18.0,-3.0,0
2016,19,kvyat,2,47,14:11:56,22.865,22.865,16.0,18.0,-2.0,0
2016,19,gutierrez,2,48,14:13:40,23.110,23.11,19.0,20.0,-1.0,0
2016,19,nasr,1,49,14:14:38,23.540,23.54,12.0,16.0,-4.0,0
2016,19,ricciardo,2,50,14:14:47,22.443,22.443,4.0,5.0,-1.0,0
2016,19,grosjean,2,50,14:16:38,23.678,23.678,19.0,21.0,-2.0,0
2016,19,kevin_magnussen,2,51,14:17:54,22.384,22.384,17.0,18.0,-1.0,0
2016,20,kevin_magnussen,1,7,14:24:31,24.986,24.986,17.0,20.0,-3.0,0
2016,20,button,1,8,14:26:08,24.192,24.192,16.0,17.0,-1.0,0
2016,20,alonso,1,9,14:27:30,24.821,24.821,8.0,13.0,-5.0,0
2016,20,bottas,1,9,14:27:31,24.724,24.724,10.0,14.0,-4.0,0
2016,20,massa,1,9,14:27:33,29.421,29.421,11.0,18.0,-7.0,0
2016,20,kvyat,1,9,14:27:36,25.758,25.758,12.0,17.0,-5.0,0
2016,20,jolyon_palmer,1,9,14:27:40,24.745,24.745,14.0,21.0,-7.0,0
2016,20,ericsson,1,9,14:27:41,25.395,25.395,16.0,20.0,-4.0,0
2016,20,vettel,1,10,14:29:08,29.981,29.981,5.0,19.0,-14.0,0
2016,20,gutierrez,1,12,14:32:18,25.147,25.147,11.0,19.0,-8.0,0
2016,20,max_verstappen,1,13,14:33:11,24.186,24.186,3.0,4.0,-1.0,0
2016,20,ricciardo,1,13,14:33:32,24.623,24.623,5.0,9.0,-4.0,0
2016,20,kvyat,2,17,14:41:54,25.355,25.355,16.0,19.0,-3.0,0
2016,20,jolyon_palmer,2,17,14:41:59,24.656,24.656,20.0,20.0,0.0,0
2016,20,hulkenberg,2,22,15:25:12,24.282,24.282,4.0,15.0,-11.0,0
2016,20,massa,4,31,16:08:25,29.754,29.754,16.0,18.0,-2.0,0
2016,20,button,4,34,16:13:01,25.006,25.006,14.0,18.0,-4.0,0
2016,20,bottas,4,38,16:18:52,24.994,24.994,11.0,17.0,-6.0,0
2016,20,ricciardo,4,40,16:21:27,29.621,29.621,5.0,11.0,-6.0,0
2016,20,kevin_magnussen,4,41,16:23:25,24.265,24.265,12.0,18.0,-6.0,0
2016,20,max_verstappen,4,43,16:25:37,24.435,24.435,2.0,5.0,-3.0,0
2016,20,button,5,44,16:28:14,24.754,24.754,17.0,18.0,-1.0,0
2016,20,gutierrez,4,47,16:32:38,17.835,17.835,15.0,16.0,-1.0,0
2016,20,ricciardo,5,52,16:41:54,24.521,24.521,10.0,13.0,-3.0,0
2016,20,wehrlein,3,52,16:42:00,25.509,25.509,14.0,14.0,0.0,0
2016,20,max_verstappen,5,54,16:45:53,24.041,24.041,5.0,13.0,-8.0,0
2016,21,sainz,1,6,17:14:43,21.761,21.761,19.0,18.0,1.0,1
2016,21,wehrlein,1,6,17:14:44,33.395,33.395,20.0,20.0,0.0,0
2016,21,hamilton,1,7,17:16:01,22.600,22.6,1.0,3.0,-2.0,0
2016,21,raikkonen,1,7,17:16:05,21.959,21.959,3.0,6.0,-3.0,0
2016,21,alonso,1,7,17:16:19,22.428,22.428,8.0,14.0,-6.0,0
2016,21,jolyon_palmer,1,7,17:16:27,24.781,24.781,10.0,15.0,-5.0,0
2016,21,nasr,1,7,17:16:34,23.272,23.272,17.0,19.0,-2.0,0
2016,21,rosberg,1,8,17:17:48,23.753,23.753,1.0,3.0,-2.0,0
2016,21,vettel,1,8,17:17:54,21.711,21.711,5.0,6.0,-1.0,0
2016,21,hulkenberg,1,8,17:17:59,21.834,21.834,6.0,8.0,-2.0,0
2016,21,massa,1,8,17:18:07,21.775,21.775,8.0,13.0,-5.0,0
2016,21,gutierrez,1,8,17:18:19,22.032,22.032,14.0,16.0,-2.0,0
2016,21,kvyat,1,8,17:18:19,21.896,21.896,12.0,17.0,-5.0,0
2016,21,ricciardo,1,9,17:19:37,22.084,22.084,2.0,5.0,-3.0,0
2016,21,perez,1,9,17:19:50,21.308,21.308,5.0,9.0,-4.0,0
2016,21,grosjean,1,20,17:40:10,22.838,22.838,11.0,15.0,-4.0,0
2016,21,max_verstappen,1,21,17:41:22,21.221,21.221,3.0,8.0,-5.0,0
2016,21,jolyon_palmer,2,21,17:42:16,22.145,22.145,15.0,18.0,-3.0,0
2016,21,ocon,1,22,17:43:59,24.035,24.035,11.0,17.0,-6.0,0
2016,21,ricciardo,2,24,17:46:46,21.768,21.768,4.0,7.0,-3.0,0
2016,21,wehrlein,2,24,17:47:52,22.949,22.949,16.0,18.0,-2.0,0
2016,21,raikkonen,2,25,17:48:31,22.087,22.087,3.0,6.0,-3.0,0
2016,21,hulkenberg,2,26,17:50:33,21.482,21.482,5.0,9.0,-4.0,0
2016,21,perez,2,27,17:52:26,22.012,22.012,6.0,10.0,-4.0,0
2016,21,hamilton,2,28,17:53:38,21.355,21.355,1.0,2.0,-1.0,0
2016,21,gutierrez,2,28,17:54:49,22.102,22.102,11.0,14.0,-3.0,0
2016,21,sainz,2,28,17:55:00,21.935,21.935,14.0,17.0,-3.0,0
2016,21,rosberg,2,29,17:55:27,21.218,21.218,2.0,3.0,-1.0,0
2016,21,massa,2,30,17:57:55,21.539,21.539,7.0,10.0,-3.0,0
2016,21,ocon,2,36,18:09:38,23.026,23.026,15.0,17.0,-2.0,0
2016,21,nasr,2,36,18:09:42,29.933,29.933,14.0,18.0,-4.0,0
2016,21,vettel,2,37,18:09:47,21.872,21.872,1.0,6.0,-5.0,0
2016,21,alonso,2,38,18:12:17,22.248,22.248,9.0,10.0,-1.0,0
2016,21,grosjean,2,38,18:12:35,22.527,22.527,11.0,11.0,0.0,0
2016,21,ericsson,1,38,18:13:21,22.991,22.991,13.0,17.0,-4.0,0
2016,21,jolyon_palmer,3,41,18:18:52,22.588,22.588,13.0,17.0,-4.0,0
2017,1,stroll,1,5,16:14:22,22.293,22.293,14.0,18.0,-4.0,0
2017,1,vandoorne,1,9,16:20:40,39.562,39.562,15.0,18.0,-3.0,0
2017,1,ocon,1,15,16:29:32,22.154,22.154,12.0,11.0,1.0,1
2017,1,giovinazzi,1,15,16:29:57,28.591,28.591,13.0,15.0,-2.0,0
2017,1,alonso,1,16,16:31:00,22.484,22.484,10.0,10.0,0.0,0
2017,1,hulkenberg,1,16,16:31:01,23.130,23.13,11.0,12.0,-1.0,0
2017,1,hamilton,1,17,16:31:40,21.709,21.709,1.0,5.0,-4.0,0
2017,1,perez,1,17,16:32:20,22.045,22.045,8.0,8.0,0.0,0
2017,1,sainz,1,18,16:33:49,21.762,21.762,7.0,9.0,-2.0,0
2017,1,massa,1,20,16:36:44,21.568,21.568,6.0,7.0,-1.0,0
2017,1,vettel,1,23,16:40:32,21.988,21.988,1.0,2.0,-1.0,0
2017,1,bottas,1,25,16:43:42,21.440,21.44,1.0,3.0,-2.0,0
2017,1,max_verstappen,1,25,16:43:56,22.208,22.208,4.0,5.0,-1.0,0
2017,1,raikkonen,1,26,16:45:16,22.033,22.033,1.0,4.0,-3.0,0
2017,1,stroll,2,29,16:51:13,22.380,22.38,13.0,13.0,0.0,0
2017,1,hulkenberg,2,30,16:52:40,23.159,23.159,12.0,12.0,0.0,0
2017,1,kvyat,1,34,16:57:51,25.559,25.559,6.0,9.0,-3.0,0
2017,1,kevin_magnussen,2,44,17:15:10,22.189,22.189,15.0,15.0,0.0,0
2017,1,kvyat,2,49,17:20:30,24.026,24.026,8.0,9.0,-1.0,0
2017,2,perez,5,20,14:43:03,23.057,23.057,8.0,10.0,-2.0,0
2017,2,massa,5,24,14:50:13,23.451,23.451,13.0,15.0,-2.0,0
2017,2,sainz,4,28,14:56:06,22.840,22.84,6.0,8.0,-2.0,0
2017,2,max_verstappen,4,29,14:57:33,22.505,22.505,3.0,6.0,-3.0,0
2017,2,jolyon_palmer,4,30,15:00:32,23.993,23.993,14.0,16.0,-2.0,0
2017,2,kevin_magnussen,5,32,15:03:12,23.463,23.463,9.0,10.0,-1.0,0
2017,2,ricciardo,4,33,15:04:09,22.505,22.505,3.0,5.0,-2.0,0
2017,2,hulkenberg,5,33,15:05:10,40.144,40.144,12.0,13.0,-1.0,0
2017,2,vettel,5,34,15:05:37,22.443,22.443,2.0,3.0,-1.0,0
2017,2,bottas,4,35,15:07:45,24.317,24.317,5.0,7.0,-2.0,0
2017,2,hamilton,4,36,15:08:39,22.668,22.668,1.0,1.0,0.0,0
2017,2,grosjean,5,35,15:08:45,23.211,23.211,11.0,13.0,-2.0,0
2017,2,raikkonen,4,39,15:14:04,23.119,23.119,2.0,5.0,-3.0,0
2017,2,ocon,5,42,15:20:06,22.926,22.926,10.0,11.0,-1.0,0
2017,2,massa,6,48,15:30:29,22.517,22.517,11.0,14.0,-3.0,0
2017,2,perez,6,49,15:31:25,22.979,22.979,9.0,9.0,0.0,0
2017,3,stroll,1,8,18:16:59,24.915,24.915,14.0,18.0,-4.0,0
2017,3,vettel,1,10,18:19:52,24.702,24.702,2.0,7.0,-5.0,0
2017,3,ocon,1,11,18:21:47,24.664,24.664,10.0,14.0,-4.0,0
2017,3,wehrlein,1,11,18:21:59,26.542,26.542,15.0,15.0,0.0,0
2017,3,raikkonen,1,12,18:23:10,26.430,26.43,5.0,6.0,-1.0,0
2017,3,grosjean,1,12,18:23:23,25.075,25.075,8.0,10.0,-2.0,0
2017,3,bottas,1,13,18:24:52,28.368,28.368,1.0,2.0,-1.0,0
2017,3,hamilton,1,13,18:24:59,30.687,30.687,2.0,4.0,-2.0,0
2017,3,ricciardo,1,13,18:24:59,25.312,25.312,3.0,3.0,0.0,0
2017,3,massa,1,13,18:25:06,25.704,25.704,5.0,5.0,0.0,0
2017,3,hulkenberg,1,13,18:25:13,26.634,26.634,6.0,7.0,-1.0,0
2017,3,perez,1,13,18:25:24,24.332,24.332,9.0,9.0,0.0,0
2017,3,jolyon_palmer,1,13,18:25:31,27.466,27.466,11.0,13.0,-2.0,0
2017,3,alonso,1,13,18:25:31,24.922,24.922,12.0,12.0,0.0,0
2017,3,kvyat,1,13,18:25:35,25.204,25.204,13.0,14.0,-1.0,0
2017,3,bottas,2,30,18:54:49,24.540,24.54,3.0,6.0,-3.0,0
2017,3,grosjean,2,31,18:56:52,24.965,24.965,9.0,14.0,-5.0,0
2017,3,vettel,2,33,18:59:27,24.314,24.314,1.0,3.0,-2.0,0
2017,3,ericsson,1,33,19:00:33,25.576,25.576,15.0,15.0,0.0,0
2017,3,perez,2,36,19:04:49,24.630,24.63,7.0,7.0,0.0,0
2017,3,hulkenberg,2,36,19:04:58,25.135,25.135,8.0,11.0,-3.0,0
2017,3,alonso,2,36,19:05:15,24.723,24.723,11.0,13.0,-2.0,0
2017,3,raikkonen,2,37,19:06:10,25.856,25.856,3.0,5.0,-2.0,0
2017,3,massa,2,37,19:06:22,24.240,24.24,6.0,6.0,0.0,0
2017,3,ocon,2,37,19:06:38,24.505,24.505,8.0,12.0,-4.0,0
2017,3,jolyon_palmer,2,37,19:06:55,26.420,26.42,12.0,15.0,-3.0,0
2017,3,ricciardo,2,39,19:09:27,25.200,25.2,4.0,5.0,-1.0,0
2017,3,hamilton,2,41,19:12:14,30.682,30.682,1.0,3.0,-2.0,0
2017,3,kvyat,2,41,19:13:18,25.246,25.246,9.0,14.0,-5.0,0
2017,4,wehrlein,1,2,15:11:28,31.266,31.266,14.0,17.0,-3.0,0
2017,4,wehrlein,2,20,15:43:16,30.799,30.799,15.0,16.0,-1.0,0
2017,4,massa,1,21,15:44:10,29.923,29.923,6.0,10.0,-4.0,0
2017,4,kevin_magnussen,1,21,15:44:30,36.559,36.559,10.0,14.0,-4.0,0
2017,4,kvyat,1,21,15:44:36,29.991,29.991,12.0,13.0,-1.0,0
2017,4,ericsson,2,21,15:44:59,30.655,30.655,15.0,15.0,0.0,0
2017,4,sainz,1,24,15:49:33,29.973,29.973,9.0,11.0,-2.0,0
2017,4,vandoorne,2,24,15:49:57,35.998,35.998,12.0,14.0,-2.0,0
2017,4,ocon,1,26,15:52:42,30.253,30.253,7.0,9.0,-2.0,0
2017,4,stroll,1,26,15:52:58,29.791,29.791,10.0,11.0,-1.0,0
2017,4,bottas,1,27,15:53:23,29.356,29.356,1.0,4.0,-3.0,0
2017,4,perez,1,27,15:54:17,29.868,29.868,6.0,8.0,-2.0,0
2017,4,raikkonen,1,29,15:56:49,30.152,30.152,2.0,3.0,-1.0,0
2017,4,max_verstappen,1,29,15:57:19,29.567,29.567,5.0,5.0,0.0,0
2017,4,hamilton,1,30,15:58:36,29.739,29.739,3.0,4.0,-1.0,0
2017,4,vettel,1,34,16:04:56,30.097,30.097,1.0,2.0,-1.0,0
2017,4,hulkenberg,1,40,16:16:07,30.280,30.28,6.0,8.0,-2.0,0
2017,4,massa,2,41,16:17:53,29.920,29.92,7.0,9.0,-2.0,0
2017,5,jolyon_palmer,1,2,14:06:27,23.159,23.159,14.0,17.0,-3.0,0
2017,5,alonso,1,12,14:21:10,22.690,22.69,11.0,14.0,-3.0,0
2017,5,stroll,1,12,14:21:16,22.100,22.1,13.0,15.0,-2.0,0
2017,5,vandoorne,1,12,14:21:24,22.547,22.547,15.0,17.0,-2.0,0
2017,5,kevin_magnussen,1,13,14:22:35,22.703,22.703,8.0,11.0,-3.0,0
2017,5,sainz,1,13,14:22:36,22.432,22.432,9.0,13.0,-4.0,0
2017,5,massa,2,13,14:23:17,22.292,22.292,18.0,18.0,0.0,0
2017,5,vettel,1,14,14:23:19,22.499,22.499,1.0,3.0,-2.0,0
2017,5,hulkenberg,1,15,14:25:28,22.490,22.49,7.0,10.0,-3.0,0
2017,5,ocon,1,16,14:26:51,22.616,22.616,6.0,8.0,-2.0,0
2017,5,perez,1,18,14:29:42,25.082,25.082,5.0,6.0,-1.0,0
2017,5,ericsson,1,18,14:30:11,22.995,22.995,8.0,15.0,-7.0,0
2017,5,grosjean,1,19,14:31:26,22.866,22.866,6.0,11.0,-5.0,0
2017,5,hamilton,1,21,14:33:26,21.544,21.544,1.0,3.0,-2.0,0
2017,5,ricciardo,1,21,14:33:54,21.811,21.811,4.0,4.0,0.0,0
2017,5,jolyon_palmer,2,21,14:35:11,22.762,22.762,17.0,18.0,-1.0,0
2017,5,bottas,1,26,14:41:01,21.689,21.689,2.0,3.0,-1.0,0
2017,5,alonso,2,31,14:49:39,23.354,23.354,14.0,16.0,-2.0,0
2017,5,ericsson,2,32,14:51:03,22.775,22.775,13.0,14.0,-1.0,0
2017,5,wehrlein,1,33,14:52:14,23.445,23.445,7.0,8.0,-1.0,0
2017,5,hulkenberg,2,33,14:52:15,22.362,22.362,8.0,7.0,1.0,1
2017,5,kevin_magnussen,2,33,14:52:15,23.814,23.814,9.0,10.0,-1.0,0
2017,5,kvyat,2,33,14:52:37,22.117,22.117,12.0,12.0,0.0,0
2017,5,stroll,2,33,14:52:52,22.071,22.071,14.0,13.0,1.0,1
2017,5,massa,3,33,14:53:10,23.066,23.066,16.0,16.0,0.0,0
2017,5,perez,2,34,14:53:46,23.107,23.107,5.0,5.0,0.0,0
2017,5,ocon,2,34,14:53:58,22.643,22.643,6.0,6.0,0.0,0
2017,5,sainz,2,34,14:54:20,21.934,21.934,10.0,9.0,1.0,1
2017,5,grosjean,2,34,14:54:22,22.641,22.641,11.0,11.0,0.0,0
2017,5,hamilton,2,36,14:56:30,21.722,21.722,2.0,2.0,0.0,0
2017,5,vettel,2,37,14:57:53,22.307,22.307,1.0,1.0,0.0,0
2017,5,ricciardo,2,38,15:00:10,21.918,21.918,4.0,3.0,1.0,1
2017,5,jolyon_palmer,3,42,15:07:31,24.750,24.75,16.0,16.0,0.0,0
2017,5,alonso,3,51,15:20:24,22.923,22.923,14.0,15.0,-1.0,0
2017,6,perez,1,16,14:23:49,31.313,31.313,7.0,16.0,-9.0,0
2017,6,max_verstappen,1,32,14:44:07,25.343,25.343,4.0,6.0,-2.0,0
2017,6,bottas,1,33,14:45:24,24.308,24.308,3.0,5.0,-2.0,0
2017,6,raikkonen,1,34,14:46:35,24.833,24.833,1.0,3.0,-2.0,0
2017,6,ericsson,1,35,14:49:08,24.949,24.949,17.0,17.0,0.0,0
2017,6,kvyat,1,36,14:49:48,24.406,24.406,9.0,11.0,-2.0,0
2017,6,ocon,1,36,14:50:06,24.299,24.299,13.0,15.0,-2.0,0
2017,6,sainz,1,37,14:50:54,24.427,24.427,4.0,9.0,-5.0,0
2017,6,kevin_magnussen,1,37,14:51:04,24.979,24.979,8.0,10.0,-2.0,0
2017,6,ricciardo,1,38,14:51:46,24.183,24.183,2.0,3.0,-1.0,0
2017,6,massa,1,38,14:52:42,24.353,24.353,11.0,15.0,-4.0,0
2017,6,vettel,1,39,14:52:55,24.306,24.306,1.0,1.0,0.0,0
2017,6,ocon,2,39,14:54:19,24.496,24.496,15.0,17.0,-2.0,0
2017,6,button,2,39,14:54:53,26.057,26.057,19.0,19.0,0.0,0
2017,6,grosjean,1,40,14:54:55,24.660,24.66,6.0,9.0,-3.0,0
2017,6,stroll,1,41,14:56:46,26.690,26.69,14.0,15.0,-1.0,0
2017,6,kevin_magnussen,2,42,14:57:54,26.040,26.04,10.0,13.0,-3.0,0
2017,6,jolyon_palmer,1,42,14:58:05,25.472,25.472,12.0,14.0,-2.0,0
2017,6,vandoorne,1,43,14:58:56,24.768,24.768,7.0,10.0,-3.0,0
2017,6,hamilton,1,46,15:02:38,24.155,24.155,6.0,7.0,-1.0,0
2017,6,max_verstappen,2,60,15:20:48,25.678,25.678,5.0,5.0,0.0,0
2017,6,ocon,3,60,15:22:40,24.642,24.642,17.0,17.0,0.0,0
2017,6,massa,2,62,15:24:59,25.123,25.123,12.0,12.0,0.0,0
2017,6,perez,2,63,15:26:16,25.026,25.026,11.0,11.0,0.0,0
2017,6,stroll,2,67,15:33:42,25.248,25.248,16.0,15.0,1.0,1
2017,6,perez,3,72,15:40:06,35.485,35.485,10.0,13.0,-3.0,0
2017,7,vettel,1,5,14:11:32,31.596,31.596,4.0,18.0,-14.0,0
2017,7,hulkenberg,1,11,14:19:40,26.764,26.764,8.0,12.0,-4.0,0
2017,7,jolyon_palmer,1,11,14:19:55,24.423,24.423,14.0,16.0,-2.0,0
2017,7,ericsson,1,11,14:19:57,24.047,24.047,15.0,17.0,-2.0,0
2017,7,kvyat,1,15,14:25:55,18.088,18.088,7.0,12.0,-5.0,0
2017,7,raikkonen,1,17,14:28:23,23.500,23.5,5.0,7.0,-2.0,0
2017,7,ricciardo,1,18,14:29:37,23.309,23.309,3.0,4.0,-1.0,0
2017,7,perez,1,19,14:30:56,23.229,23.229,3.0,5.0,-2.0,0
2017,7,bottas,1,23,14:35:53,22.946,22.946,2.0,3.0,-1.0,0
2017,7,stroll,1,25,14:39:14,22.790,22.79,10.0,16.0,-6.0,0
2017,7,hamilton,1,32,14:47:15,23.061,23.061,1.0,1.0,0.0,0
2017,7,ocon,1,32,14:47:42,23.409,23.409,2.0,6.0,-4.0,0
2017,7,wehrlein,2,40,14:59:18,24.202,24.202,17.0,17.0,0.0,0
2017,7,raikkonen,2,41,14:59:29,23.760,23.76,5.0,7.0,-2.0,0
2017,7,alonso,1,42,15:01:08,23.526,23.526,8.0,11.0,-3.0,0
2017,7,vandoorne,1,45,15:05:22,23.267,23.267,13.0,16.0,-3.0,0
2017,7,kevin_magnussen,1,46,15:06:28,28.869,28.869,10.0,15.0,-5.0,0
2017,7,vettel,2,49,15:09:44,23.345,23.345,6.0,7.0,-1.0,0
2017,8,grosjean,1,3,17:09:40,20.776,20.776,13.0,19.0,-6.0,0
2017,8,ricciardo,1,5,17:13:04,23.361,23.361,9.0,15.0,-6.0,0
2017,8,vandoorne,1,5,17:13:19,21.423,21.423,14.0,17.0,-3.0,0
2017,8,hamilton,1,12,17:25:22,20.418,20.418,1.0,1.0,0.0,0
2017,8,vettel,1,12,17:25:26,20.059,20.059,2.0,2.0,0.0,0
2017,8,perez,1,12,17:25:35,20.598,20.598,3.0,3.0,0.0,0
2017,8,raikkonen,1,12,17:25:39,23.237,23.237,4.0,4.0,0.0,0
2017,8,massa,1,12,17:25:43,21.453,21.453,5.0,5.0,0.0,0
2017,8,ocon,1,12,17:25:45,20.493,20.493,6.0,6.0,0.0,0
2017,8,bottas,2,11,17:25:58,20.407,20.407,18.0,17.0,1.0,1
2017,8,kevin_magnussen,1,12,17:26:11,20.391,20.391,10.0,9.0,1.0,1
2017,8,alonso,1,12,17:26:36,21.217,21.217,12.0,11.0,1.0,1
2017,8,sainz,1,12,17:26:37,21.040,21.04,13.0,12.0,1.0,1
2017,8,ericsson,1,12,17:26:45,23.906,23.906,14.0,14.0,0.0,0
2017,8,wehrlein,1,12,17:26:49,31.122,31.122,15.0,16.0,-1.0,0
2017,8,stroll,1,13,17:28:26,22.625,22.625,7.0,7.0,0.0,0
2017,8,hulkenberg,1,13,17:28:32,21.263,21.263,9.0,8.0,1.0,1
2017,8,ricciardo,2,13,17:29:01,20.198,20.198,11.0,10.0,1.0,1
2017,8,grosjean,2,14,17:31:36,21.069,21.069,15.0,15.0,0.0,0
2017,8,hamilton,2,17,17:39:17,15.234,15.234,1.0,1.0,0.0,0
2017,8,vettel,2,17,17:39:18,15.174,15.174,3.0,2.0,1.0,1
2017,8,perez,2,17,17:39:19,15.278,15.278,2.0,3.0,-1.0,0
2017,8,massa,2,17,17:39:20,15.033,15.033,4.0,4.0,0.0,0
2017,8,ocon,2,17,17:39:21,15.061,15.061,5.0,5.0,0.0,0
2017,8,raikkonen,2,17,17:39:22,15.049,15.049,6.0,6.0,0.0,0
2017,8,stroll,2,17,17:39:23,15.327,15.327,7.0,7.0,0.0,0
2017,8,hulkenberg,2,17,17:39:24,15.638,15.638,8.0,8.0,0.0,0
2017,8,ricciardo,3,17,17:39:26,15.135,15.135,9.0,9.0,0.0,0
2017,8,kevin_magnussen,2,17,17:39:27,15.128,15.128,10.0,10.0,0.0,0
2017,8,alonso,2,17,17:39:29,15.104,15.104,11.0,11.0,0.0,0
2017,8,sainz,2,17,17:39:31,14.966,14.966,12.0,12.0,0.0,0
2017,8,vandoorne,2,17,17:39:32,15.097,15.097,13.0,13.0,0.0,0
2017,8,grosjean,3,17,17:39:33,15.073,15.073,15.0,14.0,1.0,1
2017,8,ericsson,2,17,17:39:34,26.051,26.051,14.0,15.0,-1.0,0
2017,8,wehrlein,3,17,17:39:36,34.847,34.847,16.0,17.0,-1.0,0
2017,8,bottas,3,17,17:39:52,14.978,14.978,17.0,16.0,1.0,1
2017,8,ocon,3,20,17:47:51,31.657,31.657,5.0,14.0,-9.0,0
2017,8,wehrlein,4,21,17:50:37,22.390,22.39,14.0,15.0,-1.0,0
2017,8,hamilton,4,31,18:32:21,27.025,27.025,1.0,8.0,-7.0,0
2017,8,vettel,4,33,18:35:52,29.317,29.317,1.0,7.0,-6.0,0
2017,8,vandoorne,4,33,18:36:35,20.446,20.446,11.0,13.0,-2.0,0
2017,8,perez,4,33,18:38:09,14.951,14.951,14.0,14.0,0.0,0
2017,8,raikkonen,4,33,18:38:11,14.943,14.943,15.0,15.0,0.0,0
2017,8,grosjean,5,36,18:42:11,24.486,24.486,10.0,13.0,-3.0,0
2017,9,kvyat,2,9,14:14:29,16.139,16.139,18.0,18.0,0.0,0
2017,9,hulkenberg,1,14,14:19:44,21.977,21.977,14.0,17.0,-3.0,0
2017,9,hamilton,1,31,14:38:58,20.761,20.761,5.0,5.0,0.0,0
2017,9,vandoorne,1,31,14:39:43,21.714,21.714,12.0,14.0,-2.0,0
2017,9,ricciardo,1,33,14:41:11,21.713,21.713,3.0,4.0,-1.0,0
2017,9,vettel,1,34,14:42:15,21.750,21.75,2.0,3.0,-1.0,0
2017,9,jolyon_palmer,1,34,14:43:13,22.233,22.233,11.0,12.0,-1.0,0
2017,9,ericsson,1,34,14:43:40,22.339,22.339,15.0,16.0,-1.0,0
2017,9,perez,1,35,14:44:03,22.030,22.03,7.0,9.0,-2.0,0
2017,9,stroll,1,35,14:44:21,21.332,21.332,10.0,11.0,-1.0,0
2017,9,wehrlein,1,35,14:44:41,22.414,22.414,13.0,15.0,-2.0,0
2017,9,grosjean,1,36,14:45:10,22.026,22.026,6.0,8.0,-2.0,0
2017,9,bottas,1,41,14:50:11,22.387,22.387,1.0,2.0,-1.0,0
2017,9,sainz,1,40,14:50:18,21.659,21.659,10.0,13.0,-3.0,0
2017,9,ocon,1,42,14:52:17,22.176,22.176,6.0,9.0,-3.0,0
2017,9,raikkonen,1,44,14:53:59,21.662,21.662,1.0,5.0,-4.0,0
2017,9,vandoorne,2,44,14:55:17,16.206,16.206,12.0,12.0,0.0,0
2017,9,massa,1,47,14:58:07,20.977,20.977,6.0,9.0,-3.0,0
2017,9,kvyat,3,55,15:09:24,22.274,22.274,16.0,16.0,0.0,0
2017,10,wehrlein,1,2,13:10:06,29.861,29.861,17.0,17.0,0.0,0
2017,10,kvyat,2,9,13:23:00,22.895,22.895,18.0,18.0,0.0,0
2017,10,vettel,1,18,13:36:44,28.363,28.363,4.0,5.0,-1.0,0
2017,10,max_verstappen,1,19,13:38:17,29.147,29.147,3.0,6.0,-3.0,0
2017,10,ocon,1,20,13:40:15,29.194,29.194,7.0,14.0,-7.0,0
2017,10,alonso,1,20,13:40:30,28.269,28.269,14.0,18.0,-4.0,0
2017,10,stroll,1,22,13:43:38,29.849,29.849,12.0,17.0,-5.0,0
2017,10,perez,1,23,13:45:01,28.942,28.942,7.0,12.0,-5.0,0
2017,10,grosjean,1,23,13:45:11,28.361,28.361,11.0,15.0,-4.0,0
2017,10,raikkonen,1,24,13:45:53,28.476,28.476,2.0,3.0,-1.0,0
2017,10,hulkenberg,1,24,13:46:27,30.841,30.841,6.0,8.0,-2.0,0
2017,10,hamilton,1,25,13:47:14,27.733,27.733,1.0,1.0,0.0,0
2017,10,massa,1,25,13:48:18,27.583,27.583,9.0,12.0,-3.0,0
2017,10,vandoorne,1,26,13:49:50,29.337,29.337,7.0,13.0,-6.0,0
2017,10,kvyat,3,27,13:52:00,28.630,28.63,18.0,18.0,0.0,0
2017,10,ericsson,1,28,13:53:19,28.825,28.825,11.0,17.0,-6.0,0
2017,10,wehrlein,3,31,13:58:18,31.250,31.25,16.0,17.0,-1.0,0
2017,10,bottas,1,32,13:58:23,27.858,27.858,2.0,4.0,-2.0,0
2017,10,ricciardo,1,32,13:59:09,27.910,27.91,6.0,8.0,-2.0,0
2017,10,kevin_magnussen,1,37,14:07:18,28.099,28.099,8.0,13.0,-5.0,0
2017,10,stroll,2,42,14:15:32,28.335,28.335,14.0,15.0,-1.0,0
2017,10,grosjean,2,43,14:16:53,28.998,28.998,12.0,13.0,-1.0,0
2017,10,raikkonen,2,49,14:24:46,29.057,29.057,2.0,3.0,-1.0,0
2017,10,max_verstappen,2,49,14:25:07,28.056,28.056,5.0,4.0,1.0,1
2017,11,wehrlein,1,3,14:09:26,24.213,24.213,17.0,19.0,-2.0,0
2017,11,wehrlein,2,28,14:46:37,22.998,22.998,17.0,18.0,-1.0,0
2017,11,stroll,1,29,14:47:41,21.804,21.804,15.0,15.0,0.0,0
2017,11,bottas,1,30,14:48:04,22.681,22.681,3.0,4.0,-1.0,0
2017,11,hamilton,1,31,14:49:30,21.338,21.338,5.0,5.0,0.0,0
2017,11,kevin_magnussen,1,31,14:50:24,22.684,22.684,13.0,14.0,-1.0,0
2017,11,vettel,1,32,14:50:43,22.317,22.317,1.0,2.0,-1.0,0
2017,11,raikkonen,1,33,14:52:06,21.919,21.919,1.0,3.0,-2.0,0
2017,11,perez,1,34,14:54:12,24.017,24.017,8.0,11.0,-3.0,0
2017,11,resta,1,34,14:55:06,22.399,22.399,16.0,18.0,-2.0,0
2017,11,alonso,1,35,14:55:33,22.399,22.399,7.0,9.0,-2.0,0
2017,11,sainz,1,35,14:55:33,22.745,22.745,6.0,10.0,-4.0,0
2017,11,ocon,1,35,14:55:44,22.441,22.441,10.0,13.0,-3.0,0
2017,11,kvyat,1,40,15:02:57,22.273,22.273,12.0,14.0,-2.0,0
2017,11,max_verstappen,1,42,15:04:37,33.605,33.605,1.0,5.0,-4.0,0
2017,11,vandoorne,1,42,15:05:22,28.616,28.616,6.0,12.0,-6.0,0
2017,11,hulkenberg,1,45,15:09:34,31.860,31.86,6.0,12.0,-6.0,0
2017,11,jolyon_palmer,1,46,15:11:22,22.684,22.684,10.0,14.0,-4.0,0
2017,11,ericsson,2,63,15:36:20,24.097,24.097,17.0,17.0,0.0,0
2017,12,jolyon_palmer,1,8,14:19:01,26.202,26.202,15.0,16.0,-1.0,0
2017,12,ericsson,1,8,14:19:07,23.999,23.999,19.0,18.0,1.0,1
2017,12,kevin_magnussen,1,9,14:20:51,22.828,22.828,11.0,14.0,-3.0,0
2017,12,stroll,1,9,14:20:55,24.697,24.697,14.0,17.0,-3.0,0
2017,12,ocon,1,10,14:22:35,23.364,23.364,7.0,10.0,-3.0,0
2017,12,grosjean,1,10,14:22:38,22.925,22.925,9.0,12.0,-3.0,0
2017,12,alonso,1,10,14:22:43,24.158,24.158,10.0,14.0,-4.0,0
2017,12,hulkenberg,1,11,14:24:21,23.507,23.507,6.0,6.0,0.0,0
2017,12,massa,1,11,14:24:38,22.667,22.667,10.0,15.0,-5.0,0
2017,12,hamilton,1,12,14:25:45,22.037,22.037,1.0,3.0,-2.0,0
2017,12,perez,1,12,14:26:21,23.289,23.289,7.0,9.0,-2.0,0
2017,12,bottas,1,13,14:27:44,22.963,22.963,3.0,4.0,-1.0,0
2017,12,vettel,1,14,14:29:26,22.443,22.443,1.0,2.0,-1.0,0
2017,12,ricciardo,1,14,14:29:45,22.900,22.9,5.0,5.0,0.0,0
2017,12,raikkonen,2,17,14:35:29,30.373,30.373,4.0,6.0,-2.0,0
2017,12,kvyat,1,18,14:37:55,22.444,22.444,11.0,16.0,-5.0,0
2017,12,vandoorne,1,18,14:38:00,26.894,26.894,14.0,17.0,-3.0,0
2017,12,sainz,1,19,14:39:43,24.095,24.095,9.0,15.0,-6.0,0
2017,12,ericsson,2,23,14:47:51,23.221,23.221,18.0,18.0,0.0,0
2017,12,perez,2,25,14:50:45,28.594,28.594,8.0,11.0,-3.0,0
2017,12,raikkonen,3,29,14:57:52,22.963,22.963,5.0,5.0,0.0,0
2017,12,hulkenberg,2,29,14:58:06,23.539,23.539,6.0,6.0,0.0,0
2017,12,grosjean,2,29,14:58:27,22.756,22.756,7.0,7.0,0.0,0
2017,12,massa,2,29,14:58:40,23.092,23.092,9.0,8.0,1.0,1
2017,12,ocon,3,29,14:58:44,29.646,29.646,11.0,10.0,1.0,1
2017,12,sainz,2,29,14:58:50,24.370,24.37,12.0,11.0,1.0,1
2017,12,stroll,2,29,14:59:01,23.109,23.109,13.0,12.0,1.0,1
2017,12,perez,3,29,14:59:10,26.574,26.574,10.0,14.0,-4.0,0
2017,12,hamilton,2,30,14:59:18,22.357,22.357,1.0,1.0,0.0,0
2017,12,vettel,2,30,14:59:18,25.650,25.65,2.0,2.0,0.0,0
2017,12,bottas,2,30,14:59:31,22.919,22.919,3.0,3.0,0.0,0
2017,12,ricciardo,2,30,14:59:47,23.180,23.18,4.0,4.0,0.0,0
2017,12,ericsson,3,29,14:59:55,23.792,23.792,17.0,17.0,0.0,0
2017,12,kevin_magnussen,2,30,15:01:09,22.908,22.908,8.0,9.0,-1.0,0
2017,12,kvyat,2,30,15:01:33,23.341,23.341,12.0,13.0,-1.0,0
2017,12,jolyon_palmer,2,30,15:01:36,24.674,24.674,13.0,15.0,-2.0,0
2017,12,vandoorne,2,30,15:01:43,26.187,26.187,15.0,16.0,-1.0,0
2017,12,kevin_magnussen,3,34,15:10:50,23.737,23.737,9.0,17.0,-8.0,0
2017,13,grosjean,1,3,14:08:10,33.433,33.433,18.0,19.0,-1.0,0
2017,13,max_verstappen,1,3,14:08:20,39.888,39.888,8.0,20.0,-12.0,0
2017,13,hulkenberg,1,9,14:16:50,24.418,24.418,12.0,18.0,-6.0,0
2017,13,kevin_magnussen,1,11,14:19:43,24.384,24.384,10.0,17.0,-7.0,0
2017,13,sainz,1,13,14:22:44,24.865,24.865,12.0,18.0,-6.0,0
2017,13,raikkonen,1,15,14:25:17,25.367,25.367,6.0,11.0,-5.0,0
2017,13,ocon,1,16,14:26:42,24.432,24.432,4.0,9.0,-5.0,0
2017,13,stroll,1,17,14:28:09,26.131,26.131,4.0,11.0,-7.0,0
2017,13,ericsson,1,18,14:30:19,25.310,25.31,14.0,20.0,-6.0,0
2017,13,kvyat,1,19,14:31:23,25.826,25.826,7.0,15.0,-8.0,0
2017,13,wehrlein,1,20,14:33:19,25.212,25.212,16.0,20.0,-4.0,0
2017,13,massa,1,21,14:33:59,25.078,25.078,4.0,10.0,-6.0,0
2017,13,jolyon_palmer,1,25,14:40:16,31.008,31.008,11.0,17.0,-6.0,0
2017,13,max_verstappen,2,27,14:43:27,24.173,24.173,16.0,18.0,-2.0,0
2017,13,alonso,1,30,14:47:38,24.442,24.442,11.0,15.0,-4.0,0
2017,13,vettel,1,31,14:48:03,24.307,24.307,3.0,4.0,-1.0,0
2017,13,hamilton,1,32,14:49:05,23.725,23.725,1.0,1.0,0.0,0
2017,13,perez,1,32,14:49:55,25.377,25.377,5.0,9.0,-4.0,0
2017,13,bottas,1,33,14:50:35,23.728,23.728,1.0,2.0,-1.0,0
2017,13,grosjean,2,34,14:53:53,24.307,24.307,17.0,17.0,0.0,0
2017,13,ricciardo,1,37,14:56:51,23.951,23.951,3.0,5.0,-2.0,0
2017,14,ricciardo,4,11,20:30:55,29.658,29.658,2.0,2.0,0.0,0
2017,14,perez,4,11,20:31:20,30.128,30.128,4.0,6.0,-2.0,0
2017,14,ocon,4,11,20:31:38,31.336,31.336,9.0,12.0,-3.0,0
2017,14,kevin_magnussen,4,11,20:31:52,30.132,30.132,10.0,14.0,-4.0,0
2017,14,hulkenberg,4,12,20:33:56,30.725,30.725,3.0,5.0,-2.0,0
2017,14,jolyon_palmer,4,12,20:34:10,30.015,30.015,4.0,7.0,-3.0,0
2017,14,vandoorne,4,12,20:34:19,30.390,30.39,7.0,9.0,-2.0,0
2017,14,ericsson,4,13,20:37:20,31.714,31.714,13.0,15.0,-2.0,0
2017,14,massa,4,17,20:46:40,29.685,29.685,11.0,15.0,-4.0,0
2017,14,wehrlein,4,21,20:55:34,32.249,32.249,14.0,15.0,-1.0,0
2017,14,kevin_magnussen,5,24,21:01:10,30.504,30.504,11.0,13.0,-2.0,0
2017,14,massa,5,24,21:01:38,30.048,30.048,14.0,14.0,0.0,0
2017,14,stroll,4,26,21:05:07,29.412,29.412,9.0,9.0,0.0,0
2017,14,sainz,4,27,21:06:44,30.093,30.093,4.0,6.0,-2.0,0
2017,14,vandoorne,5,27,21:06:56,36.138,36.138,8.0,8.0,0.0,0
2017,14,grosjean,4,27,21:07:18,29.049,29.049,10.0,11.0,-1.0,0
2017,14,ocon,5,27,21:07:19,29.173,29.173,11.0,12.0,-1.0,0
2017,14,ericsson,5,27,21:07:36,50.617,50.617,12.0,14.0,-2.0,0
2017,14,ricciardo,5,28,21:08:22,29.118,29.118,2.0,2.0,0.0,0
2017,14,bottas,4,28,21:08:39,29.089,29.089,3.0,3.0,0.0,0
2017,14,hulkenberg,5,28,21:08:46,30.005,30.005,4.0,4.0,0.0,0
2017,14,perez,5,28,21:08:49,29.186,29.186,5.0,6.0,-1.0,0
2017,14,hamilton,4,29,21:10:11,28.466,28.466,1.0,1.0,0.0,0
2017,14,wehrlein,5,28,21:10:50,31.094,31.094,15.0,15.0,0.0,0
2017,14,jolyon_palmer,5,29,21:10:52,30.038,30.038,4.0,7.0,-3.0,0
2017,14,ericsson,6,31,21:17:01,30.067,30.067,14.0,14.0,0.0,0
2017,14,massa,6,37,21:27:05,29.671,29.671,13.0,13.0,0.0,0
2017,14,hulkenberg,6,38,21:28:16,1:08.357,68.357,4.0,10.0,-6.0,0
2017,14,ocon,6,38,21:29:07,29.134,29.134,11.0,11.0,0.0,0
2017,14,kevin_magnussen,6,38,21:29:17,29.379,29.379,12.0,12.0,0.0,0
2017,14,wehrlein,6,37,21:30:39,32.183,32.183,14.0,14.0,0.0,0
2017,15,ocon,1,2,15:06:57,24.456,24.456,7.0,19.0,-12.0,0
2017,15,hulkenberg,1,9,15:18:36,24.872,24.872,12.0,19.0,-7.0,0
2017,15,kevin_magnussen,1,10,15:20:13,23.766,23.766,10.0,17.0,-7.0,0
2017,15,massa,1,11,15:21:49,23.791,23.791,8.0,13.0,-5.0,0
2017,15,grosjean,1,11,15:22:00,24.912,24.912,15.0,19.0,-4.0,0
2017,15,stroll,1,12,15:23:27,24.109,24.109,7.0,12.0,-5.0,0
2017,15,gasly,1,12,15:23:37,25.044,25.044,13.0,18.0,-5.0,0
2017,15,vandoorne,1,13,15:25:04,24.580,24.58,6.0,10.0,-4.0,0
2017,15,jolyon_palmer,1,13,15:25:12,25.558,25.558,10.0,16.0,-6.0,0
2017,15,hamilton,1,26,15:45:40,23.489,23.489,2.0,3.0,-1.0,0
2017,15,alonso,1,26,15:46:31,25.798,25.798,7.0,15.0,-8.0,0
2017,15,max_verstappen,1,27,15:47:09,23.652,23.652,1.0,2.0,-1.0,0
2017,15,vettel,1,27,15:47:42,23.695,23.695,5.0,5.0,0.0,0
2017,15,bottas,1,28,15:49:19,23.676,23.676,4.0,6.0,-2.0,0
2017,15,ricciardo,1,29,15:50:36,24.199,24.199,1.0,3.0,-2.0,0
2017,15,perez,1,30,15:52:42,24.314,24.314,4.0,6.0,-2.0,0
2017,15,grosjean,2,33,15:58:35,24.419,24.419,17.0,17.0,0.0,0
2017,15,wehrlein,1,37,16:05:08,25.060,25.06,16.0,17.0,-1.0,0
2017,15,ericsson,1,38,16:07:14,24.719,24.719,18.0,18.0,0.0,0
2017,15,hulkenberg,2,50,16:26:10,25.714,25.714,11.0,16.0,-5.0,0
2017,16,wehrlein,1,2,14:07:36,24.424,24.424,19.0,19.0,0.0,0
2017,16,stroll,1,4,14:11:34,23.475,23.475,11.0,17.0,-6.0,0
2017,16,vandoorne,1,9,14:20:17,23.430,23.43,15.0,16.0,-1.0,0
2017,16,massa,1,17,14:33:15,22.956,22.956,8.0,14.0,-6.0,0
2017,16,kevin_magnussen,1,19,14:36:33,23.065,23.065,9.0,14.0,-5.0,0
2017,16,ocon,1,20,14:37:56,24.078,24.078,5.0,10.0,-5.0,0
2017,16,max_verstappen,1,21,14:39:13,22.620,22.62,2.0,4.0,-2.0,0
2017,16,perez,1,21,14:39:37,23.634,23.634,7.0,10.0,-3.0,0
2017,16,hamilton,1,22,14:40:43,22.724,22.724,1.0,3.0,-2.0,0
2017,16,gasly,1,22,14:41:29,23.344,23.344,9.0,14.0,-5.0,0
2017,16,grosjean,1,23,14:43:03,22.781,22.781,7.0,13.0,-6.0,0
2017,16,ricciardo,1,25,14:45:43,23.796,23.796,1.0,5.0,-4.0,0
2017,16,alonso,1,25,14:46:28,24.636,24.636,10.0,16.0,-6.0,0
2017,16,wehrlein,3,25,14:47:08,24.952,24.952,17.0,17.0,0.0,0
2017,16,raikkonen,1,28,14:50:46,23.699,23.699,4.0,6.0,-2.0,0
2017,16,bottas,1,30,14:53:46,22.876,22.876,2.0,4.0,-2.0,0
2017,16,vandoorne,2,34,15:01:19,23.399,23.399,16.0,16.0,0.0,0
2017,16,stroll,2,35,15:02:52,22.736,22.736,14.0,15.0,-1.0,0
2017,16,hulkenberg,1,38,15:07:08,23.199,23.199,6.0,11.0,-5.0,0
2017,16,jolyon_palmer,1,39,15:09:02,25.618,25.618,9.0,12.0,-3.0,0
2017,16,gasly,2,39,15:09:07,24.413,24.413,13.0,13.0,0.0,0
2017,17,wehrlein,1,3,14:09:08,31.334,31.334,19.0,19.0,0.0,0
2017,17,brendon_hartley,1,8,14:17:38,24.400,24.4,17.0,18.0,-1.0,0
2017,17,stroll,1,10,14:21:03,24.949,24.949,15.0,18.0,-3.0,0
2017,17,ricciardo,1,12,14:23:58,23.604,23.604,4.0,8.0,-4.0,0
2017,17,perez,1,12,14:24:19,24.326,24.326,11.0,15.0,-4.0,0
2017,17,ocon,1,14,14:27:34,24.502,24.502,6.0,11.0,-5.0,0
2017,17,alonso,1,14,14:27:37,23.796,23.796,7.0,12.0,-5.0,0
2017,17,vettel,1,16,14:30:37,24.300,24.3,2.0,5.0,-3.0,0
2017,17,grosjean,1,16,14:31:15,24.897,24.897,9.0,15.0,-6.0,0
2017,17,kvyat,1,17,14:32:52,24.883,24.883,8.0,13.0,-5.0,0
2017,17,bottas,1,18,14:34:03,23.459,23.459,2.0,5.0,-3.0,0
2017,17,hamilton,1,19,14:35:36,23.402,23.402,1.0,2.0,-1.0,0
2017,17,sainz,1,19,14:36:13,24.525,24.525,6.0,11.0,-5.0,0
2017,17,raikkonen,1,20,14:37:29,23.575,23.575,2.0,5.0,-3.0,0
2017,17,ericsson,1,21,14:40:02,25.841,25.841,13.0,17.0,-4.0,0
2017,17,max_verstappen,1,24,14:44:17,24.325,24.325,2.0,5.0,-3.0,0
2017,17,vandoorne,1,25,14:46:48,23.578,23.578,11.0,15.0,-4.0,0
2017,17,massa,1,29,14:53:26,23.772,23.772,6.0,12.0,-6.0,0
2017,17,brendon_hartley,2,35,15:04:07,24.229,24.229,15.0,16.0,-1.0,0
2017,17,stroll,2,36,15:05:47,24.497,24.497,14.0,15.0,-1.0,0
2017,17,max_verstappen,2,37,15:06:06,23.423,23.423,5.0,5.0,0.0,0
2017,17,vettel,2,38,15:07:41,23.620,23.62,2.0,4.0,-2.0,0
2017,17,kevin_magnussen,2,49,15:28:07,25.268,25.268,16.0,16.0,0.0,0
2017,17,bottas,2,52,15:31:05,23.254,23.254,4.0,5.0,-1.0,0
2017,18,sainz,1,2,13:06:13,22.852,22.852,5.0,19.0,-14.0,0
2017,18,massa,1,3,13:07:22,22.055,22.055,6.0,15.0,-9.0,0
2017,18,wehrlein,1,4,13:08:55,23.358,23.358,15.0,17.0,-2.0,0
2017,18,perez,1,18,13:27:58,22.903,22.903,5.0,8.0,-3.0,0
2017,18,hulkenberg,1,19,13:29:17,22.587,22.587,4.0,7.0,-3.0,0
2017,18,ocon,1,20,13:30:35,22.665,22.665,3.0,5.0,-2.0,0
2017,18,ericsson,1,28,13:42:13,22.736,22.736,8.0,15.0,-7.0,0
2017,18,kevin_magnussen,1,31,13:46:09,22.507,22.507,7.0,7.0,0.0,0
2017,18,vandoorne,1,31,13:46:25,28.044,28.044,10.0,11.0,-1.0,0
2017,18,max_verstappen,1,32,13:46:33,22.570,22.57,1.0,1.0,0.0,0
2017,18,gasly,1,31,13:46:43,22.709,22.709,13.0,13.0,0.0,0
2017,18,grosjean,1,31,13:46:45,28.761,28.761,12.0,15.0,-3.0,0
2017,18,bottas,1,32,13:46:46,21.758,21.758,2.0,2.0,0.0,0
2017,18,hamilton,2,31,13:46:57,23.315,23.315,16.0,16.0,0.0,0
2017,18,sainz,2,31,13:47:07,23.035,23.035,18.0,17.0,1.0,1
2017,18,raikkonen,1,32,13:47:13,22.540,22.54,3.0,3.0,0.0,0
2017,18,stroll,1,32,13:47:37,21.825,21.825,4.0,5.0,-1.0,0
2017,18,vettel,2,32,13:48:10,22.379,22.379,8.0,8.0,0.0,0
2017,18,alonso,1,32,13:48:13,22.655,22.655,9.0,9.0,0.0,0
2017,18,perez,2,50,14:12:39,22.528,22.528,6.0,7.0,-1.0,0
2017,18,grosjean,2,62,14:30:09,23.035,23.035,15.0,15.0,0.0,0
2017,19,bottas,4,27,14:40:23,23.064,23.064,2.0,4.0,-2.0,0
2017,19,massa,4,27,14:40:48,23.275,23.275,6.0,10.0,-4.0,0
2017,19,brendon_hartley,4,27,14:41:13,23.830,23.83,14.0,17.0,-3.0,0
2017,19,vettel,4,28,14:41:36,22.736,22.736,1.0,2.0,-1.0,0
2017,19,max_verstappen,4,28,14:41:48,23.180,23.18,4.0,6.0,-2.0,0
2017,19,alonso,4,28,14:42:03,23.342,23.342,6.0,11.0,-5.0,0
2017,19,stroll,4,28,14:42:27,22.486,22.486,13.0,16.0,-3.0,0
2017,19,raikkonen,4,29,14:42:56,23.170,23.17,2.0,4.0,-2.0,0
2017,19,hulkenberg,4,30,14:44:43,24.054,24.054,8.0,12.0,-4.0,0
2017,19,sainz,4,31,14:46:03,23.550,23.55,9.0,13.0,-4.0,0
2017,19,perez,4,35,14:50:51,23.275,23.275,7.0,9.0,-2.0,0
2017,19,hamilton,4,43,15:00:16,23.121,23.121,1.0,5.0,-4.0,0
2017,19,ricciardo,4,43,15:00:36,23.484,23.484,6.0,7.0,-1.0,0
2017,19,gasly,4,44,15:02:35,23.748,23.748,12.0,14.0,-2.0,0
2017,19,ericsson,4,44,15:02:43,24.164,24.164,14.0,16.0,-2.0,0
2017,19,grosjean,4,48,15:08:02,34.438,34.438,15.0,16.0,-1.0,0
2017,19,max_verstappen,5,62,15:23:42,22.644,22.644,5.0,5.0,0.0,0
2017,19,stroll,5,67,15:32:18,24.756,24.756,14.0,16.0,-2.0,0
2017,20,stroll,1,11,17:23:10,21.613,21.613,13.0,19.0,-6.0,0
2017,20,vandoorne,1,12,17:24:58,22.125,22.125,15.0,20.0,-5.0,0
2017,20,max_verstappen,1,14,17:27:48,21.269,21.269,6.0,8.0,-2.0,0
2017,20,raikkonen,1,15,17:29:30,21.609,21.609,5.0,6.0,-1.0,0
2017,20,perez,1,16,17:31:34,21.869,21.869,7.0,13.0,-6.0,0
2017,20,hulkenberg,1,17,17:33:10,29.724,29.724,5.0,11.0,-6.0,0
2017,20,vettel,1,20,17:37:57,21.221,21.221,3.0,3.0,0.0,0
2017,20,bottas,1,21,17:39:31,21.478,21.478,1.0,2.0,-1.0,0
2017,20,alonso,1,21,17:40:31,22.541,22.541,9.0,11.0,-2.0,0
2017,20,massa,1,22,17:42:15,21.449,21.449,7.0,12.0,-5.0,0
2017,20,kevin_magnussen,1,22,17:42:42,21.875,21.875,14.0,19.0,-5.0,0
2017,20,hamilton,1,24,17:44:41,21.274,21.274,1.0,2.0,-1.0,0
2017,20,brendon_hartley,1,26,17:49:52,21.598,21.598,14.0,19.0,-5.0,0
2017,20,wehrlein,1,28,17:53:13,22.959,22.959,13.0,17.0,-4.0,0
2017,20,stroll,2,29,17:55:13,21.543,21.543,16.0,18.0,-2.0,0
2017,20,gasly,1,30,17:56:53,21.519,21.519,13.0,16.0,-3.0,0
2017,20,ericsson,1,30,17:56:57,22.176,22.176,14.0,18.0,-4.0,0
2017,20,ocon,1,31,17:57:47,21.865,21.865,6.0,8.0,-2.0,0
2017,20,grosjean,1,32,17:59:52,21.850,21.85,10.0,11.0,-1.0,0
2017,20,stroll,3,35,18:06:11,21.908,21.908,18.0,18.0,0.0,0
2018,1,raikkonen,1,18,16:40:07,21.421,21.421,2.0,3.0,-1.0,0
2018,1,hamilton,1,19,16:41:30,21.821,21.821,1.0,2.0,-1.0,0
2018,1,leclerc,1,20,16:44:03,22.242,22.242,16.0,16.0,0.0,0
2018,1,max_verstappen,1,21,16:45:06,20.953,20.953,8.0,11.0,-3.0,0
2018,1,sainz,1,22,16:46:46,23.868,23.868,8.0,12.0,-4.0,0
2018,1,brendon_hartley,2,22,16:47:37,22.296,22.296,16.0,16.0,0.0,0
2018,1,ocon,1,23,16:48:25,21.854,21.854,12.0,12.0,0.0,0
2018,1,hulkenberg,1,24,16:49:35,22.628,22.628,6.0,7.0,-1.0,0
2018,1,perez,1,24,16:49:51,22.327,22.327,9.0,11.0,-2.0,0
2018,1,vandoorne,1,25,16:51:17,22.474,22.474,6.0,8.0,-2.0,0
2018,1,bottas,1,25,16:51:21,21.664,21.664,8.0,9.0,-1.0,0
2018,1,stroll,1,25,16:51:46,25.504,25.504,11.0,13.0,-2.0,0
2018,1,vettel,1,26,16:52:19,21.787,21.787,1.0,1.0,0.0,0
2018,1,ricciardo,1,26,16:52:59,21.440,21.44,4.0,4.0,0.0,0
2018,1,alonso,1,26,16:53:09,22.573,22.573,5.0,6.0,-1.0,0
2018,1,leclerc,2,27,16:56:25,22.836,22.836,14.0,14.0,0.0,0
2018,1,stroll,2,29,16:59:57,21.397,21.397,13.0,13.0,0.0,0
2018,2,leclerc,1,3,18:19:24,25.563,25.563,15.0,18.0,-3.0,0
2018,2,perez,1,9,18:29:30,24.992,24.992,15.0,16.0,-1.0,0
2018,2,vandoorne,1,10,18:31:05,25.081,25.081,13.0,17.0,-4.0,0
2018,2,stroll,1,10,18:31:12,33.612,33.612,16.0,18.0,-2.0,0
2018,2,kevin_magnussen,1,13,18:35:49,25.106,25.106,6.0,13.0,-7.0,0
2018,2,alonso,1,14,18:37:30,24.993,24.993,8.0,13.0,-5.0,0
2018,2,gasly,1,15,18:38:59,24.835,24.835,5.0,8.0,-3.0,0
2018,2,hulkenberg,1,15,18:39:05,24.454,24.454,6.0,10.0,-4.0,0
2018,2,ocon,1,15,18:39:12,24.719,24.719,8.0,15.0,-7.0,0
2018,2,sainz,1,16,18:40:52,25.768,25.768,8.0,17.0,-9.0,0
2018,2,vettel,1,18,18:43:25,24.524,24.524,1.0,3.0,-2.0,0
2018,2,grosjean,1,18,18:44:11,25.011,25.011,7.0,17.0,-10.0,0
2018,2,raikkonen,1,19,18:45:09,25.018,25.018,3.0,4.0,-1.0,0
2018,2,bottas,1,20,18:46:40,26.105,26.105,1.0,3.0,-2.0,0
2018,2,brendon_hartley,1,20,18:47:23,36.646,36.646,5.0,17.0,-12.0,0
2018,2,sirotkin,1,22,18:51:05,24.672,24.672,15.0,18.0,-3.0,0
2018,2,ericsson,1,23,18:52:22,25.194,25.194,6.0,15.0,-9.0,0
2018,2,hamilton,1,26,18:56:29,24.302,24.302,1.0,4.0,-3.0,0
2018,2,sainz,2,26,18:57:29,25.307,25.307,13.0,16.0,-3.0,0
2018,2,kevin_magnussen,2,27,18:58:45,24.629,24.629,6.0,10.0,-4.0,0
2018,2,vandoorne,2,28,19:00:38,25.131,25.131,9.0,15.0,-6.0,0
2018,2,grosjean,2,30,19:03:55,25.527,25.527,9.0,15.0,-6.0,0
2018,2,stroll,2,30,19:04:24,24.638,24.638,17.0,18.0,-1.0,0
2018,2,perez,2,32,19:07:17,24.677,24.677,11.0,16.0,-5.0,0
2018,2,gasly,2,34,19:09:50,24.957,24.957,5.0,6.0,-1.0,0
2018,2,leclerc,2,34,19:10:46,25.139,25.139,15.0,16.0,-1.0,0
2018,2,ocon,2,35,19:12:01,24.596,24.596,9.0,13.0,-4.0,0
2018,2,hulkenberg,2,39,19:18:06,24.382,24.382,4.0,7.0,-3.0,0
2018,2,alonso,2,39,19:18:09,24.581,24.581,5.0,8.0,-3.0,0
2018,2,sirotkin,2,40,19:20:39,25.693,25.693,15.0,17.0,-2.0,0
2018,2,brendon_hartley,2,42,19:23:28,24.953,24.953,10.0,14.0,-4.0,0
2018,2,grosjean,3,45,19:28:25,26.263,26.263,10.0,15.0,-5.0,0
2018,3,brendon_hartley,1,10,14:30:52,23.172,23.172,19.0,20.0,-1.0,0
2018,3,ocon,1,11,14:32:18,23.281,23.281,12.0,18.0,-6.0,0
2018,3,sainz,1,12,14:33:53,23.935,23.935,8.0,16.0,-8.0,0
2018,3,perez,1,12,14:34:05,22.856,22.856,14.0,19.0,-5.0,0
2018,3,hulkenberg,1,13,14:35:30,23.654,23.654,7.0,13.0,-6.0,0
2018,3,grosjean,1,16,14:40:41,22.981,22.981,8.0,16.0,-8.0,0
2018,3,max_verstappen,1,17,14:41:50,22.715,22.715,3.0,4.0,-1.0,0
2018,3,ricciardo,1,17,14:41:56,23.042,23.042,6.0,6.0,0.0,0
2018,3,hamilton,1,18,14:43:33,22.464,22.464,5.0,5.0,0.0,0
2018,3,bottas,1,19,14:45:02,22.097,22.097,2.0,2.0,0.0,0
2018,3,vettel,1,20,14:46:38,23.009,23.009,1.0,3.0,-2.0,0
2018,3,gasly,1,20,14:47:48,23.950,23.95,18.0,19.0,-1.0,0
2018,3,leclerc,1,21,14:49:28,23.392,23.392,16.0,20.0,-4.0,0
2018,3,vandoorne,1,22,14:50:55,23.730,23.73,11.0,16.0,-5.0,0
2018,3,stroll,1,23,14:52:34,22.661,22.661,10.0,17.0,-7.0,0
2018,3,kevin_magnussen,1,24,14:53:57,22.973,22.973,7.0,10.0,-3.0,0
2018,3,raikkonen,1,27,14:58:28,22.913,22.913,1.0,6.0,-5.0,0
2018,3,sirotkin,1,28,15:01:08,23.716,23.716,14.0,17.0,-3.0,0
2018,3,alonso,1,29,15:02:24,24.110,24.11,7.0,13.0,-6.0,0
2018,3,ericsson,1,29,15:03:02,22.785,22.785,17.0,19.0,-2.0,0
2018,3,max_verstappen,2,31,15:05:06,22.596,22.596,3.0,4.0,-1.0,0
2018,3,brendon_hartley,2,30,15:05:08,24.070,24.07,19.0,20.0,-1.0,0
2018,3,ricciardo,2,31,15:05:15,22.691,22.691,5.0,6.0,-1.0,0
2018,3,hulkenberg,2,31,15:06:04,23.297,23.297,7.0,8.0,-1.0,0
2018,3,sainz,2,31,15:06:18,23.117,23.117,8.0,11.0,-3.0,0
2018,3,ocon,2,31,15:06:24,22.637,22.637,10.0,13.0,-3.0,0
2018,3,gasly,2,31,15:07:01,34.650,34.65,16.0,17.0,-1.0,0
2018,3,perez,2,32,15:08:44,22.334,22.334,12.0,15.0,-3.0,0
2018,3,sirotkin,2,33,15:11:07,22.723,22.723,16.0,17.0,-1.0,0
2018,3,grosjean,2,46,15:33:38,23.735,23.735,12.0,19.0,-7.0,0
2018,4,perez,1,2,16:19:26,28.109,28.109,9.0,15.0,-6.0,0
2018,4,grosjean,1,2,16:19:32,21.725,21.725,14.0,14.0,0.0,0
2018,4,gasly,1,12,16:40:48,20.782,20.782,13.0,17.0,-4.0,0
2018,4,sainz,1,15,16:46:02,21.516,21.516,4.0,12.0,-8.0,0
2018,4,vandoorne,1,17,16:49:58,21.103,21.103,12.0,15.0,-3.0,0
2018,4,ericsson,2,18,16:52:18,25.378,25.378,14.0,17.0,-3.0,0
2018,4,hamilton,1,22,16:58:07,20.377,20.377,2.0,3.0,-1.0,0
2018,4,brendon_hartley,2,22,16:59:24,20.809,20.809,13.0,16.0,-3.0,0
2018,4,stroll,1,23,17:00:38,19.737,19.737,9.0,12.0,-3.0,0
2018,4,leclerc,1,24,17:02:20,21.058,21.058,7.0,10.0,-3.0,0
2018,4,vandoorne,2,25,17:05:01,20.887,20.887,14.0,16.0,-2.0,0
2018,4,vettel,1,30,17:12:13,20.037,20.037,1.0,2.0,-1.0,0
2018,4,ricciardo,1,37,17:25:09,19.925,19.925,4.0,5.0,-1.0,0
2018,4,ericsson,3,36,17:25:51,32.629,32.629,17.0,17.0,0.0,0
2018,4,bottas,1,40,17:30:08,20.192,20.192,1.0,1.0,0.0,0
2018,4,vettel,2,40,17:30:26,20.823,20.823,2.0,2.0,0.0,0
2018,4,kevin_magnussen,2,39,17:30:36,21.778,21.778,13.0,11.0,2.0,1
2018,4,hamilton,2,40,17:30:37,21.329,21.329,3.0,3.0,0.0,0
2018,4,gasly,2,39,17:30:54,21.287,21.287,14.0,12.0,2.0,1
2018,4,brendon_hartley,3,39,17:31:04,21.072,21.072,15.0,13.0,2.0,1
2018,4,raikkonen,2,40,17:31:21,21.149,21.149,6.0,4.0,2.0,1
2018,4,vandoorne,3,39,17:31:27,20.760,20.76,16.0,14.0,2.0,1
2018,4,perez,2,40,17:31:34,26.174,26.174,7.0,5.0,2.0,1
2018,4,grosjean,2,40,17:31:39,22.757,22.757,8.0,6.0,2.0,1
2018,4,sainz,2,40,17:31:48,20.967,20.967,9.0,7.0,2.0,1
2018,4,leclerc,2,40,17:32:00,22.030,22.03,10.0,8.0,2.0,1
2018,4,stroll,2,40,17:32:03,21.236,21.236,11.0,9.0,2.0,1
2018,4,alonso,2,40,17:32:15,21.371,21.371,12.0,10.0,2.0,1
2018,4,ericsson,4,39,17:32:40,14.998,14.998,17.0,15.0,2.0,1
2018,4,vandoorne,4,46,17:47:50,20.978,20.978,13.0,10.0,3.0,1
2018,5,vettel,1,17,15:41:29,22.054,22.054,2.0,7.0,-5.0,0
2018,5,bottas,1,19,15:44:12,23.213,23.213,2.0,6.0,-4.0,0
2018,5,leclerc,1,20,15:46:09,21.995,21.995,9.0,15.0,-6.0,0
2018,5,stroll,1,20,15:46:18,21.351,21.351,12.0,17.0,-5.0,0
2018,5,alonso,1,21,15:47:34,21.721,21.721,9.0,16.0,-7.0,0
2018,5,sirotkin,2,24,15:52:02,22.034,22.034,13.0,16.0,-3.0,0
2018,5,hamilton,1,25,15:52:11,22.085,22.085,1.0,2.0,-1.0,0
2018,5,sainz,1,25,15:53:03,22.409,22.409,8.0,10.0,-2.0,0
2018,5,perez,1,26,15:54:45,22.438,22.438,9.0,15.0,-6.0,0
2018,5,ocon,1,29,15:58:45,47.910,47.91,7.0,16.0,-9.0,0
2018,5,kevin_magnussen,1,32,16:02:35,22.917,22.917,6.0,6.0,0.0,0
2018,5,ricciardo,1,33,16:03:28,21.618,21.618,3.0,5.0,-2.0,0
2018,5,brendon_hartley,2,33,16:04:40,22.472,22.472,12.0,14.0,-2.0,0
2018,5,max_verstappen,1,34,16:04:41,21.740,21.74,1.0,4.0,-3.0,0
2018,5,vandoorne,1,34,16:05:53,27.416,27.416,7.0,13.0,-6.0,0
2018,5,ericsson,1,35,16:07:20,22.100,22.1,7.0,12.0,-5.0,0
2018,5,vettel,2,41,16:14:52,24.273,24.273,2.0,4.0,-2.0,0
2018,5,perez,2,40,16:14:56,22.242,22.242,10.0,11.0,-1.0,0
2018,5,sirotkin,3,41,16:17:36,23.865,23.865,15.0,15.0,0.0,0
2018,6,sirotkin,1,7,15:22:13,31.810,31.81,12.0,19.0,-7.0,0
2018,6,stroll,1,9,15:25:39,33.887,33.887,16.0,20.0,-4.0,0
2018,6,hamilton,1,12,15:28:19,23.739,23.739,3.0,5.0,-2.0,0
2018,6,brendon_hartley,1,13,15:30:14,24.326,24.326,15.0,16.0,-1.0,0
2018,6,leclerc,1,14,15:31:32,23.870,23.87,13.0,17.0,-4.0,0
2018,6,grosjean,1,15,15:33:04,24.741,24.741,16.0,19.0,-3.0,0
2018,6,vettel,1,16,15:33:21,23.964,23.964,2.0,2.0,0.0,0
2018,6,sainz,1,16,15:34:04,24.874,24.874,8.0,13.0,-5.0,0
2018,6,ricciardo,1,17,15:34:32,24.542,24.542,1.0,1.0,0.0,0
2018,6,raikkonen,1,17,15:34:47,24.263,24.263,2.0,4.0,-2.0,0
2018,6,bottas,1,17,15:35:01,24.020,24.02,4.0,6.0,-2.0,0
2018,6,ericsson,1,17,15:35:35,24.291,24.291,13.0,16.0,-3.0,0
2018,6,kevin_magnussen,1,17,15:35:35,24.237,24.237,14.0,17.0,-3.0,0
2018,6,alonso,1,19,15:37:54,24.241,24.241,6.0,9.0,-3.0,0
2018,6,sirotkin,2,19,15:38:41,25.170,25.17,18.0,19.0,-1.0,0
2018,6,vandoorne,1,20,15:39:35,26.817,26.817,11.0,17.0,-6.0,0
2018,6,perez,1,21,15:40:40,29.379,29.379,7.0,15.0,-8.0,0
2018,6,ocon,1,23,15:43:06,24.663,24.663,5.0,8.0,-3.0,0
2018,6,stroll,2,34,15:59:55,31.104,31.104,20.0,20.0,0.0,0
2018,6,gasly,1,37,16:01:40,24.296,24.296,6.0,10.0,-4.0,0
2018,6,max_verstappen,1,47,16:15:05,24.111,24.111,9.0,11.0,-2.0,0
2018,6,sirotkin,3,49,16:18:49,25.563,25.563,19.0,19.0,0.0,0
2018,6,hulkenberg,1,50,16:18:53,25.213,25.213,6.0,10.0,-4.0,0
2018,6,stroll,3,59,16:33:18,24.852,24.852,19.0,19.0,0.0,0
2018,6,grosjean,2,68,16:43:24,24.568,24.568,17.0,17.0,0.0,0
2018,6,vandoorne,2,72,16:48:42,25.438,25.438,14.0,14.0,0.0,0
2018,7,perez,1,9,14:27:34,24.086,24.086,14.0,18.0,-4.0,0
2018,7,ocon,1,11,14:29:59,25.353,25.353,7.0,14.0,-7.0,0
2018,7,hulkenberg,1,13,14:32:32,24.521,24.521,7.0,12.0,-5.0,0
2018,7,sainz,1,14,14:33:51,24.416,24.416,7.0,13.0,-6.0,0
2018,7,max_verstappen,1,16,14:36:13,23.137,23.137,3.0,4.0,-1.0,0
2018,7,hamilton,1,16,14:36:16,23.335,23.335,4.0,6.0,-2.0,0
2018,7,ricciardo,1,17,14:37:31,23.279,23.279,3.0,5.0,-2.0,0
2018,7,alonso,1,18,14:39:10,23.099,23.099,8.0,13.0,-5.0,0
2018,7,leclerc,1,19,14:40:26,23.666,23.666,7.0,14.0,-7.0,0
2018,7,kevin_magnussen,1,22,14:44:21,24.008,24.008,8.0,15.0,-7.0,0
2018,7,gasly,1,23,14:45:36,24.107,24.107,7.0,13.0,-6.0,0
2018,7,sirotkin,1,26,14:49:55,23.531,23.531,16.0,18.0,-2.0,0
2018,7,raikkonen,1,32,14:56:30,23.645,23.645,3.0,6.0,-3.0,0
2018,7,bottas,1,36,15:01:20,23.775,23.775,2.0,2.0,0.0,0
2018,7,vettel,1,37,15:02:29,23.529,23.529,1.0,1.0,0.0,0
2018,7,perez,2,44,15:12:48,23.718,23.718,13.0,14.0,-1.0,0
2018,7,grosjean,1,48,15:17:41,24.400,24.4,9.0,12.0,-3.0,0
2018,7,vandoorne,2,48,15:18:21,23.537,23.537,15.0,16.0,-1.0,0
2018,8,max_verstappen,1,25,16:57:59,24.395,24.395,2.0,4.0,-2.0,0
2018,8,sainz,1,26,17:00:15,25.423,25.423,6.0,13.0,-7.0,0
2018,8,ricciardo,1,28,17:02:52,24.309,24.309,2.0,5.0,-3.0,0
2018,8,kevin_magnussen,1,28,17:03:31,25.419,25.419,6.0,12.0,-6.0,0
2018,8,leclerc,1,31,17:08:35,25.026,25.026,8.0,15.0,-7.0,0
2018,8,hamilton,1,33,17:10:41,24.310,24.31,1.0,1.0,0.0,0
2018,8,raikkonen,1,34,17:12:38,24.289,24.289,1.0,5.0,-4.0,0
2018,8,grosjean,1,34,17:13:30,29.996,29.996,8.0,15.0,-7.0,0
2018,8,ericsson,1,35,17:15:27,24.295,24.295,12.0,17.0,-5.0,0
2018,8,hulkenberg,1,37,17:18:16,25.016,25.016,7.0,10.0,-3.0,0
2018,8,brendon_hartley,1,38,17:20:21,24.297,24.297,11.0,17.0,-6.0,0
2018,8,bottas,2,39,17:21:22,30.666,30.666,6.0,8.0,-2.0,0
2018,8,vettel,2,40,17:22:38,31.029,31.029,5.0,5.0,0.0,0
2018,8,vandoorne,1,40,17:23:26,24.399,24.399,8.0,13.0,-5.0,0
2018,8,alonso,2,46,17:33:42,24.788,24.788,13.0,17.0,-4.0,0
2018,9,max_verstappen,1,15,15:30:26,21.214,21.214,2.0,2.0,0.0,0
2018,9,raikkonen,1,15,15:30:30,21.552,21.552,3.0,3.0,0.0,0
2018,9,ricciardo,1,15,15:30:32,21.950,21.95,4.0,4.0,0.0,0
2018,9,vettel,1,15,15:30:34,23.912,23.912,5.0,5.0,0.0,0
2018,9,grosjean,1,15,15:30:46,22.121,22.121,6.0,8.0,-2.0,0
2018,9,ocon,1,15,15:30:54,22.527,22.527,8.0,9.0,-1.0,0
2018,9,sainz,1,15,15:30:57,23.257,23.257,10.0,10.0,0.0,0
2018,9,stroll,1,15,15:31:03,22.181,22.181,11.0,14.0,-3.0,0
2018,9,gasly,1,15,15:31:09,22.011,22.011,12.0,15.0,-3.0,0
2018,9,leclerc,1,15,15:31:12,21.364,21.364,14.0,16.0,-2.0,0
2018,9,alonso,1,15,15:31:16,21.588,21.588,17.0,17.0,0.0,0
2018,9,sirotkin,1,24,15:41:54,23.048,23.048,11.0,17.0,-6.0,0
2018,9,hamilton,1,25,15:42:08,21.245,21.245,1.0,4.0,-3.0,0
2018,9,perez,1,27,15:45:05,22.863,22.863,7.0,11.0,-4.0,0
2018,9,kevin_magnussen,1,28,15:46:11,22.138,22.138,6.0,9.0,-3.0,0
2018,9,sainz,2,34,15:53:34,26.335,26.335,9.0,17.0,-8.0,0
2018,9,ricciardo,2,38,15:57:21,21.259,21.259,2.0,5.0,-3.0,0
2018,9,vandoorne,2,40,16:01:56,22.526,22.526,18.0,18.0,0.0,0
2018,9,ericsson,1,45,16:06:18,21.519,21.519,10.0,14.0,-4.0,0
2018,9,hamilton,2,52,16:13:20,20.980,20.98,4.0,4.0,0.0,0
2018,9,sirotkin,2,60,16:24:25,24.884,24.884,15.0,15.0,0.0,0
2018,9,stroll,2,65,16:30:07,22.299,22.299,13.0,13.0,0.0,0
2018,10,raikkonen,1,13,14:33:39,38.573,38.573,4.0,9.0,-5.0,0
2018,10,alonso,1,13,14:34:09,28.669,28.669,12.0,16.0,-4.0,0
2018,10,perez,1,13,14:34:17,28.651,28.651,17.0,19.0,-2.0,0
2018,10,max_verstappen,1,17,14:39:53,28.458,28.458,3.0,4.0,-1.0,0
2018,10,sainz,1,17,14:40:28,29.074,29.074,10.0,15.0,-5.0,0
2018,10,ricciardo,1,18,14:41:31,28.194,28.194,4.0,5.0,-1.0,0
2018,10,ocon,1,19,14:43:35,29.410,29.41,9.0,12.0,-3.0,0
2018,10,vettel,1,20,14:44:24,28.677,28.677,1.0,1.0,0.0,0
2018,10,hulkenberg,1,20,14:45:06,28.719,28.719,7.0,10.0,-3.0,0
2018,10,gasly,1,20,14:45:19,28.676,28.676,10.0,14.0,-4.0,0
2018,10,bottas,1,21,14:46:03,27.894,27.894,2.0,2.0,0.0,0
2018,10,vandoorne,1,21,14:47:02,28.284,28.284,12.0,16.0,-4.0,0
2018,10,sirotkin,1,21,14:47:19,28.224,28.224,17.0,18.0,-1.0,0
2018,10,ericsson,1,24,14:51:45,28.207,28.207,9.0,15.0,-6.0,0
2018,10,hamilton,1,25,14:52:37,28.982,28.982,3.0,6.0,-3.0,0
2018,10,kevin_magnussen,1,25,14:53:08,28.450,28.45,7.0,10.0,-3.0,0
2018,10,grosjean,1,26,14:54:52,29.254,29.254,8.0,15.0,-7.0,0
2018,10,ricciardo,2,30,15:00:29,28.001,28.001,4.0,6.0,-2.0,0
2018,10,stroll,1,30,15:01:51,27.774,27.774,17.0,17.0,0.0,0
2018,10,alonso,2,32,15:04:42,28.085,28.085,9.0,10.0,-1.0,0
2018,10,sainz,2,32,15:04:46,28.078,28.078,11.0,12.0,-1.0,0
2018,10,gasly,2,32,15:04:49,29.766,29.766,12.0,13.0,-1.0,0
2018,10,perez,2,32,15:04:53,28.836,28.836,13.0,14.0,-1.0,0
2018,10,vettel,2,33,15:05:15,28.174,28.174,1.0,2.0,-1.0,0
2018,10,raikkonen,2,33,15:05:39,28.985,28.985,4.0,5.0,-1.0,0
2018,10,vandoorne,2,33,15:07:14,28.658,28.658,15.0,15.0,0.0,0
2018,11,raikkonen,1,14,15:31:29,19.647,19.647,3.0,4.0,-1.0,0
2018,11,hulkenberg,1,18,15:37:14,19.584,19.584,7.0,15.0,-8.0,0
2018,11,kevin_magnussen,1,20,15:39:50,19.818,19.818,6.0,9.0,-3.0,0
2018,11,sainz,1,20,15:40:01,20.160,20.16,9.0,16.0,-7.0,0
2018,11,leclerc,1,20,15:40:04,19.267,19.267,11.0,19.0,-8.0,0
2018,11,grosjean,1,21,15:41:19,20.198,20.198,8.0,13.0,-5.0,0
2018,11,perez,1,22,15:42:34,25.130,25.13,6.0,13.0,-7.0,0
2018,11,vettel,1,25,15:45:48,18.657,18.657,1.0,4.0,-3.0,0
2018,11,ocon,1,25,15:46:55,19.570,19.57,11.0,20.0,-9.0,0
2018,11,stroll,1,27,15:49:46,19.476,19.476,17.0,18.0,-1.0,0
2018,11,bottas,1,28,15:49:51,19.188,19.188,1.0,4.0,-3.0,0
2018,11,brendon_hartley,1,28,15:51:05,19.309,19.309,16.0,16.0,0.0,0
2018,11,sirotkin,1,28,15:51:05,24.173,24.173,15.0,18.0,-3.0,0
2018,11,max_verstappen,1,29,15:51:16,19.742,19.742,2.0,5.0,-3.0,0
2018,11,vandoorne,1,29,15:52:30,19.778,19.778,17.0,19.0,-2.0,0
2018,11,alonso,1,31,15:54:51,18.956,18.956,7.0,15.0,-8.0,0
2018,11,ericsson,1,38,16:04:17,18.840,18.84,12.0,15.0,-3.0,0
2018,11,hamilton,1,42,16:08:17,18.978,18.978,3.0,5.0,-2.0,0
2018,11,leclerc,2,43,16:10:51,21.200,21.2,11.0,16.0,-5.0,0
2018,11,alonso,2,43,16:11:06,21.119,21.119,13.0,17.0,-4.0,0
2018,11,gasly,1,43,16:11:12,19.806,19.806,15.0,18.0,-3.0,0
2018,11,leclerc,3,46,16:15:36,20.653,20.653,16.0,17.0,-1.0,0
2018,11,gasly,2,46,16:16:19,19.512,19.512,18.0,19.0,-1.0,0
2018,11,max_verstappen,3,48,16:16:46,19.087,19.087,5.0,5.0,0.0,0
2018,11,alonso,3,47,16:17:17,20.927,20.927,17.0,18.0,-1.0,0
2018,11,sainz,2,50,16:20:42,19.637,19.637,10.0,10.0,0.0,0
2018,11,stroll,2,50,16:21:14,19.526,19.526,13.0,13.0,0.0,0
2018,11,hulkenberg,2,51,16:21:56,20.752,20.752,6.0,5.0,1.0,1
2018,11,bottas,2,52,16:22:05,33.279,33.279,2.0,2.0,0.0,0
2018,11,grosjean,2,51,16:22:13,22.738,22.738,7.0,9.0,-2.0,0
2018,11,kevin_magnussen,2,51,16:22:14,34.742,34.742,8.0,11.0,-3.0,0
2018,11,raikkonen,2,53,16:24:19,19.988,19.988,2.0,3.0,-1.0,0
2018,11,brendon_hartley,2,52,16:25:00,19.985,19.985,13.0,12.0,1.0,1
2018,11,vandoorne,2,52,16:25:50,19.621,19.621,16.0,13.0,3.0,1
2018,11,hulkenberg,3,55,16:29:16,20.812,20.812,5.0,5.0,0.0,0
2018,11,grosjean,3,55,16:29:57,19.752,19.752,10.0,10.0,0.0,0
2018,11,kevin_magnussen,3,55,16:29:59,27.736,27.736,11.0,12.0,-1.0,0
2018,11,sainz,3,56,16:31:24,20.530,20.53,8.0,11.0,-3.0,0
2018,12,ericsson,1,6,15:22:06,22.640,22.64,18.0,18.0,0.0,0
2018,12,raikkonen,1,14,15:32:53,24.471,24.471,4.0,6.0,-2.0,0
2018,12,bottas,1,15,15:34:11,21.337,21.337,2.0,4.0,-2.0,0
2018,12,perez,1,22,15:44:52,22.561,22.561,15.0,18.0,-3.0,0
2018,12,hulkenberg,1,23,15:46:04,21.966,21.966,10.0,14.0,-4.0,0
2018,12,brendon_hartley,1,24,15:47:26,21.831,21.831,9.0,13.0,-4.0,0
2018,12,hamilton,1,25,15:47:53,21.480,21.48,1.0,2.0,-1.0,0
2018,12,sainz,1,25,15:48:47,21.914,21.914,8.0,12.0,-4.0,0
2018,12,grosjean,1,29,15:54:26,21.733,21.733,8.0,12.0,-4.0,0
2018,12,kevin_magnussen,1,31,15:57:05,25.126,25.126,7.0,9.0,-2.0,0
2018,12,sirotkin,1,31,15:57:50,21.509,21.509,15.0,18.0,-3.0,0
2018,12,gasly,1,32,15:58:19,21.684,21.684,6.0,6.0,0.0,0
2018,12,raikkonen,2,38,16:06:22,21.829,21.829,4.0,5.0,-1.0,0
2018,12,vettel,1,39,16:07:21,23.111,23.111,1.0,3.0,-2.0,0
2018,12,alonso,1,39,16:08:27,21.795,21.795,7.0,8.0,-1.0,0
2018,12,ocon,1,39,16:08:53,22.258,22.258,10.0,15.0,-5.0,0
2018,12,vandoorne,1,40,16:09:54,21.732,21.732,8.0,9.0,-1.0,0
2018,12,ricciardo,1,44,16:14:45,21.364,21.364,4.0,5.0,-1.0,0
2018,12,stroll,1,47,16:20:54,21.291,21.291,16.0,18.0,-2.0,0
2018,12,hulkenberg,2,50,16:24:45,22.650,22.65,13.0,14.0,-1.0,0
2018,13,hamilton,2,21,15:55:48,22.375,22.375,2.0,2.0,0.0,0
2018,13,vettel,2,22,15:57:33,22.253,22.253,1.0,1.0,0.0,0
2018,13,sainz,2,22,15:58:45,23.857,23.857,13.0,14.0,-1.0,0
2018,13,grosjean,2,23,16:00:10,23.248,23.248,6.0,9.0,-3.0,0
2018,13,stroll,2,23,16:00:34,22.901,22.901,12.0,15.0,-3.0,0
2018,13,ocon,2,24,16:01:54,23.225,23.225,5.0,6.0,-1.0,0
2018,13,sirotkin,2,24,16:02:22,22.339,22.339,11.0,12.0,-1.0,0
2018,13,perez,2,25,16:03:39,23.157,23.157,4.0,5.0,-1.0,0
2018,13,gasly,2,25,16:04:03,22.953,22.953,8.0,9.0,-1.0,0
2018,13,max_verstappen,2,26,16:05:08,22.341,22.341,3.0,3.0,0.0,0
2018,13,kevin_magnussen,2,26,16:05:49,24.304,24.304,6.0,8.0,-2.0,0
2018,13,ericsson,2,26,16:05:55,22.558,22.558,8.0,11.0,-3.0,0
2018,13,vandoorne,3,28,16:10:09,23.389,23.389,15.0,15.0,0.0,0
2018,13,bottas,3,29,16:11:03,22.399,22.399,4.0,6.0,-2.0,0
2018,13,brendon_hartley,2,31,16:15:29,29.316,29.316,11.0,14.0,-3.0,0
2018,14,kevin_magnussen,1,4,15:21:22,38.563,38.563,12.0,19.0,-7.0,0
2018,14,raikkonen,1,20,15:43:45,23.862,23.862,1.0,4.0,-3.0,0
2018,14,grosjean,1,23,15:48:27,24.779,24.779,5.0,11.0,-6.0,0
2018,14,vandoorne,1,24,15:50:24,24.094,24.094,16.0,16.0,0.0,0
2018,14,max_verstappen,1,26,15:52:26,24.003,24.003,2.0,6.0,-4.0,0
2018,14,hamilton,1,28,15:55:00,23.728,23.728,1.0,3.0,-2.0,0
2018,14,vettel,2,29,15:56:58,24.301,24.301,4.0,9.0,-5.0,0
2018,14,gasly,1,34,16:04:44,27.792,27.792,13.0,16.0,-3.0,0
2018,14,leclerc,1,34,16:04:46,24.084,24.084,14.0,14.0,0.0,0
2018,14,stroll,1,35,16:05:54,26.440,26.44,9.0,13.0,-4.0,0
2018,14,bottas,1,36,16:06:30,23.763,23.763,1.0,4.0,-3.0,0
2018,14,sirotkin,1,37,16:08:49,25.245,25.245,10.0,13.0,-3.0,0
2018,14,ocon,1,38,16:09:51,24.827,24.827,5.0,7.0,-2.0,0
2018,14,perez,1,39,16:11:20,25.655,25.655,6.0,8.0,-2.0,0
2018,14,sainz,1,39,16:11:32,25.774,25.774,8.0,9.0,-1.0,0
2018,14,hulkenberg,2,41,16:14:52,24.456,24.456,10.0,15.0,-5.0,0
2018,14,ericsson,2,42,16:16:25,25.575,25.575,13.0,16.0,-3.0,0
2018,15,sirotkin,1,3,20:21:50,30.477,30.477,17.0,19.0,-2.0,0
2018,15,vettel,1,14,20:42:01,28.722,28.722,2.0,7.0,-5.0,0
2018,15,brendon_hartley,1,14,20:42:40,29.912,29.912,16.0,19.0,-3.0,0
2018,15,hamilton,1,15,20:43:42,28.946,28.946,1.0,4.0,-3.0,0
2018,15,hulkenberg,1,15,20:44:23,31.183,31.183,11.0,17.0,-6.0,0
2018,15,bottas,1,16,20:45:39,28.542,28.542,3.0,6.0,-3.0,0
2018,15,grosjean,1,16,20:46:12,29.517,29.517,8.0,18.0,-10.0,0
2018,15,max_verstappen,1,17,20:47:19,29.681,29.681,1.0,4.0,-3.0,0
2018,15,perez,1,17,20:47:51,29.978,29.978,6.0,16.0,-10.0,0
2018,15,raikkonen,1,22,20:56:20,29.513,29.513,1.0,6.0,-5.0,0
2018,15,gasly,1,26,21:04:28,28.931,28.931,9.0,18.0,-9.0,0
2018,15,kevin_magnussen,1,26,21:04:30,29.408,29.408,12.0,19.0,-7.0,0
2018,15,ricciardo,1,27,21:05:14,28.779,28.779,1.0,6.0,-5.0,0
2018,15,perez,2,33,21:17:29,30.561,30.561,14.0,19.0,-5.0,0
2018,15,brendon_hartley,2,36,21:22:59,29.464,29.464,17.0,18.0,-1.0,0
2018,15,kevin_magnussen,2,36,21:23:01,30.711,30.711,18.0,19.0,-1.0,0
2018,15,sainz,1,37,21:23:46,30.242,30.242,8.0,9.0,-1.0,0
2018,15,alonso,1,38,21:25:29,29.922,29.922,7.0,7.0,0.0,0
2018,15,leclerc,1,38,21:25:50,29.310,29.31,9.0,11.0,-2.0,0
2018,15,perez,3,39,21:28:41,24.340,24.34,17.0,19.0,-2.0,0
2018,15,stroll,1,40,21:30:02,28.767,28.767,13.0,15.0,-2.0,0
2018,15,vandoorne,1,43,21:35:11,30.234,30.234,10.0,12.0,-2.0,0
2018,15,ericsson,1,44,21:36:55,28.860,28.86,9.0,11.0,-2.0,0
2018,15,sirotkin,2,45,21:39:51,34.022,34.022,18.0,19.0,-1.0,0
2018,15,kevin_magnussen,3,48,21:44:52,29.324,29.324,16.0,18.0,-2.0,0
2018,16,alonso,1,5,14:22:23,30.348,30.348,17.0,18.0,-1.0,0
2018,16,stroll,1,7,14:25:54,29.266,29.266,15.0,18.0,-3.0,0
2018,16,grosjean,1,8,14:27:27,30.469,30.469,10.0,15.0,-5.0,0
2018,16,kevin_magnussen,1,9,14:28:59,29.904,29.904,7.0,12.0,-5.0,0
2018,16,leclerc,1,10,14:30:35,30.397,30.397,6.0,10.0,-4.0,0
2018,16,ocon,1,10,14:30:40,30.642,30.642,7.0,12.0,-5.0,0
2018,16,sirotkin,1,10,14:31:18,29.912,29.912,15.0,18.0,-3.0,0
2018,16,ericsson,1,11,14:32:34,30.051,30.051,11.0,14.0,-3.0,0
2018,16,vandoorne,1,11,14:32:55,29.636,29.636,14.0,17.0,-3.0,0
2018,16,bottas,1,12,14:33:30,29.794,29.794,1.0,4.0,-3.0,0
2018,16,perez,1,12,14:34:04,29.924,29.924,6.0,12.0,-6.0,0
2018,16,vettel,1,13,14:35:13,29.798,29.798,2.0,4.0,-2.0,0
2018,16,hamilton,1,14,14:36:51,29.551,29.551,1.0,4.0,-3.0,0
2018,16,raikkonen,1,18,14:43:40,29.531,29.531,1.0,5.0,-4.0,0
2018,16,sainz,1,32,15:08:28,30.021,30.021,14.0,16.0,-2.0,0
2018,16,hulkenberg,1,35,15:12:47,30.625,30.625,7.0,11.0,-4.0,0
2018,16,ericsson,2,37,15:16:36,30.146,30.146,13.0,13.0,0.0,0
2018,16,ricciardo,1,39,15:18:49,37.446,37.446,6.0,6.0,0.0,0
2018,16,max_verstappen,1,43,15:24:48,29.370,29.37,1.0,5.0,-4.0,0
2018,17,kevin_magnussen,1,2,14:17:48,29.007,29.007,12.0,20.0,-8.0,0
2018,17,leclerc,1,4,14:20:44,38.891,38.891,13.0,18.0,-5.0,0
2018,17,sirotkin,1,4,14:20:51,23.660,23.66,18.0,17.0,1.0,1
2018,17,ericsson,1,5,14:23:11,23.244,23.244,18.0,19.0,-1.0,0
2018,17,stroll,1,14,14:39:30,23.657,23.657,16.0,19.0,-3.0,0
2018,17,raikkonen,1,17,14:43:53,22.781,22.781,4.0,9.0,-5.0,0
2018,17,max_verstappen,1,21,14:50:08,28.789,28.789,3.0,4.0,-1.0,0
2018,17,bottas,1,23,14:53:12,22.777,22.777,2.0,2.0,0.0,0
2018,17,ricciardo,1,23,14:53:24,22.864,22.864,3.0,4.0,-1.0,0
2018,17,vandoorne,1,23,14:54:14,23.159,23.159,18.0,19.0,-1.0,0
2018,17,hamilton,1,24,14:54:41,22.614,22.614,1.0,1.0,0.0,0
2018,17,perez,1,24,14:55:30,23.635,23.635,8.0,17.0,-9.0,0
2018,17,ocon,1,26,14:58:45,23.316,23.316,8.0,14.0,-6.0,0
2018,17,vettel,1,26,14:58:49,22.748,22.748,10.0,15.0,-5.0,0
2018,17,alonso,1,26,14:58:57,27.454,27.454,12.0,18.0,-6.0,0
2018,17,brendon_hartley,1,28,15:02:08,23.110,23.11,9.0,17.0,-8.0,0
2018,17,grosjean,1,29,15:03:29,23.692,23.692,6.0,7.0,-1.0,0
2018,17,gasly,1,29,15:03:37,23.376,23.376,7.0,13.0,-6.0,0
2018,17,hulkenberg,1,30,15:05:33,23.555,23.555,13.0,19.0,-6.0,0
2018,17,sainz,1,32,15:08:30,23.477,23.477,6.0,13.0,-7.0,0
2018,17,leclerc,2,35,15:13:39,26.672,26.672,11.0,18.0,-7.0,0
2018,17,sirotkin,2,38,15:18:43,23.647,23.647,14.0,16.0,-2.0,0
2018,17,stroll,2,39,15:20:25,29.804,29.804,15.0,17.0,-2.0,0
2018,18,stroll,2,5,13:23:02,18.610,18.61,18.0,18.0,0.0,0
2018,18,sirotkin,1,10,13:31:11,23.686,23.686,11.0,13.0,-2.0,0
2018,18,vandoorne,1,10,13:31:16,24.065,24.065,13.0,14.0,-1.0,0
2018,18,gasly,1,10,13:31:19,23.865,23.865,15.0,15.0,0.0,0
2018,18,hamilton,1,11,13:32:38,23.693,23.693,2.0,3.0,-1.0,0
2018,18,raikkonen,1,21,13:49:44,23.714,23.714,1.0,4.0,-3.0,0
2018,18,max_verstappen,1,22,13:51:28,23.446,23.446,4.0,4.0,0.0,0
2018,18,ocon,1,22,13:52:07,24.534,24.534,8.0,14.0,-6.0,0
2018,18,bottas,1,23,13:53:07,23.478,23.478,2.0,5.0,-3.0,0
2018,18,hulkenberg,1,23,13:53:40,24.681,24.681,6.0,8.0,-2.0,0
2018,18,sainz,1,24,13:55:25,29.319,29.319,7.0,9.0,-2.0,0
2018,18,perez,1,25,13:57:18,25.723,25.723,7.0,15.0,-8.0,0
2018,18,vettel,1,26,13:58:25,24.449,24.449,3.0,5.0,-2.0,0
2018,18,brendon_hartley,1,27,14:00:53,23.819,23.819,8.0,15.0,-7.0,0
2018,18,sirotkin,2,29,14:04:26,23.715,23.715,11.0,14.0,-3.0,0
2018,18,kevin_magnussen,1,30,14:05:48,23.723,23.723,6.0,9.0,-3.0,0
2018,18,ericsson,1,30,14:06:07,23.940,23.94,10.0,14.0,-4.0,0
2018,18,hamilton,2,37,14:16:27,23.915,23.915,1.0,4.0,-3.0,0
2018,18,gasly,2,36,14:16:33,24.219,24.219,13.0,15.0,-2.0,0
2018,18,stroll,3,38,14:20:52,24.296,24.296,16.0,16.0,0.0,0
2018,18,vandoorne,2,40,14:23:09,24.195,24.195,11.0,13.0,-2.0,0
2018,19,gasly,1,5,13:20:36,22.570,22.57,17.0,19.0,-2.0,0
2018,19,stroll,1,10,13:27:33,24.451,24.451,12.0,18.0,-6.0,0
2018,19,hamilton,1,11,13:28:21,22.269,22.269,2.0,4.0,-2.0,0
2018,19,bottas,1,11,13:28:30,22.105,22.105,5.0,6.0,-1.0,0
2018,19,sainz,1,11,13:28:40,22.660,22.66,7.0,11.0,-4.0,0
2018,19,sirotkin,1,11,13:29:04,22.732,22.732,15.0,19.0,-4.0,0
2018,19,ricciardo,1,12,13:29:44,22.022,22.022,2.0,5.0,-3.0,0
2018,19,hulkenberg,1,12,13:30:08,23.037,23.037,7.0,12.0,-5.0,0
2018,19,vandoorne,1,12,13:30:25,22.174,22.174,13.0,17.0,-4.0,0
2018,19,max_verstappen,1,13,13:31:00,22.175,22.175,1.0,2.0,-1.0,0
2018,19,leclerc,1,13,13:31:39,22.588,22.588,8.0,15.0,-7.0,0
2018,19,ericsson,1,16,13:36:10,31.406,31.406,9.0,19.0,-10.0,0
2018,19,vettel,1,17,13:36:37,22.658,22.658,1.0,4.0,-3.0,0
2018,19,raikkonen,1,17,13:36:57,22.017,22.017,3.0,6.0,-3.0,0
2018,19,stroll,2,23,13:46:14,23.371,23.371,17.0,19.0,-2.0,0
2018,19,brendon_hartley,2,24,13:47:35,23.553,23.553,13.0,18.0,-5.0,0
2018,19,gasly,2,26,13:50:29,23.055,23.055,15.0,19.0,-4.0,0
2018,19,perez,1,30,13:56:04,23.755,23.755,7.0,9.0,-2.0,0
2018,19,ocon,2,30,13:56:33,22.756,22.756,12.0,15.0,-3.0,0
2018,19,kevin_magnussen,1,43,14:15:14,22.390,22.39,9.0,16.0,-7.0,0
2018,19,grosjean,1,44,14:16:47,22.733,22.733,11.0,17.0,-6.0,0
2018,19,vettel,2,47,14:18:25,21.777,21.777,2.0,3.0,-1.0,0
2018,19,hamilton,2,47,14:18:42,22.399,22.399,3.0,5.0,-2.0,0
2018,19,max_verstappen,2,48,14:19:35,22.088,22.088,1.0,1.0,0.0,0
2018,19,bottas,2,48,14:20:17,23.887,23.887,5.0,6.0,-1.0,0
2018,19,grosjean,2,60,14:40:00,23.426,23.426,17.0,16.0,1.0,1
2018,19,bottas,3,62,14:40:33,22.512,22.512,6.0,5.0,1.0,1
2018,20,alonso,1,15,15:32:38,33.753,33.753,16.0,20.0,-4.0,0
2018,20,sirotkin,1,16,15:33:56,23.273,23.273,17.0,18.0,-1.0,0
2018,20,stroll,1,17,15:35:13,24.608,24.608,17.0,19.0,-2.0,0
2018,20,bottas,1,18,15:35:50,22.955,22.955,3.0,9.0,-6.0,0
2018,20,ericsson,1,18,15:36:28,23.377,23.377,15.0,20.0,-5.0,0
2018,20,hamilton,1,19,15:36:57,22.641,22.641,1.0,6.0,-5.0,0
2018,20,gasly,1,22,15:41:18,23.757,23.757,11.0,16.0,-5.0,0
2018,20,sainz,1,25,15:45:06,23.939,23.939,11.0,16.0,-5.0,0
2018,20,vettel,1,27,15:47:00,22.551,22.551,3.0,8.0,-5.0,0
2018,20,vandoorne,1,28,15:49:08,22.618,22.618,14.0,19.0,-5.0,0
2018,20,raikkonen,1,31,15:51:53,22.766,22.766,2.0,7.0,-5.0,0
2018,20,grosjean,1,32,15:53:30,23.403,23.403,8.0,10.0,-2.0,0
2018,20,max_verstappen,1,35,15:56:38,23.432,23.432,1.0,3.0,-2.0,0
2018,20,leclerc,1,35,15:57:04,23.593,23.593,4.0,8.0,-4.0,0
2018,20,ricciardo,1,39,16:01:41,23.300,23.3,1.0,6.0,-5.0,0
2018,20,perez,1,39,16:02:25,23.505,23.505,9.0,11.0,-2.0,0
2018,20,ocon,1,40,16:03:50,27.226,27.226,11.0,14.0,-3.0,0
2018,20,kevin_magnussen,1,41,16:04:39,23.115,23.115,7.0,9.0,-2.0,0
2018,20,sainz,2,48,16:14:02,23.770,23.77,13.0,13.0,0.0,0
2018,20,brendon_hartley,1,49,16:15:11,23.422,23.422,11.0,12.0,-1.0,0
2018,20,vettel,2,53,16:19:07,22.683,22.683,6.0,7.0,-1.0,0
2018,20,alonso,2,54,16:22:00,23.046,23.046,18.0,18.0,0.0,0
2018,20,ocon,2,57,16:25:23,31.198,31.198,14.0,17.0,-3.0,0
2018,20,bottas,2,59,16:26:17,22.727,22.727,4.0,5.0,-1.0,0
2018,20,stroll,2,65,16:35:55,24.283,24.283,18.0,18.0,0.0,0
2018,21,hamilton,1,7,17:29:33,21.283,21.283,1.0,5.0,-4.0,0
2018,21,leclerc,1,7,17:29:43,21.828,21.828,4.0,13.0,-9.0,0
2018,21,grosjean,1,7,17:29:48,22.354,22.354,6.0,17.0,-11.0,0
2018,21,vettel,1,15,17:44:11,22.630,22.63,2.0,5.0,-3.0,0
2018,21,bottas,1,16,17:45:52,21.600,21.6,1.0,3.0,-2.0,0
2018,21,max_verstappen,1,17,17:47:44,21.057,21.057,3.0,5.0,-2.0,0
2018,21,ocon,1,18,17:49:58,21.979,21.979,7.0,18.0,-11.0,0
2018,21,perez,1,26,18:04:04,22.112,22.112,6.0,9.0,-3.0,0
2018,21,alonso,1,27,18:06:10,21.726,21.726,10.0,17.0,-7.0,0
2018,21,gasly,1,29,18:09:35,22.493,22.493,7.0,15.0,-8.0,0
2018,21,ricciardo,1,33,18:15:29,21.061,21.061,1.0,5.0,-4.0,0
2018,21,vandoorne,1,35,18:20:34,22.317,22.317,13.0,16.0,-3.0,0
2018,21,sirotkin,1,35,18:20:39,22.755,22.755,17.0,17.0,0.0,0
2018,21,sainz,1,37,18:23:10,21.964,21.964,6.0,6.0,0.0,0
2018,21,bottas,2,40,18:27:52,21.289,21.289,5.0,5.0,0.0,0
2018,21,stroll,1,40,18:29:11,22.189,22.189,11.0,15.0,-4.0,0
2018,21,kevin_magnussen,1,41,18:30:42,21.587,21.587,9.0,12.0,-3.0,0
2019,1,raikkonen,1,12,16:31:50,23.299,23.299,9.0,14.0,-5.0,0
2019,1,hulkenberg,1,13,16:33:19,21.588,21.588,8.0,11.0,-3.0,0
2019,1,perez,1,13,16:33:28,23.234,23.234,11.0,16.0,-5.0,0
2019,1,vettel,1,14,16:34:28,21.995,21.995,3.0,5.0,-2.0,0
2019,1,kevin_magnussen,1,14,16:34:47,22.388,22.388,6.0,10.0,-4.0,0
2019,1,albon,1,14,16:34:57,21.780,21.78,9.0,15.0,-6.0,0
2019,1,hamilton,1,15,16:35:52,21.515,21.515,2.0,4.0,-2.0,0
2019,1,grosjean,1,15,16:36:19,29.981,29.981,6.0,14.0,-8.0,0
2019,1,norris,1,15,16:36:25,21.627,21.627,7.0,13.0,-6.0,0
2019,1,bottas,1,23,16:47:33,22.014,22.014,1.0,1.0,0.0,0
2019,1,max_verstappen,1,25,16:50:47,21.157,21.157,1.0,5.0,-4.0,0
2019,1,kvyat,1,26,16:52:54,22.086,22.086,7.0,11.0,-4.0,0
2019,1,russell,1,26,16:53:46,21.689,21.689,17.0,18.0,-1.0,0
2019,1,stroll,1,27,16:54:21,22.471,22.471,6.0,10.0,-4.0,0
2019,1,giovinazzi,1,27,16:54:58,27.172,27.172,14.0,16.0,-2.0,0
2019,1,leclerc,1,28,16:55:26,22.306,22.306,2.0,5.0,-3.0,0
2019,1,kubica,2,28,16:58:10,22.343,22.343,19.0,17.0,2.0,1
2019,1,gasly,1,37,17:09:14,21.269,21.269,6.0,11.0,-5.0,0
2019,1,russell,2,42,17:18:18,21.543,21.543,16.0,16.0,0.0,0
2019,1,kubica,3,44,17:22:42,21.889,21.889,17.0,17.0,0.0,0
2019,2,sainz,1,4,18:20:43,45.543,45.543,6.0,20.0,-14.0,0
2019,2,perez,1,8,18:26:49,27.136,27.136,9.0,15.0,-6.0,0
2019,2,raikkonen,1,9,18:28:25,25.647,25.647,7.0,10.0,-3.0,0
2019,2,gasly,1,9,18:28:32,27.557,27.557,12.0,17.0,-5.0,0
2019,2,albon,1,9,18:28:33,25.659,25.659,13.0,16.0,-3.0,0
2019,2,norris,1,10,18:30:09,24.175,24.175,9.0,11.0,-2.0,0
2019,2,kevin_magnussen,1,10,18:30:10,24.948,24.948,10.0,12.0,-2.0,0
2019,2,max_verstappen,1,11,18:31:32,24.199,24.199,5.0,5.0,0.0,0
2019,2,kubica,1,11,18:32:04,24.667,24.667,12.0,15.0,-3.0,0
2019,2,bottas,1,12,18:33:08,24.865,24.865,4.0,5.0,-1.0,0
2019,2,hulkenberg,1,12,18:33:19,25.498,25.498,7.0,9.0,-2.0,0
2019,2,kvyat,1,12,18:33:44,26.508,26.508,8.0,16.0,-8.0,0
2019,2,russell,1,12,18:33:46,24.633,24.633,12.0,17.0,-5.0,0
2019,2,leclerc,1,13,18:34:36,24.518,24.518,1.0,1.0,0.0,0
2019,2,hamilton,1,13,18:34:41,24.255,24.255,3.0,3.0,0.0,0
2019,2,vettel,1,14,18:36:18,24.228,24.228,2.0,3.0,-1.0,0
2019,2,giovinazzi,1,16,18:40:11,27.725,27.725,8.0,14.0,-6.0,0
2019,2,stroll,2,23,18:52:28,26.600,26.6,18.0,18.0,0.0,0
2019,2,ricciardo,1,24,18:53:09,25.676,25.676,6.0,12.0,-6.0,0
2019,2,sainz,2,24,18:54:12,25.034,25.034,18.0,19.0,-1.0,0
2019,2,albon,2,25,18:55:06,24.842,24.842,12.0,15.0,-3.0,0
2019,2,russell,2,26,18:57:17,24.912,24.912,16.0,16.0,0.0,0
2019,2,kubica,2,27,18:59:03,24.313,24.313,17.0,18.0,-1.0,0
2019,2,max_verstappen,2,32,19:05:59,26.729,26.729,5.0,5.0,0.0,0
2019,2,hulkenberg,2,32,19:06:16,25.253,25.253,6.0,9.0,-3.0,0
2019,2,raikkonen,2,33,19:08:04,25.621,25.621,8.0,11.0,-3.0,0
2019,2,perez,2,33,19:08:18,26.798,26.798,10.0,15.0,-5.0,0
2019,2,hamilton,2,34,19:08:53,24.324,24.324,3.0,4.0,-1.0,0
2019,2,norris,2,34,19:09:37,24.717,24.717,5.0,9.0,-4.0,0
2019,2,vettel,2,35,19:10:26,24.212,24.212,2.0,2.0,0.0,0
2019,2,leclerc,2,36,19:11:54,24.358,24.358,1.0,1.0,0.0,0
2019,2,bottas,2,37,19:13:58,24.433,24.433,2.0,3.0,-1.0,0
2019,2,vettel,3,38,19:15:58,34.193,34.193,2.0,8.0,-6.0,0
2019,2,kvyat,2,38,19:16:45,30.761,30.761,14.0,15.0,-1.0,0
2019,2,kevin_magnussen,2,38,19:16:47,25.982,25.982,13.0,14.0,-1.0,0
2019,2,gasly,2,39,19:17:58,24.484,24.484,6.0,11.0,-5.0,0
2019,2,giovinazzi,2,40,19:19:55,24.880,24.88,12.0,13.0,-1.0,0
2019,2,sainz,3,40,19:20:46,24.985,24.985,18.0,19.0,-1.0,0
2019,3,kvyat,1,7,14:25:49,17.257,17.257,14.0,16.0,-2.0,0
2019,3,giovinazzi,1,7,14:25:51,25.184,25.184,16.0,18.0,-2.0,0
2019,3,grosjean,1,8,14:27:26,23.261,23.261,11.0,16.0,-5.0,0
2019,3,kevin_magnussen,1,9,14:29:10,23.964,23.964,11.0,17.0,-6.0,0
2019,3,hulkenberg,1,11,14:32:24,24.107,24.107,10.0,15.0,-5.0,0
2019,3,max_verstappen,1,17,14:42:01,23.223,23.223,5.0,6.0,-1.0,0
2019,3,norris,2,17,14:43:26,33.638,33.638,20.0,19.0,1.0,1
2019,3,vettel,1,18,14:43:39,22.749,22.749,3.0,4.0,-1.0,0
2019,3,ricciardo,1,18,14:44:01,23.506,23.506,7.0,9.0,-2.0,0
2019,3,gasly,1,19,14:45:31,22.301,22.301,5.0,7.0,-2.0,0
2019,3,albon,1,19,14:46:02,23.215,23.215,11.0,14.0,-3.0,0
2019,3,perez,1,20,14:47:27,23.733,23.733,7.0,9.0,-2.0,0
2019,3,stroll,1,20,14:47:41,23.466,23.466,9.0,15.0,-6.0,0
2019,3,bottas,1,21,14:48:27,22.196,22.196,2.0,2.0,0.0,0
2019,3,hamilton,1,22,14:50:01,22.644,22.644,1.0,1.0,0.0,0
2019,3,leclerc,1,22,14:50:21,22.921,22.921,3.0,5.0,-2.0,0
2019,3,russell,1,22,14:51:29,24.332,24.332,16.0,18.0,-2.0,0
2019,3,raikkonen,1,25,14:55:54,23.888,23.888,7.0,10.0,-3.0,0
2019,3,kvyat,2,25,14:56:18,26.050,26.05,11.0,16.0,-5.0,0
2019,3,kubica,1,26,14:58:30,32.627,32.627,17.0,19.0,-2.0,0
2019,3,giovinazzi,2,30,15:04:51,25.137,25.137,14.0,15.0,-1.0,0
2019,3,kvyat,3,30,15:04:57,43.206,43.206,16.0,17.0,-1.0,0
2019,3,kevin_magnussen,2,33,15:09:45,23.383,23.383,13.0,14.0,-1.0,0
2019,3,max_verstappen,2,34,15:10:12,22.365,22.365,4.0,5.0,-1.0,0
2019,3,vettel,2,35,15:11:41,22.316,22.316,3.0,4.0,-1.0,0
2019,3,norris,3,34,15:12:20,22.524,22.524,18.0,19.0,-1.0,0
2019,3,grosjean,2,35,15:12:56,23.520,23.52,10.0,12.0,-2.0,0
2019,3,hamilton,2,36,15:13:05,23.597,23.597,1.0,1.0,0.0,0
2019,3,bottas,2,36,15:13:10,24.083,24.083,2.0,3.0,-1.0,0
2019,3,sainz,2,36,15:14:58,22.532,22.532,13.0,15.0,-2.0,0
2019,3,gasly,2,39,15:18:48,22.722,22.722,6.0,6.0,0.0,0
2019,3,leclerc,2,42,15:23:18,24.227,24.227,3.0,5.0,-2.0,0
2019,3,stroll,2,44,15:27:57,23.515,23.515,11.0,13.0,-2.0,0
2019,3,russell,2,49,15:37:27,23.965,23.965,16.0,16.0,0.0,0
2019,3,gasly,3,53,15:41:53,22.408,22.408,6.0,6.0,0.0,0
2019,4,kvyat,1,5,16:23:10,21.013,21.013,10.0,19.0,-9.0,0
2019,4,raikkonen,1,6,16:25:08,21.401,21.401,17.0,19.0,-2.0,0
2019,4,kevin_magnussen,1,7,16:26:55,20.118,20.118,12.0,17.0,-5.0,0
2019,4,giovinazzi,1,7,16:27:02,20.776,20.776,16.0,20.0,-4.0,0
2019,4,hulkenberg,1,8,16:28:49,21.325,21.325,13.0,19.0,-6.0,0
2019,4,norris,1,9,16:30:25,19.819,19.819,8.0,11.0,-3.0,0
2019,4,perez,1,10,16:32:13,20.939,20.939,6.0,9.0,-3.0,0
2019,4,stroll,1,10,16:32:27,23.099,23.099,9.0,18.0,-9.0,0
2019,4,ricciardo,1,10,16:32:28,20.884,20.884,10.0,17.0,-7.0,0
2019,4,vettel,1,11,16:33:45,19.981,19.981,3.0,5.0,-2.0,0
2019,4,bottas,1,12,16:35:24,20.006,20.006,1.0,3.0,-2.0,0
2019,4,sainz,1,12,16:35:58,19.755,19.755,6.0,10.0,-4.0,0
2019,4,albon,1,12,16:36:16,20.720,20.72,9.0,20.0,-11.0,0
2019,4,hamilton,1,13,16:37:17,19.993,19.993,1.0,3.0,-2.0,0
2019,4,max_verstappen,1,14,16:39:16,20.973,20.973,3.0,6.0,-3.0,0
2019,4,kubica,1,14,16:40:06,15.069,15.069,15.0,20.0,-5.0,0
2019,4,kubica,2,23,16:57:00,21.037,21.037,20.0,20.0,0.0,0
2019,4,russell,1,25,17:00:30,20.475,20.475,19.0,19.0,0.0,0
2019,4,leclerc,1,34,17:14:53,20.382,20.382,3.0,5.0,-2.0,0
2019,4,hulkenberg,2,34,17:16:30,20.870,20.87,15.0,15.0,0.0,0
2019,4,grosjean,1,34,17:16:33,20.906,20.906,16.0,16.0,0.0,0
2019,4,russell,2,38,17:24:45,20.751,20.751,17.0,15.0,2.0,1
2019,4,norris,2,39,17:25:02,22.080,22.08,8.0,8.0,0.0,0
2019,4,kevin_magnussen,2,39,17:26:07,20.859,20.859,14.0,13.0,1.0,1
2019,4,kubica,3,42,17:33:14,20.703,20.703,16.0,16.0,0.0,0
2019,4,leclerc,2,47,17:39:16,19.857,19.857,5.0,5.0,0.0,0
2019,5,giovinazzi,1,6,15:21:55,22.381,22.381,15.0,20.0,-5.0,0
2019,5,vettel,1,19,15:39:39,23.746,23.746,5.0,8.0,-3.0,0
2019,5,max_verstappen,1,20,15:40:52,22.417,22.417,3.0,5.0,-2.0,0
2019,5,kvyat,1,21,15:42:48,22.049,22.049,8.0,16.0,-8.0,0
2019,5,gasly,1,22,15:43:55,22.563,22.563,4.0,8.0,-4.0,0
2019,5,stroll,1,22,15:44:26,23.321,23.321,14.0,17.0,-3.0,0
2019,5,kevin_magnussen,1,23,15:45:34,22.025,22.025,7.0,11.0,-4.0,0
2019,5,ricciardo,1,24,15:47:07,22.379,22.379,11.0,15.0,-4.0,0
2019,5,sainz,1,24,15:47:10,21.468,21.468,10.0,14.0,-4.0,0
2019,5,perez,1,24,15:47:11,22.781,22.781,12.0,16.0,-4.0,0
2019,5,leclerc,1,25,15:47:53,23.646,23.646,3.0,4.0,-1.0,0
2019,5,albon,1,25,15:48:27,23.591,23.591,7.0,12.0,-5.0,0
2019,5,bottas,1,26,15:49:04,22.034,22.034,2.0,2.0,0.0,0
2019,5,grosjean,1,26,15:49:40,22.379,22.379,5.0,7.0,-2.0,0
2019,5,norris,1,26,15:50:07,21.579,21.579,10.0,17.0,-7.0,0
2019,5,hamilton,1,27,15:50:16,22.265,22.265,1.0,1.0,0.0,0
2019,5,raikkonen,1,28,15:53:02,22.342,22.342,11.0,17.0,-6.0,0
2019,5,kubica,1,31,15:58:16,21.954,21.954,20.0,20.0,0.0,0
2019,5,russell,1,32,15:59:33,22.442,22.442,19.0,19.0,0.0,0
2019,5,hulkenberg,1,35,16:02:40,22.193,22.193,10.0,16.0,-6.0,0
2019,5,vettel,2,40,16:08:48,21.643,21.643,4.0,5.0,-1.0,0
2019,5,giovinazzi,2,41,16:12:09,23.507,23.507,18.0,18.0,0.0,0
2019,5,max_verstappen,2,43,16:12:43,22.540,22.54,3.0,4.0,-1.0,0
2019,5,bottas,2,45,16:15:21,22.018,22.018,2.0,2.0,0.0,0
2019,5,kvyat,2,45,16:16:25,33.821,33.821,8.0,9.0,-1.0,0
2019,5,kevin_magnussen,2,45,16:16:29,22.992,22.992,9.0,8.0,1.0,1
2019,5,albon,2,45,16:16:34,37.345,37.345,10.0,11.0,-1.0,0
2019,5,hamilton,2,46,16:16:43,22.511,22.511,1.0,1.0,0.0,0
2019,5,ricciardo,2,45,16:16:58,22.702,22.702,12.0,13.0,-1.0,0
2019,5,perez,2,45,16:17:06,22.896,22.896,13.0,14.0,-1.0,0
2019,5,russell,2,44,16:17:28,21.846,21.846,19.0,17.0,2.0,1
2019,5,leclerc,2,46,16:17:34,21.638,21.638,3.0,5.0,-2.0,0
2019,5,raikkonen,2,45,16:17:38,22.549,22.549,17.0,15.0,2.0,1
2019,5,kubica,2,44,16:17:59,22.142,22.142,20.0,18.0,2.0,1
2019,5,gasly,2,46,16:18:00,22.095,22.095,6.0,6.0,0.0,0
2019,5,grosjean,2,46,16:18:13,22.732,22.732,7.0,7.0,0.0,0
2019,5,sainz,2,46,16:18:55,21.545,21.545,11.0,10.0,1.0,1
2019,6,hulkenberg,1,9,15:24:59,25.532,25.532,11.0,18.0,-7.0,0
2019,6,leclerc,1,9,15:25:11,25.964,25.964,13.0,20.0,-7.0,0
2019,6,russell,1,10,15:26:35,26.165,26.165,18.0,19.0,-1.0,0
2019,6,hamilton,1,11,15:27:03,24.266,24.266,1.0,1.0,0.0,0
2019,6,bottas,1,11,15:27:11,25.030,25.03,2.0,4.0,-2.0,0
2019,6,vettel,1,11,15:27:12,24.483,24.483,4.0,3.0,1.0,1
2019,6,max_verstappen,1,11,15:27:12,24.011,24.011,3.0,2.0,1.0,1
2019,6,ricciardo,1,11,15:27:55,24.269,24.269,5.0,13.0,-8.0,0
2019,6,kevin_magnussen,1,11,15:27:55,25.419,25.419,6.0,14.0,-8.0,0
2019,6,perez,1,11,15:28:09,28.463,28.463,14.0,17.0,-3.0,0
2019,6,kubica,1,21,15:43:09,23.946,23.946,18.0,19.0,-1.0,0
2019,6,gasly,1,27,15:50:18,24.161,24.161,5.0,9.0,-4.0,0
2019,6,sainz,1,30,15:54:15,23.795,23.795,5.0,9.0,-4.0,0
2019,6,kvyat,1,32,15:56:48,24.023,24.023,5.0,9.0,-4.0,0
2019,6,stroll,1,39,16:06:35,24.591,24.591,11.0,18.0,-7.0,0
2019,6,albon,1,40,16:07:15,25.062,25.062,5.0,9.0,-4.0,0
2019,6,giovinazzi,1,44,16:13:29,35.651,35.651,17.0,19.0,-2.0,0
2019,6,raikkonen,1,46,16:15:59,26.299,26.299,11.0,17.0,-6.0,0
2019,6,norris,1,47,16:16:57,25.026,25.026,10.0,11.0,-1.0,0
2019,6,grosjean,1,50,16:20:12,24.219,24.219,5.0,9.0,-4.0,0
2019,6,gasly,2,62,16:35:42,23.858,23.858,5.0,5.0,0.0,0
2019,7,sainz,1,3,14:17:05,24.727,24.727,11.0,19.0,-8.0,0
2019,7,raikkonen,1,6,14:21:09,25.342,25.342,14.0,18.0,-4.0,0
2019,7,gasly,1,7,14:22:11,23.485,23.485,5.0,12.0,-7.0,0
2019,7,ricciardo,1,8,14:23:27,23.927,23.927,4.0,10.0,-6.0,0
2019,7,kubica,1,8,14:24:00,25.210,25.21,18.0,19.0,-1.0,0
2019,7,russell,1,9,14:25:14,23.686,23.686,16.0,17.0,-1.0,0
2019,7,perez,1,11,14:27:40,24.076,24.076,9.0,15.0,-6.0,0
2019,7,kvyat,1,12,14:28:56,23.825,23.825,7.0,13.0,-6.0,0
2019,7,hulkenberg,1,16,14:33:51,24.030,24.03,4.0,7.0,-3.0,0
2019,7,vettel,1,26,14:46:21,23.782,23.782,1.0,2.0,-1.0,0
2019,7,hamilton,1,28,14:48:57,23.662,23.662,1.0,3.0,-2.0,0
2019,7,bottas,1,30,14:51:51,23.994,23.994,4.0,6.0,-2.0,0
2019,7,leclerc,1,33,14:55:25,23.732,23.732,1.0,3.0,-2.0,0
2019,7,giovinazzi,1,33,14:56:30,23.884,23.884,12.0,14.0,-2.0,0
2019,7,grosjean,1,34,14:57:56,24.071,24.071,13.0,15.0,-2.0,0
2019,7,kubica,2,38,15:04:19,23.119,23.119,19.0,19.0,0.0,0
2019,7,kevin_magnussen,1,39,15:04:54,24.381,24.381,16.0,18.0,-2.0,0
2019,7,stroll,1,45,15:11:32,23.727,23.727,8.0,10.0,-2.0,0
2019,7,max_verstappen,1,48,15:14:55,23.426,23.426,4.0,6.0,-2.0,0
2019,7,raikkonen,2,58,15:28:58,24.666,24.666,13.0,15.0,-2.0,0
2019,7,bottas,2,67,15:38:52,23.456,23.456,4.0,4.0,0.0,0
2019,8,giovinazzi,1,7,15:25:01,30.842,30.842,11.0,20.0,-9.0,0
2019,8,ricciardo,1,16,15:39:36,31.031,31.031,9.0,14.0,-5.0,0
2019,8,kevin_magnussen,1,16,15:39:52,30.832,30.832,16.0,20.0,-4.0,0
2019,8,gasly,1,17,15:41:13,30.228,30.228,8.0,15.0,-7.0,0
2019,8,norris,1,18,15:42:44,30.576,30.576,7.0,11.0,-4.0,0
2019,8,perez,1,18,15:42:54,37.286,37.286,10.0,16.0,-6.0,0
2019,8,sainz,1,19,15:44:20,29.920,29.92,6.0,10.0,-4.0,0
2019,8,max_verstappen,1,20,15:45:33,30.118,30.118,4.0,5.0,-1.0,0
2019,8,leclerc,1,21,15:47:03,30.203,30.203,3.0,4.0,-1.0,0
2019,8,bottas,1,23,15:50:09,30.412,30.412,2.0,2.0,0.0,0
2019,8,hamilton,1,24,15:51:35,30.186,30.186,1.0,1.0,0.0,0
2019,8,kubica,1,24,15:53:31,29.792,29.792,20.0,20.0,0.0,0
2019,8,vettel,1,25,15:53:36,30.044,30.044,2.0,5.0,-3.0,0
2019,8,albon,1,25,15:54:23,30.279,30.279,9.0,17.0,-8.0,0
2019,8,russell,1,25,15:55:03,31.950,31.95,19.0,19.0,0.0,0
2019,8,raikkonen,1,31,16:03:51,29.975,29.975,6.0,11.0,-5.0,0
2019,8,grosjean,1,31,16:04:18,30.837,30.837,14.0,17.0,-3.0,0
2019,8,kvyat,1,32,16:05:49,30.233,30.233,10.0,15.0,-5.0,0
2019,8,russell,2,33,16:08:33,37.494,37.494,19.0,20.0,-1.0,0
2019,8,hulkenberg,1,34,16:08:41,30.884,30.884,6.0,11.0,-5.0,0
2019,8,giovinazzi,2,34,16:09:23,31.697,31.697,15.0,18.0,-3.0,0
2019,8,stroll,1,39,16:16:51,30.849,30.849,6.0,13.0,-7.0,0
2019,8,vettel,2,51,16:35:13,30.468,30.468,5.0,5.0,0.0,0
2019,9,kevin_magnussen,2,13,15:29:01,16.224,16.224,20.0,20.0,0.0,0
2019,9,kubica,1,19,15:36:00,21.525,21.525,19.0,19.0,0.0,0
2019,9,bottas,1,21,15:37:18,22.552,22.552,2.0,4.0,-2.0,0
2019,9,vettel,1,21,15:37:22,25.236,25.236,4.0,6.0,-2.0,0
2019,9,leclerc,1,22,15:38:23,21.878,21.878,1.0,3.0,-2.0,0
2019,9,raikkonen,1,23,15:40:05,21.709,21.709,6.0,14.0,-8.0,0
2019,9,giovinazzi,1,24,15:41:20,21.672,21.672,9.0,14.0,-5.0,0
2019,9,norris,1,25,15:42:23,21.547,21.547,5.0,9.0,-4.0,0
2019,9,gasly,1,25,15:42:27,22.239,22.239,7.0,12.0,-5.0,0
2019,9,stroll,1,25,15:42:36,21.982,21.982,11.0,16.0,-5.0,0
2019,9,hulkenberg,1,26,15:43:43,21.985,21.985,9.0,15.0,-6.0,0
2019,9,russell,1,27,15:45:22,22.772,22.772,18.0,18.0,0.0,0
2019,9,perez,1,28,15:46:02,22.330,22.33,6.0,13.0,-7.0,0
2019,9,hamilton,1,30,15:47:46,30.067,30.067,1.0,5.0,-4.0,0
2019,9,max_verstappen,1,31,15:49:00,21.110,21.11,2.0,4.0,-2.0,0
2019,9,kvyat,1,32,15:51:13,25.091,25.091,17.0,17.0,0.0,0
2019,9,grosjean,1,34,15:53:32,22.265,22.265,16.0,16.0,0.0,0
2019,9,albon,1,35,15:54:33,21.225,21.225,12.0,15.0,-3.0,0
2019,9,sainz,1,41,16:01:19,21.266,21.266,6.0,14.0,-8.0,0
2019,9,ricciardo,1,46,16:07:18,22.305,22.305,8.0,14.0,-6.0,0
2019,9,vettel,2,50,16:11:04,22.251,22.251,3.0,5.0,-2.0,0
2019,9,kevin_magnussen,3,62,16:27:00,22.309,22.309,19.0,19.0,0.0,0
2019,10,gasly,1,12,14:31:30,27.905,27.905,6.0,7.0,-1.0,0
2019,10,ricciardo,1,12,14:31:41,28.416,28.416,8.0,11.0,-3.0,0
2019,10,kvyat,1,12,14:31:52,29.377,29.377,15.0,17.0,-2.0,0
2019,10,leclerc,1,13,14:32:59,28.558,28.558,3.0,4.0,-1.0,0
2019,10,max_verstappen,1,13,14:33:00,27.827,27.827,4.0,5.0,-1.0,0
2019,10,norris,1,13,14:33:12,28.275,28.275,7.0,12.0,-5.0,0
2019,10,albon,1,13,14:33:18,28.954,28.954,9.0,13.0,-4.0,0
2019,10,hulkenberg,1,13,14:33:19,28.926,28.926,10.0,15.0,-5.0,0
2019,10,stroll,1,13,14:33:24,30.400,30.4,14.0,18.0,-4.0,0
2019,10,bottas,1,16,14:37:23,28.493,28.493,1.0,3.0,-2.0,0
2019,10,raikkonen,1,17,14:39:34,28.364,28.364,9.0,15.0,-6.0,0
2019,10,perez,1,18,14:41:03,30.264,30.264,8.0,12.0,-4.0,0
2019,10,hamilton,1,20,14:43:34,28.905,28.905,1.0,1.0,0.0,0
2019,10,vettel,1,20,14:43:56,28.021,28.021,2.0,3.0,-1.0,0
2019,10,max_verstappen,2,20,14:44:20,27.950,27.95,5.0,5.0,0.0,0
2019,10,sainz,1,20,14:44:26,27.980,27.98,6.0,7.0,-1.0,0
2019,10,ricciardo,2,20,14:44:42,28.381,28.381,8.0,11.0,-3.0,0
2019,10,kubica,1,20,14:45:15,28.694,28.694,17.0,17.0,0.0,0
2019,10,leclerc,2,21,14:46:29,28.348,28.348,5.0,6.0,-1.0,0
2019,10,kvyat,2,21,14:47:13,28.811,28.811,13.0,15.0,-2.0,0
2019,10,russell,1,21,14:47:16,30.245,30.245,15.0,16.0,-1.0,0
2019,10,perez,2,24,14:52:57,38.032,38.032,12.0,17.0,-5.0,0
2019,10,norris,2,35,15:09:29,27.919,27.919,8.0,14.0,-6.0,0
2019,10,vettel,2,38,15:14:24,38.468,38.468,5.0,17.0,-12.0,0
2019,10,stroll,2,39,15:15:42,29.074,29.074,11.0,13.0,-2.0,0
2019,10,bottas,2,45,15:23:52,28.177,28.177,2.0,2.0,0.0,0
2019,10,perez,3,46,15:26:57,28.747,28.747,16.0,17.0,-1.0,0
2019,11,vettel,1,2,15:23:38,20.094,20.094,14.0,12.0,2.0,1
2019,11,albon,1,2,15:23:41,20.576,20.576,16.0,14.0,2.0,1
2019,11,hamilton,1,3,15:25:13,20.203,20.203,1.0,1.0,0.0,0
2019,11,bottas,1,3,15:25:19,22.243,22.243,2.0,2.0,0.0,0
2019,11,max_verstappen,1,3,15:25:20,22.358,22.358,3.0,3.0,0.0,0
2019,11,raikkonen,1,3,15:25:22,27.256,27.256,4.0,8.0,-4.0,0
2019,11,hulkenberg,1,3,15:25:24,22.132,22.132,5.0,6.0,-1.0,0
2019,11,leclerc,1,3,15:25:25,20.361,20.361,6.0,5.0,1.0,1
2019,11,grosjean,1,3,15:25:31,27.232,27.232,7.0,15.0,-8.0,0
2019,11,gasly,1,3,15:25:33,29.667,29.667,8.0,18.0,-10.0,0
2019,11,sainz,1,3,15:25:34,23.363,23.363,9.0,11.0,-2.0,0
2019,11,giovinazzi,1,3,15:25:37,22.509,22.509,11.0,16.0,-5.0,0
2019,11,ricciardo,1,3,15:25:39,21.224,21.224,13.0,17.0,-4.0,0
2019,11,kvyat,1,3,15:25:41,23.090,23.09,16.0,19.0,-3.0,0
2019,11,norris,1,6,15:31:10,21.402,21.402,9.0,16.0,-7.0,0
2019,11,stroll,1,7,15:32:46,22.696,22.696,9.0,17.0,-8.0,0
2019,11,russell,1,7,15:32:56,20.718,20.718,14.0,18.0,-4.0,0
2019,11,kubica,1,7,15:33:00,23.801,23.801,17.0,19.0,-2.0,0
2019,11,kevin_magnussen,1,8,15:34:19,21.106,21.106,6.0,16.0,-10.0,0
2019,11,leclerc,2,15,15:44:43,22.102,22.102,4.0,4.0,0.0,0
2019,11,hulkenberg,2,15,15:44:55,20.118,20.118,5.0,6.0,-1.0,0
2019,11,kevin_magnussen,2,21,15:55:12,21.179,21.179,16.0,16.0,0.0,0
2019,11,vettel,2,23,15:57:40,20.768,20.768,7.0,11.0,-4.0,0
2019,11,kubica,2,23,15:59:08,20.436,20.436,18.0,18.0,0.0,0
2019,11,max_verstappen,2,25,16:00:07,19.640,19.64,3.0,4.0,-1.0,0
2019,11,russell,2,24,16:00:34,19.287,19.287,17.0,16.0,1.0,1
2019,11,kvyat,2,25,16:01:14,21.488,21.488,12.0,12.0,0.0,0
2019,11,stroll,2,25,16:01:22,21.260,21.26,15.0,15.0,0.0,0
2019,11,bottas,2,26,16:01:40,20.498,20.498,2.0,2.0,0.0,0
2019,11,albon,2,27,16:04:06,21.501,21.501,7.0,5.0,2.0,1
2019,11,sainz,2,27,16:04:43,19.964,19.964,12.0,6.0,6.0,1
2019,11,hamilton,2,28,16:04:58,22.947,22.947,1.0,5.0,-4.0,0
2019,11,vettel,3,28,16:06:40,22.058,22.058,8.0,8.0,0.0,0
2019,11,raikkonen,3,28,16:06:40,21.142,21.142,7.0,7.0,0.0,0
2019,11,gasly,3,28,16:06:54,20.552,20.552,11.0,9.0,2.0,1
2019,11,giovinazzi,3,28,16:07:02,20.096,20.096,10.0,10.0,0.0,0
2019,11,kvyat,3,28,16:07:11,24.310,24.31,12.0,11.0,1.0,1
2019,11,grosjean,3,28,16:07:27,22.421,22.421,13.0,13.0,0.0,0
2019,11,max_verstappen,3,29,16:07:40,21.472,21.472,3.0,1.0,2.0,1
2019,11,hulkenberg,3,29,16:07:42,20.624,20.624,4.0,2.0,2.0,1
2019,11,stroll,3,28,16:08:19,21.962,21.962,15.0,16.0,-1.0,0
2019,11,kevin_magnussen,3,29,16:09:20,21.359,21.359,12.0,12.0,0.0,0
2019,11,bottas,3,30,16:09:52,21.142,21.142,2.0,3.0,-1.0,0
2019,11,kubica,3,31,16:14:07,19.626,19.626,15.0,16.0,-1.0,0
2019,11,max_verstappen,4,41,16:28:42,19.327,19.327,1.0,1.0,0.0,0
2019,11,vettel,4,41,16:29:20,21.256,21.256,6.0,10.0,-4.0,0
2019,11,grosjean,4,41,16:29:35,20.622,20.622,11.0,11.0,0.0,0
2019,11,stroll,4,41,16:30:13,20.472,20.472,13.0,14.0,-1.0,0
2019,11,russell,3,41,16:30:14,19.345,19.345,14.0,13.0,1.0,1
2019,11,kevin_magnussen,4,42,16:31:41,20.380,20.38,12.0,12.0,0.0,0
2019,11,stroll,5,44,16:35:25,20.152,20.152,14.0,11.0,3.0,1
2019,11,kvyat,4,45,16:37:18,20.671,20.671,9.0,7.0,2.0,1
2019,11,kevin_magnussen,5,45,16:37:20,20.285,20.285,12.0,11.0,1.0,1
2019,11,max_verstappen,5,46,16:38:35,19.062,19.062,1.0,1.0,0.0,0
2019,11,bottas,4,46,16:38:41,21.009,21.009,2.0,4.0,-2.0,0
2019,11,sainz,3,46,16:38:44,20.711,20.711,5.0,5.0,0.0,0
2019,11,gasly,4,46,16:38:45,20.012,20.012,6.0,8.0,-2.0,0
2019,11,albon,4,46,16:38:47,19.931,19.931,4.0,7.0,-3.0,0
2019,11,grosjean,5,46,16:38:49,21.423,21.423,10.0,10.0,0.0,0
2019,11,kubica,4,46,16:38:58,20.370,20.37,13.0,15.0,-2.0,0
2019,11,hamilton,4,47,16:40:10,27.069,27.069,2.0,12.0,-10.0,0
2019,11,raikkonen,4,47,16:40:13,20.930,20.93,4.0,11.0,-7.0,0
2019,11,vettel,5,47,16:40:14,19.586,19.586,5.0,9.0,-4.0,0
2019,11,giovinazzi,4,47,16:40:17,28.093,28.093,7.0,13.0,-6.0,0
2019,11,russell,4,47,16:40:24,21.634,21.634,10.0,14.0,-4.0,0
2019,11,hamilton,5,53,16:48:53,20.015,20.015,12.0,15.0,-3.0,0
2019,11,hamilton,6,56,16:53:29,19.610,19.61,15.0,14.0,1.0,1
2019,11,kevin_magnussen,6,57,16:54:35,20.700,20.7,12.0,11.0,1.0,1
2019,11,kubica,5,57,16:55:04,19.825,19.825,13.0,12.0,1.0,1
2019,11,russell,5,57,16:55:08,23.445,23.445,14.0,13.0,1.0,1
2019,12,bottas,1,5,15:19:58,33.328,33.328,5.0,20.0,-15.0,0
2019,12,giovinazzi,1,15,15:34:25,23.218,23.218,19.0,20.0,-1.0,0
2019,12,russell,1,16,15:35:47,21.333,21.333,17.0,18.0,-1.0,0
2019,12,stroll,1,16,15:35:49,22.085,22.085,18.0,19.0,-1.0,0
2019,12,perez,1,18,15:38:23,21.901,21.901,11.0,15.0,-4.0,0
2019,12,kubica,1,18,15:38:44,21.754,21.754,17.0,20.0,-3.0,0
2019,12,grosjean,1,19,15:39:45,22.035,22.035,9.0,16.0,-7.0,0
2019,12,kvyat,1,21,15:42:35,23.002,23.002,10.0,16.0,-6.0,0
2019,12,max_verstappen,1,25,15:46:59,21.705,21.705,1.0,2.0,-1.0,0
2019,12,leclerc,1,27,15:50:09,21.575,21.575,3.0,4.0,-1.0,0
2019,12,norris,1,28,15:52:00,26.066,26.066,6.0,11.0,-5.0,0
2019,12,gasly,1,28,15:52:02,22.104,22.104,8.0,7.0,1.0,1
2019,12,albon,1,28,15:52:18,23.676,23.676,10.0,15.0,-5.0,0
2019,12,sainz,1,29,15:53:20,21.832,21.832,5.0,5.0,0.0,0
2019,12,raikkonen,1,29,15:53:23,22.205,22.205,6.0,8.0,-2.0,0
2019,12,hamilton,1,31,15:55:15,22.880,22.88,1.0,2.0,-1.0,0
2019,12,hulkenberg,1,36,16:03:27,21.734,21.734,8.0,15.0,-7.0,0
2019,12,kevin_magnussen,1,38,16:06:21,21.618,21.618,10.0,15.0,-5.0,0
2019,12,vettel,1,39,16:06:53,24.819,24.819,3.0,4.0,-1.0,0
2019,12,bottas,2,46,16:17:11,21.744,21.744,9.0,12.0,-3.0,0
2019,12,ricciardo,1,46,16:17:28,22.498,22.498,10.0,15.0,-5.0,0
2019,12,hamilton,2,48,16:18:24,21.390,21.39,2.0,2.0,0.0,0
2019,12,stroll,2,50,16:23:45,21.563,21.563,18.0,18.0,0.0,0
2019,12,max_verstappen,2,67,16:43:52,21.164,21.164,1.0,2.0,-1.0,0
2019,13,hulkenberg,1,11,15:37:54,23.475,23.475,13.0,18.0,-5.0,0
2019,13,gasly,1,13,15:41:31,22.772,22.772,8.0,14.0,-6.0,0
2019,13,stroll,1,14,15:43:25,22.774,22.774,8.0,17.0,-9.0,0
2019,13,vettel,1,15,15:44:47,22.863,22.863,2.0,4.0,-2.0,0
2019,13,perez,1,15,15:45:09,23.133,23.133,7.0,12.0,-5.0,0
2019,13,grosjean,1,16,15:46:59,22.912,22.912,6.0,10.0,-4.0,0
2019,13,norris,1,19,15:52:24,23.182,23.182,5.0,5.0,0.0,0
2019,13,leclerc,1,21,15:55:38,22.449,22.449,1.0,3.0,-2.0,0
2019,13,hamilton,1,22,15:57:31,23.497,23.497,1.0,3.0,-2.0,0
2019,13,bottas,1,23,15:59:25,22.579,22.579,2.0,4.0,-2.0,0
2019,13,albon,1,23,16:00:08,22.506,22.506,8.0,14.0,-6.0,0
2019,13,kvyat,1,24,16:01:55,22.834,22.834,6.0,13.0,-7.0,0
2019,13,kevin_magnussen,1,25,16:04:08,22.584,22.584,15.0,18.0,-3.0,0
2019,13,giovinazzi,1,29,16:11:12,23.044,23.044,6.0,13.0,-7.0,0
2019,13,stroll,2,30,16:13:12,25.250,25.25,14.0,14.0,0.0,0
2019,13,russell,1,30,16:13:41,22.442,22.442,17.0,16.0,1.0,1
2019,13,raikkonen,3,31,16:15:33,26.891,26.891,16.0,18.0,-2.0,0
2019,13,kubica,1,31,16:15:35,24.247,24.247,17.0,17.0,0.0,0
2019,13,vettel,2,33,16:17:35,22.786,22.786,3.0,4.0,-1.0,0
2019,14,vettel,1,6,15:22:18,32.443,32.443,4.0,19.0,-15.0,0
2019,14,grosjean,1,7,15:23:54,26.481,26.481,13.0,20.0,-7.0,0
2019,14,vettel,2,12,15:31:23,31.851,31.851,19.0,20.0,-1.0,0
2019,14,stroll,1,15,15:35:16,18.838,18.838,12.0,17.0,-5.0,0
2019,14,hamilton,1,19,15:40:19,23.912,23.912,2.0,5.0,-3.0,0
2019,14,raikkonen,1,19,15:41:10,32.393,32.393,15.0,18.0,-3.0,0
2019,14,leclerc,1,20,15:41:42,23.833,23.833,1.0,3.0,-2.0,0
2019,14,kevin_magnussen,1,20,15:42:25,24.400,24.4,10.0,15.0,-5.0,0
2019,14,giovinazzi,1,21,15:43:42,25.698,25.698,8.0,13.0,-5.0,0
2019,14,stroll,2,22,15:45:38,24.419,24.419,15.0,17.0,-2.0,0
2019,14,norris,1,23,15:46:48,24.311,24.311,11.0,14.0,-3.0,0
2019,14,russell,1,23,15:47:03,24.198,24.198,14.0,17.0,-3.0,0
2019,14,albon,1,26,15:50:47,29.830,29.83,7.0,10.0,-3.0,0
2019,14,bottas,1,27,15:51:41,23.700,23.7,1.0,4.0,-3.0,0
2019,14,raikkonen,2,26,15:51:50,24.568,24.568,19.0,19.0,0.0,0
2019,14,max_verstappen,2,27,15:52:30,24.303,24.303,10.0,13.0,-3.0,0
2019,14,perez,1,28,15:54:06,25.340,25.34,8.0,9.0,-1.0,0
2019,14,gasly,1,28,15:54:11,24.363,24.363,9.0,11.0,-2.0,0
2019,14,hulkenberg,1,29,15:55:13,24.092,24.092,5.0,5.0,0.0,0
2019,14,kubica,1,29,15:56:17,31.842,31.842,14.0,16.0,-2.0,0
2019,14,ricciardo,1,30,15:56:33,24.320,24.32,3.0,4.0,-1.0,0
2019,14,grosjean,2,29,15:56:36,25.121,25.121,18.0,18.0,0.0,0
2019,14,kevin_magnussen,2,34,16:03:34,24.978,24.978,9.0,15.0,-6.0,0
2019,14,vettel,3,41,16:13:46,24.376,24.376,13.0,15.0,-2.0,0
2019,14,kubica,2,44,16:18:54,23.860,23.86,17.0,17.0,0.0,0
2019,14,hamilton,2,49,16:23:22,23.731,23.731,3.0,3.0,0.0,0
2019,15,kvyat,1,12,20:35:59,28.799,28.799,15.0,18.0,-3.0,0
2019,15,perez,1,13,20:37:45,29.082,29.082,14.0,17.0,-3.0,0
2019,15,raikkonen,1,15,20:41:17,29.992,29.992,11.0,15.0,-4.0,0
2019,15,kevin_magnussen,1,18,20:46:43,29.403,29.403,9.0,14.0,-5.0,0
2019,15,vettel,1,19,20:48:19,29.384,29.384,3.0,7.0,-4.0,0
2019,15,max_verstappen,1,19,20:48:22,28.846,28.846,4.0,9.0,-5.0,0
2019,15,leclerc,1,20,20:50:05,29.168,29.168,1.0,8.0,-7.0,0
2019,15,albon,1,20,20:50:14,28.606,28.606,4.0,11.0,-7.0,0
2019,15,norris,1,20,20:50:16,30.397,30.397,5.0,12.0,-7.0,0
2019,15,kubica,1,21,20:52:58,29.033,29.033,18.0,19.0,-1.0,0
2019,15,bottas,1,22,20:53:46,29.234,29.234,2.0,9.0,-7.0,0
2019,15,grosjean,1,23,20:56:19,29.456,29.456,14.0,18.0,-4.0,0
2019,15,hamilton,1,26,21:00:55,28.930,28.93,1.0,8.0,-7.0,0
2019,15,stroll,1,31,21:10:22,29.482,29.482,7.0,15.0,-8.0,0
2019,15,gasly,1,32,21:12:09,32.482,32.482,3.0,15.0,-12.0,0
2019,15,ricciardo,1,34,21:16:25,30.756,30.756,8.0,16.0,-8.0,0
2019,15,grosjean,2,35,21:18:29,43.576,43.576,18.0,18.0,0.0,0
2019,15,hulkenberg,2,36,21:19:55,29.152,29.152,7.0,13.0,-6.0,0
2019,15,kvyat,2,36,21:20:05,34.711,34.711,12.0,14.0,-2.0,0
2019,15,sainz,2,35,21:20:33,30.623,30.623,20.0,19.0,1.0,1
2019,15,giovinazzi,2,36,21:20:38,28.960,28.96,15.0,15.0,0.0,0
2019,15,stroll,2,41,21:32:33,39.188,39.188,11.0,18.0,-7.0,0
2019,15,kubica,2,44,21:38:24,30.321,30.321,16.0,17.0,-1.0,0
2019,15,stroll,3,44,21:39:08,29.460,29.46,18.0,18.0,0.0,0
2019,15,kevin_magnussen,2,56,22:04:12,30.916,30.916,17.0,17.0,0.0,0
2019,16,giovinazzi,1,2,14:18:23,38.193,38.193,12.0,17.0,-5.0,0
2019,16,raikkonen,1,9,14:31:21,25.038,25.038,14.0,19.0,-5.0,0
2019,16,hulkenberg,1,16,14:43:01,34.264,34.264,8.0,17.0,-9.0,0
2019,16,norris,1,20,14:49:42,29.290,29.29,7.0,13.0,-6.0,0
2019,16,sainz,1,21,14:51:18,30.103,30.103,6.0,12.0,-6.0,0
2019,16,leclerc,1,22,14:52:17,29.548,29.548,2.0,4.0,-2.0,0
2019,16,perez,1,23,14:54:44,30.271,30.271,6.0,13.0,-7.0,0
2019,16,gasly,1,26,15:00:10,29.935,29.935,11.0,13.0,-2.0,0
2019,16,kevin_magnussen,1,27,15:01:41,30.509,30.509,6.0,7.0,-1.0,0
2019,16,stroll,1,27,15:01:45,30.168,30.168,7.0,10.0,-3.0,0
2019,16,giovinazzi,2,27,15:02:19,30.227,30.227,16.0,14.0,2.0,1
2019,16,raikkonen,2,27,15:02:26,36.512,36.512,17.0,15.0,2.0,1
2019,16,hamilton,1,28,15:02:28,29.751,29.751,1.0,1.0,0.0,0
2019,16,bottas,1,28,15:02:47,29.436,29.436,2.0,2.0,0.0,0
2019,16,max_verstappen,1,28,15:03:24,29.978,29.978,4.0,4.0,0.0,0
2019,16,albon,1,29,15:06:07,29.854,29.854,5.0,10.0,-5.0,0
2019,16,hulkenberg,2,29,15:06:25,29.786,29.786,10.0,11.0,-1.0,0
2019,16,kvyat,2,29,15:06:31,29.571,29.571,12.0,13.0,-1.0,0
2019,16,leclerc,2,30,15:07:30,29.401,29.401,2.0,3.0,-1.0,0
2019,17,leclerc,1,3,14:18:21,30.502,30.502,3.0,18.0,-15.0,0
2019,17,norris,1,4,14:20:04,25.347,25.347,6.0,20.0,-14.0,0
2019,17,albon,1,15,14:37:38,23.354,23.354,5.0,10.0,-5.0,0
2019,17,raikkonen,1,15,14:38:06,24.468,24.468,16.0,18.0,-2.0,0
2019,17,vettel,1,16,14:38:55,24.032,24.032,2.0,3.0,-1.0,0
2019,17,grosjean,1,16,14:39:43,23.478,23.478,14.0,16.0,-2.0,0
2019,17,kevin_magnussen,1,17,14:41:19,24.156,24.156,13.0,18.0,-5.0,0
2019,17,gasly,1,18,14:42:36,23.180,23.18,5.0,10.0,-5.0,0
2019,17,stroll,1,18,14:42:37,23.292,23.292,6.0,11.0,-5.0,0
2019,17,giovinazzi,1,18,14:42:53,23.351,23.351,11.0,16.0,-5.0,0
2019,17,hulkenberg,1,19,14:44:14,24.132,24.132,5.0,12.0,-7.0,0
2019,17,perez,1,19,14:44:18,22.880,22.88,9.0,13.0,-4.0,0
2019,17,hamilton,1,21,14:46:51,23.582,23.582,1.0,3.0,-2.0,0
2019,17,kubica,1,22,14:50:09,26.734,26.734,19.0,19.0,0.0,0
2019,17,leclerc,2,25,14:54:00,23.580,23.58,7.0,11.0,-4.0,0
2019,17,norris,2,25,14:54:15,23.949,23.949,10.0,17.0,-7.0,0
2019,17,russell,1,25,14:54:38,23.792,23.792,18.0,18.0,0.0,0
2019,17,sainz,1,26,14:55:21,23.476,23.476,4.0,6.0,-2.0,0
2019,17,kvyat,1,27,14:57:31,23.293,23.293,9.0,17.0,-8.0,0
2019,17,ricciardo,1,29,15:00:26,23.292,23.292,5.0,11.0,-6.0,0
2019,17,vettel,2,31,15:02:42,23.213,23.213,2.0,3.0,-1.0,0
2019,17,albon,2,34,15:07:55,23.301,23.301,4.0,4.0,0.0,0
2019,17,kubica,2,33,15:08:46,22.970,22.97,19.0,19.0,0.0,0
2019,17,bottas,2,36,15:10:17,23.157,23.157,1.0,2.0,-1.0,0
2019,17,raikkonen,2,36,15:12:16,23.164,23.164,16.0,17.0,-1.0,0
2019,17,perez,2,41,15:19:44,23.301,23.301,10.0,11.0,-1.0,0
2019,17,hamilton,2,42,15:19:47,23.591,23.591,1.0,3.0,-2.0,0
2019,17,leclerc,3,46,15:27:14,23.280,23.28,6.0,6.0,0.0,0
2019,17,kevin_magnussen,2,47,15:30:01,23.973,23.973,17.0,17.0,0.0,0
2019,17,giovinazzi,2,49,15:33:08,23.412,23.412,16.0,16.0,0.0,0
2019,18,max_verstappen,1,5,13:21:07,24.493,24.493,7.0,20.0,-13.0,0
2019,18,gasly,1,9,13:26:22,22.689,22.689,11.0,19.0,-8.0,0
2019,18,kvyat,1,10,13:27:43,22.490,22.49,8.0,18.0,-10.0,0
2019,18,albon,1,14,13:32:50,22.192,22.192,3.0,5.0,-2.0,0
2019,18,leclerc,1,15,13:34:07,22.002,22.002,1.0,4.0,-3.0,0
2019,18,sainz,1,15,13:34:37,22.241,22.241,6.0,13.0,-7.0,0
2019,18,raikkonen,1,15,13:34:45,22.754,22.754,11.0,19.0,-8.0,0
2019,18,hulkenberg,1,18,13:38:48,22.484,22.484,8.0,13.0,-5.0,0
2019,18,perez,1,20,13:41:30,22.357,22.357,6.0,8.0,-2.0,0
2019,18,giovinazzi,1,21,13:43:03,43.411,43.411,9.0,17.0,-8.0,0
2019,18,kubica,1,21,13:43:30,24.606,24.606,17.0,18.0,-1.0,0
2019,18,russell,1,22,13:44:55,22.887,22.887,17.0,19.0,-2.0,0
2019,18,hamilton,1,23,13:45:01,22.269,22.269,2.0,4.0,-2.0,0
2019,18,kevin_magnussen,1,28,13:53:14,23.084,23.084,15.0,17.0,-2.0,0
2019,18,sainz,2,35,14:02:44,22.179,22.179,12.0,14.0,-2.0,0
2019,18,bottas,1,36,14:02:45,22.179,22.179,2.0,5.0,-3.0,0
2019,18,vettel,1,37,14:04:03,21.862,21.862,1.0,4.0,-3.0,0
2019,18,stroll,1,37,14:04:58,22.745,22.745,7.0,11.0,-4.0,0
2019,18,grosjean,1,37,14:06:08,24.128,24.128,17.0,19.0,-2.0,0
2019,18,leclerc,2,43,14:12:15,25.786,25.786,1.0,4.0,-3.0,0
2019,18,albon,2,44,14:13:47,22.003,22.003,3.0,5.0,-2.0,0
2019,18,kvyat,2,44,14:14:40,22.033,22.033,9.0,12.0,-3.0,0
2019,18,gasly,2,49,14:21:41,22.618,22.618,11.0,13.0,-2.0,0
2019,18,ricciardo,1,50,14:22:29,22.345,22.345,6.0,8.0,-2.0,0
2019,18,raikkonen,2,52,14:26:04,22.963,22.963,12.0,15.0,-3.0,0
2019,18,kubica,2,60,14:38:15,22.570,22.57,16.0,18.0,-2.0,0
2019,19,stroll,1,9,13:29:09,24.567,24.567,15.0,19.0,-4.0,0
2019,19,kubica,1,11,13:32:54,24.164,24.164,18.0,19.0,-1.0,0
2019,19,max_verstappen,1,13,13:35:21,23.716,23.716,2.0,4.0,-2.0,0
2019,19,bottas,1,14,13:36:58,24.151,24.151,1.0,2.0,-1.0,0
2019,19,giovinazzi,1,17,13:43:05,25.230,25.23,16.0,18.0,-2.0,0
2019,19,sainz,1,18,13:44:27,24.784,24.784,8.0,11.0,-3.0,0
2019,19,raikkonen,1,18,13:44:29,24.544,24.544,9.0,13.0,-4.0,0
2019,19,kevin_magnussen,1,18,13:44:43,24.929,24.929,14.0,17.0,-3.0,0
2019,19,norris,1,19,13:46:03,24.678,24.678,6.0,9.0,-3.0,0
2019,19,gasly,1,19,13:46:08,24.195,24.195,7.0,11.0,-4.0,0
2019,19,leclerc,1,20,13:47:33,29.157,29.157,4.0,4.0,0.0,0
2019,19,albon,2,20,13:48:02,23.213,23.213,11.0,12.0,-1.0,0
2019,19,ricciardo,1,21,13:49:25,23.751,23.751,5.0,6.0,-1.0,0
2019,19,kvyat,1,21,13:49:45,27.115,27.115,7.0,15.0,-8.0,0
2019,19,russell,1,23,13:53:46,23.702,23.702,18.0,18.0,0.0,0
2019,19,hamilton,1,24,13:53:57,23.943,23.943,1.0,3.0,-2.0,0
2019,19,perez,1,24,13:54:54,24.207,24.207,8.0,14.0,-6.0,0
2019,19,grosjean,1,24,13:55:19,24.583,24.583,14.0,17.0,-3.0,0
2019,19,hulkenberg,1,27,14:00:05,24.245,24.245,8.0,14.0,-6.0,0
2019,19,stroll,2,29,14:03:38,25.195,25.195,11.0,16.0,-5.0,0
2019,19,max_verstappen,2,34,14:10:45,23.444,23.444,2.0,3.0,-1.0,0
2019,19,bottas,2,35,14:12:18,23.819,23.819,1.0,2.0,-1.0,0
2019,19,hulkenberg,2,39,14:20:30,23.684,23.684,13.0,12.0,1.0,1
2019,19,kvyat,2,39,14:20:32,24.162,24.162,12.0,13.0,-1.0,0
2019,19,giovinazzi,2,39,14:20:57,24.206,24.206,16.0,15.0,1.0,1
2019,19,albon,3,40,14:21:47,23.705,23.705,5.0,9.0,-4.0,0
2019,19,raikkonen,2,40,14:22:07,24.686,24.686,10.0,11.0,-1.0,0
2019,19,kevin_magnussen,2,40,14:22:38,24.731,24.731,14.0,16.0,-2.0,0
2019,19,leclerc,2,42,14:24:44,23.844,23.844,4.0,4.0,0.0,0
2019,19,norris,2,42,14:25:17,25.776,25.776,6.0,10.0,-4.0,0
2019,19,russell,2,46,14:33:29,28.748,28.748,18.0,18.0,0.0,0
2019,20,ricciardo,1,8,14:23:15,30.760,30.76,14.0,20.0,-6.0,0
2019,20,perez,1,17,14:34:32,23.079,23.079,14.0,17.0,-3.0,0
2019,20,hamilton,1,20,14:37:36,22.882,22.882,2.0,4.0,-2.0,0
2019,20,giovinazzi,1,20,14:38:12,23.155,23.155,10.0,15.0,-5.0,0
2019,20,kubica,1,20,14:38:47,23.861,23.861,19.0,20.0,-1.0,0
2019,20,max_verstappen,1,21,14:38:49,22.818,22.818,1.0,3.0,-2.0,0
2019,20,raikkonen,1,21,14:39:23,23.463,23.463,8.0,14.0,-6.0,0
2019,20,gasly,1,22,14:40:34,22.922,22.922,7.0,12.0,-5.0,0
2019,20,kvyat,1,23,14:42:08,22.759,22.759,13.0,18.0,-5.0,0
2019,20,russell,1,23,14:42:37,22.500,22.5,19.0,20.0,-1.0,0
2019,20,albon,1,24,14:42:52,23.073,23.073,4.0,6.0,-2.0,0
2019,20,vettel,1,25,14:43:54,23.039,23.039,1.0,4.0,-3.0,0
2019,20,bottas,1,26,14:45:14,23.148,23.148,2.0,5.0,-3.0,0
2019,20,grosjean,1,26,14:45:45,23.776,23.776,7.0,14.0,-7.0,0
2019,20,norris,1,27,14:47:00,23.381,23.381,7.0,14.0,-7.0,0
2019,20,hulkenberg,1,27,14:47:09,23.344,23.344,12.0,17.0,-5.0,0
2019,20,kevin_magnussen,1,27,14:47:22,23.891,23.891,17.0,18.0,-1.0,0
2019,20,stroll,1,28,14:48:22,23.346,23.346,10.0,16.0,-6.0,0
2019,20,leclerc,1,29,14:49:09,22.966,22.966,3.0,6.0,-3.0,0
2019,20,sainz,1,29,14:49:33,22.770,22.77,7.0,15.0,-8.0,0
2019,20,kubica,2,36,14:59:30,29.268,29.268,20.0,20.0,0.0,0
2019,20,ricciardo,2,40,15:03:20,29.491,29.491,11.0,18.0,-7.0,0
2019,20,bottas,2,41,15:03:49,23.210,23.21,4.0,6.0,-2.0,0
2019,20,hamilton,2,43,15:05:54,23.088,23.088,2.0,3.0,-1.0,0
2019,20,max_verstappen,2,44,15:07:03,22.657,22.657,1.0,2.0,-1.0,0
2019,20,hulkenberg,2,44,15:08:36,23.596,23.596,16.0,18.0,-2.0,0
2019,20,perez,2,45,15:09:29,23.142,23.142,10.0,14.0,-4.0,0
2019,20,giovinazzi,2,46,15:10:39,23.524,23.524,9.0,13.0,-4.0,0
2019,20,kvyat,2,46,15:10:52,23.378,23.378,13.0,17.0,-4.0,0
2019,20,gasly,2,47,15:11:43,23.584,23.584,7.0,8.0,-1.0,0
2019,20,raikkonen,2,47,15:11:48,23.841,23.841,8.0,11.0,-3.0,0
2019,20,vettel,2,49,15:13:22,23.138,23.138,1.0,3.0,-2.0,0
2019,20,albon,2,50,15:14:54,23.071,23.071,4.0,5.0,-1.0,0
2019,20,max_verstappen,3,54,15:19:35,22.593,22.593,1.0,2.0,-1.0,0
2019,20,norris,2,53,15:19:55,23.355,23.355,10.0,14.0,-4.0,0
2019,20,stroll,2,53,15:19:57,24.841,24.841,11.0,15.0,-4.0,0
2019,20,kevin_magnussen,2,53,15:20:13,23.479,23.479,16.0,16.0,0.0,0
2019,20,leclerc,2,54,15:20:29,23.042,23.042,4.0,5.0,-1.0,0
2019,20,hulkenberg,3,53,15:20:31,22.747,22.747,17.0,17.0,0.0,0
2019,20,kubica,3,53,15:22:16,24.873,24.873,19.0,19.0,0.0,0
2019,20,russell,2,54,15:22:31,23.199,23.199,18.0,18.0,0.0,0
2019,20,grosjean,2,65,15:36:48,23.471,23.471,16.0,15.0,1.0,1
2019,20,hamilton,3,66,15:37:46,23.060,23.06,2.0,4.0,-2.0,0
2019,20,russell,3,66,15:38:17,22.441,22.441,17.0,14.0,3.0,1
2019,20,kubica,4,66,15:40:02,23.158,23.158,19.0,16.0,3.0,1
2019,21,stroll,1,5,17:22:34,28.842,28.842,13.0,19.0,-6.0,0
2019,21,norris,1,8,17:27:40,22.974,22.974,6.0,15.0,-9.0,0
2019,21,giovinazzi,1,8,17:27:52,21.977,21.977,13.0,18.0,-5.0,0
2019,21,ricciardo,1,11,17:32:58,21.904,21.904,7.0,14.0,-7.0,0
2019,21,leclerc,1,12,17:34:14,21.697,21.697,2.0,3.0,-1.0,0
2019,21,vettel,1,12,17:34:22,25.771,25.771,4.0,6.0,-2.0,0
2019,21,sainz,1,12,17:34:43,21.928,21.928,6.0,15.0,-9.0,0
2019,21,albon,1,13,17:36:11,22.028,22.028,5.0,7.0,-2.0,0
2019,21,hulkenberg,1,18,17:45:13,21.578,21.578,4.0,12.0,-8.0,0
2019,21,grosjean,1,18,17:45:37,21.968,21.968,12.0,19.0,-7.0,0
2019,21,kevin_magnussen,1,20,17:48:59,21.531,21.531,8.0,14.0,-6.0,0
2019,21,raikkonen,1,22,17:52:32,22.410,22.41,9.0,14.0,-5.0,0
2019,21,stroll,2,23,17:54:47,21.778,21.778,18.0,18.0,0.0,0
2019,21,kubica,1,24,17:56:31,21.688,21.688,15.0,19.0,-4.0,0
2019,21,max_verstappen,1,25,17:56:36,21.023,21.023,2.0,3.0,-1.0,0
2019,21,hamilton,1,26,17:58:06,22.178,22.178,1.0,1.0,0.0,0
2019,21,giovinazzi,2,26,18:00:00,22.188,22.188,15.0,17.0,-2.0,0
2019,21,bottas,1,29,18:04:02,21.145,21.145,4.0,6.0,-2.0,0
2019,21,russell,1,32,18:10:43,22.272,22.272,16.0,19.0,-3.0,0
2019,21,perez,1,37,18:18:24,22.230,22.23,7.0,12.0,-5.0,0
2019,21,leclerc,2,38,18:19:14,21.274,21.274,3.0,3.0,0.0,0
2019,21,vettel,2,38,18:19:36,21.858,21.858,4.0,6.0,-2.0,0
2019,21,kvyat,1,40,18:23:38,21.496,21.496,7.0,10.0,-3.0,0
2019,21,sainz,2,41,18:25:36,21.466,21.466,10.0,12.0,-2.0,0
2019,21,ricciardo,2,42,18:27:24,21.624,21.624,11.0,14.0,-3.0,0
2020,1,grosjean,1,20,15:37:03,23.280,23.28,16.0,17.0,-1.0,0
2020,1,raikkonen,1,24,15:41:31,23.229,23.229,13.0,15.0,-2.0,0
2020,1,giovinazzi,1,25,15:42:49,23.659,23.659,13.0,12.0,1.0,1
2020,1,russell,1,25,15:42:53,21.417,21.417,15.0,13.0,2.0,1
2020,1,bottas,1,26,15:43:06,21.937,21.937,1.0,1.0,0.0,0
2020,1,hamilton,1,26,15:43:14,21.850,21.85,2.0,2.0,0.0,0
2020,1,albon,1,26,15:43:25,21.279,21.279,3.0,3.0,0.0,0
2020,1,norris,1,26,15:43:33,23.637,23.637,4.0,4.0,0.0,0
2020,1,perez,1,26,15:43:34,22.383,22.383,5.0,5.0,0.0,0
2020,1,leclerc,1,26,15:43:38,22.756,22.756,6.0,6.0,0.0,0
2020,1,sainz,1,26,15:43:41,23.827,23.827,7.0,7.0,0.0,0
2020,1,vettel,1,26,15:43:55,22.231,22.231,8.0,8.0,0.0,0
2020,1,gasly,1,26,15:44:02,22.466,22.466,9.0,9.0,0.0,0
2020,1,kvyat,1,26,15:44:12,22.769,22.769,10.0,10.0,0.0,0
2020,1,ocon,1,26,15:44:17,21.683,21.683,11.0,11.0,0.0,0
2020,1,latifi,1,26,15:45:08,22.058,22.058,14.0,16.0,-2.0,0
2020,1,albon,2,51,16:15:09,21.842,21.842,3.0,4.0,-1.0,0
2020,1,norris,2,51,16:15:19,21.921,21.921,5.0,5.0,0.0,0
2020,1,leclerc,2,51,16:15:24,21.972,21.972,6.0,6.0,0.0,0
2020,1,kvyat,2,51,16:15:41,21.622,21.622,9.0,11.0,-2.0,0
2020,1,raikkonen,2,51,16:15:48,21.569,21.569,12.0,12.0,0.0,0
2020,1,vettel,2,51,16:15:55,22.738,22.738,13.0,13.0,0.0,0
2020,1,latifi,2,51,16:16:23,21.918,21.918,14.0,14.0,0.0,0
2020,1,sainz,2,52,16:17:02,21.805,21.805,7.0,9.0,-2.0,0
2020,1,giovinazzi,2,55,16:22:14,22.800,22.8,10.0,13.0,-3.0,0
2020,1,bottas,2,56,16:23:58,16.407,16.407,1.0,1.0,0.0,0
2020,1,hamilton,2,56,16:24:00,16.365,16.365,2.0,2.0,0.0,0
2020,1,perez,2,56,16:24:01,16.546,16.546,3.0,3.0,0.0,0
2020,1,norris,3,56,16:24:03,18.163,18.163,5.0,5.0,0.0,0
2020,1,albon,3,56,16:24:03,17.035,17.035,4.0,4.0,0.0,0
2020,1,leclerc,3,56,16:24:05,18.748,18.748,6.0,6.0,0.0,0
2020,1,gasly,2,56,16:24:07,19.911,19.911,7.0,7.0,0.0,0
2020,1,sainz,3,56,16:24:08,20.064,20.064,8.0,8.0,0.0,0
2020,1,ocon,2,56,16:24:09,19.626,19.626,9.0,9.0,0.0,0
2020,1,kvyat,3,56,16:24:11,19.656,19.656,11.0,10.0,1.0,1
2020,1,vettel,3,56,16:24:13,19.330,19.33,12.0,11.0,1.0,1
2020,1,latifi,3,56,16:24:14,19.488,19.488,13.0,12.0,1.0,1
2020,2,max_verstappen,1,24,15:42:09,20.937,20.937,2.0,3.0,-1.0,0
2020,2,gasly,1,24,15:42:46,21.950,21.95,11.0,17.0,-6.0,0
2020,2,hamilton,1,27,15:45:28,21.729,21.729,1.0,2.0,-1.0,0
2020,2,kevin_magnussen,1,31,15:51:02,21.977,21.977,13.0,16.0,-3.0,0
2020,2,sainz,1,32,15:51:49,25.983,25.983,5.0,12.0,-7.0,0
2020,2,latifi,1,32,15:52:24,22.745,22.745,15.0,17.0,-2.0,0
2020,2,stroll,1,33,15:53:01,22.118,22.118,6.0,11.0,-5.0,0
2020,2,bottas,1,34,15:53:38,21.376,21.376,1.0,3.0,-2.0,0
2020,2,russell,1,34,15:54:49,21.697,21.697,15.0,17.0,-2.0,0
2020,2,albon,1,35,15:55:11,21.505,21.505,4.0,7.0,-3.0,0
2020,2,kvyat,1,36,15:56:45,22.197,22.197,8.0,13.0,-5.0,0
2020,2,ricciardo,1,37,15:57:33,21.603,21.603,4.0,6.0,-2.0,0
2020,2,grosjean,1,37,15:58:03,22.444,22.444,13.0,15.0,-2.0,0
2020,2,perez,1,38,15:58:45,22.761,22.761,4.0,7.0,-3.0,0
2020,2,norris,1,39,16:00:02,22.406,22.406,5.0,10.0,-5.0,0
2020,2,giovinazzi,1,39,16:00:18,21.667,21.667,10.0,13.0,-3.0,0
2020,2,raikkonen,1,44,16:06:06,21.459,21.459,9.0,14.0,-5.0,0
2020,2,gasly,2,49,16:12:15,22.280,22.28,13.0,17.0,-4.0,0
2020,2,sainz,2,66,16:31:07,21.873,21.873,9.0,9.0,0.0,0
2020,2,max_verstappen,2,68,16:32:33,21.091,21.091,3.0,3.0,0.0,0
2020,3,leclerc,1,2,15:16:15,22.266,22.266,5.0,10.0,-5.0,0
2020,3,bottas,1,2,15:16:16,21.906,21.906,6.0,11.0,-5.0,0
2020,3,hamilton,1,3,15:17:37,22.320,22.32,1.0,1.0,0.0,0
2020,3,stroll,1,3,15:17:46,23.081,23.081,2.0,5.0,-3.0,0
2020,3,vettel,1,3,15:17:50,28.286,28.286,4.0,8.0,-4.0,0
2020,3,perez,1,3,15:17:53,23.263,23.263,5.0,10.0,-5.0,0
2020,3,sainz,1,3,15:17:55,27.131,27.131,7.0,12.0,-5.0,0
2020,3,albon,1,3,15:17:58,23.046,23.046,11.0,9.0,2.0,1
2020,3,latifi,1,3,15:18:00,21.596,21.596,10.0,20.0,-10.0,0
2020,3,gasly,1,3,15:18:01,22.740,22.74,12.0,14.0,-2.0,0
2020,3,raikkonen,1,3,15:18:04,22.299,22.299,15.0,15.0,0.0,0
2020,3,max_verstappen,1,4,15:19:18,21.529,21.529,2.0,2.0,0.0,0
2020,3,ricciardo,1,4,15:19:30,21.920,21.92,6.0,11.0,-5.0,0
2020,3,ocon,1,4,15:19:35,24.281,24.281,8.0,16.0,-8.0,0
2020,3,norris,1,4,15:19:40,23.012,23.012,10.0,18.0,-8.0,0
2020,3,russell,1,4,15:19:42,21.184,21.184,13.0,17.0,-4.0,0
2020,3,giovinazzi,1,4,15:19:50,22.283,22.283,15.0,19.0,-4.0,0
2020,3,kvyat,2,18,15:39:53,22.685,22.685,13.0,16.0,-3.0,0
2020,3,russell,2,19,15:41:33,21.367,21.367,17.0,17.0,0.0,0
2020,3,leclerc,2,20,15:42:29,22.564,22.564,9.0,15.0,-6.0,0
2020,3,giovinazzi,2,20,15:43:04,23.082,23.082,17.0,18.0,-1.0,0
2020,3,vettel,2,29,15:54:50,21.880,21.88,8.0,11.0,-3.0,0
2020,3,ocon,2,31,15:57:59,21.860,21.86,13.0,17.0,-4.0,0
2020,3,bottas,2,33,15:59:47,21.644,21.644,4.0,4.0,0.0,0
2020,3,latifi,3,31,16:00:38,28.367,28.367,19.0,19.0,0.0,0
2020,3,raikkonen,2,33,16:00:45,27.128,27.128,12.0,17.0,-5.0,0
2020,3,albon,2,34,16:01:43,22.174,22.174,6.0,9.0,-3.0,0
2020,3,grosjean,1,34,16:01:59,22.591,22.591,9.0,13.0,-4.0,0
2020,3,stroll,2,35,16:02:34,22.534,22.534,3.0,4.0,-1.0,0
2020,3,kevin_magnussen,1,35,16:03:02,23.621,23.621,5.0,9.0,-4.0,0
2020,3,perez,2,35,16:03:08,22.051,22.051,6.0,10.0,-4.0,0
2020,3,norris,2,35,16:03:33,22.742,22.742,13.0,15.0,-2.0,0
2020,3,max_verstappen,2,36,16:03:38,21.268,21.268,2.0,2.0,0.0,0
2020,3,hamilton,2,37,16:04:39,22.264,22.264,1.0,1.0,0.0,0
2020,3,sainz,2,40,16:10:06,22.438,22.438,6.0,11.0,-5.0,0
2020,3,giovinazzi,3,40,16:11:01,21.831,21.831,18.0,18.0,0.0,0
2020,3,latifi,4,39,16:12:52,21.802,21.802,19.0,19.0,0.0,0
2020,3,ricciardo,2,43,16:14:04,22.073,22.073,5.0,9.0,-4.0,0
2020,3,bottas,3,49,16:21:27,21.572,21.572,3.0,3.0,0.0,0
2020,3,russell,3,50,16:24:28,22.048,22.048,16.0,18.0,-2.0,0
2020,3,stroll,3,52,16:25:54,22.057,22.057,4.0,4.0,0.0,0
2020,3,latifi,5,52,16:31:33,25.767,25.767,19.0,19.0,0.0,0
2020,3,hamilton,3,66,16:43:33,22.426,22.426,1.0,1.0,0.0,0
2020,4,albon,1,6,14:26:01,28.834,28.834,12.0,18.0,-6.0,0
2020,4,ricciardo,1,12,14:35:22,29.559,29.559,6.0,7.0,-1.0,0
2020,4,norris,1,12,14:35:24,30.289,30.289,7.0,8.0,-1.0,0
2020,4,ocon,1,12,14:35:26,30.768,30.768,9.0,11.0,-2.0,0
2020,4,vettel,1,12,14:35:27,29.439,29.439,10.0,10.0,0.0,0
2020,4,gasly,1,12,14:35:29,29.414,29.414,11.0,13.0,-2.0,0
2020,4,giovinazzi,1,12,14:35:30,28.355,28.355,13.0,12.0,1.0,1
2020,4,raikkonen,1,12,14:35:35,36.590,36.59,15.0,16.0,-1.0,0
2020,4,russell,1,12,14:35:36,29.302,29.302,16.0,15.0,1.0,1
2020,4,latifi,1,12,14:35:42,31.371,31.371,17.0,17.0,0.0,0
2020,4,hamilton,1,13,14:37:01,28.805,28.805,1.0,1.0,0.0,0
2020,4,bottas,1,13,14:37:06,30.571,30.571,2.0,2.0,0.0,0
2020,4,max_verstappen,1,13,14:37:10,28.208,28.208,3.0,3.0,0.0,0
2020,4,leclerc,1,13,14:37:21,29.520,29.52,4.0,4.0,0.0,0
2020,4,sainz,1,13,14:37:27,28.487,28.487,6.0,6.0,0.0,0
2020,4,stroll,1,13,14:37:32,28.716,28.716,8.0,9.0,-1.0,0
2020,4,albon,2,30,15:08:33,33.308,33.308,14.0,17.0,-3.0,0
2020,4,grosjean,1,36,15:17:38,33.816,33.816,7.0,17.0,-10.0,0
2020,4,raikkonen,2,47,15:35:09,44.085,44.085,17.0,17.0,0.0,0
2020,4,max_verstappen,2,50,15:38:04,28.273,28.273,3.0,2.0,1.0,1
2020,4,bottas,2,50,15:38:33,33.602,33.602,2.0,11.0,-9.0,0
2020,5,albon,1,6,14:22:39,28.417,28.417,9.0,19.0,-10.0,0
2020,5,gasly,1,7,14:24:09,28.356,28.356,7.0,17.0,-10.0,0
2020,5,giovinazzi,1,7,14:24:23,27.892,27.892,15.0,19.0,-4.0,0
2020,5,russell,1,8,14:25:59,28.391,28.391,16.0,18.0,-2.0,0
2020,5,kevin_magnussen,1,9,14:27:31,28.934,28.934,12.0,19.0,-7.0,0
2020,5,latifi,1,9,14:27:35,28.696,28.696,17.0,20.0,-3.0,0
2020,5,norris,1,12,14:31:56,27.949,27.949,7.0,13.0,-6.0,0
2020,5,bottas,1,13,14:33:10,28.408,28.408,1.0,4.0,-3.0,0
2020,5,hamilton,1,14,14:34:45,28.406,28.406,2.0,4.0,-2.0,0
2020,5,ricciardo,1,14,14:34:58,28.587,28.587,6.0,10.0,-4.0,0
2020,5,hulkenberg,1,15,14:36:26,28.981,28.981,3.0,7.0,-4.0,0
2020,5,grosjean,1,17,14:40:00,29.377,29.377,11.0,20.0,-9.0,0
2020,5,stroll,1,18,14:41:04,28.235,28.235,2.0,6.0,-4.0,0
2020,5,leclerc,1,18,14:41:13,29.419,29.419,5.0,10.0,-5.0,0
2020,5,kvyat,1,19,14:43:00,28.036,28.036,9.0,15.0,-6.0,0
2020,5,kevin_magnussen,2,20,14:45:03,29.389,29.389,18.0,20.0,-2.0,0
2020,5,sainz,1,22,14:47:30,35.864,35.864,4.0,12.0,-8.0,0
2020,5,ocon,1,22,14:47:36,28.093,28.093,7.0,10.0,-3.0,0
2020,5,vettel,1,22,14:47:40,28.167,28.167,9.0,13.0,-4.0,0
2020,5,gasly,2,23,14:49:25,28.306,28.306,13.0,18.0,-5.0,0
2020,5,russell,2,24,14:51:11,28.331,28.331,17.0,19.0,-2.0,0
2020,5,max_verstappen,1,26,14:53:04,29.115,29.115,1.0,1.0,0.0,0
2020,5,ricciardo,2,26,14:53:46,28.167,28.167,6.0,11.0,-5.0,0
2020,5,raikkonen,1,26,14:54:13,29.296,29.296,14.0,17.0,-3.0,0
2020,5,latifi,2,26,14:54:19,28.086,28.086,16.0,19.0,-3.0,0
2020,5,norris,2,29,14:58:32,28.874,28.874,7.0,13.0,-6.0,0
2020,5,hulkenberg,2,30,14:59:44,28.386,28.386,4.0,5.0,-1.0,0
2020,5,albon,2,30,15:00:01,27.858,27.858,7.0,11.0,-4.0,0
2020,5,stroll,2,31,15:01:17,27.974,27.974,5.0,6.0,-1.0,0
2020,5,max_verstappen,2,32,15:02:28,28.986,28.986,1.0,2.0,-1.0,0
2020,5,bottas,2,32,15:02:31,28.188,28.188,2.0,3.0,-1.0,0
2020,5,vettel,2,33,15:04:55,28.352,28.352,10.0,13.0,-3.0,0
2020,5,giovinazzi,2,33,15:05:16,27.693,27.693,15.0,19.0,-4.0,0
2020,5,sainz,2,34,15:06:26,28.772,28.772,9.0,13.0,-4.0,0
2020,5,kvyat,2,35,15:07:54,28.365,28.365,7.0,10.0,-3.0,0
2020,5,ricciardo,3,35,15:08:07,28.057,28.057,11.0,16.0,-5.0,0
2020,5,grosjean,2,38,15:12:59,29.803,29.803,14.0,18.0,-4.0,0
2020,5,russell,3,39,15:14:39,28.692,28.692,17.0,19.0,-2.0,0
2020,5,hamilton,2,41,15:16:16,29.402,29.402,1.0,4.0,-3.0,0
2020,5,hulkenberg,3,44,15:21:21,28.736,28.736,5.0,7.0,-2.0,0
2020,5,latifi,3,46,15:25:31,29.049,29.049,16.0,19.0,-3.0,0
2020,6,albon,1,17,15:37:35,21.663,21.663,6.0,16.0,-10.0,0
2020,6,russell,1,19,15:40:50,22.708,22.708,17.0,19.0,-2.0,0
2020,6,raikkonen,1,20,15:42:15,22.314,22.314,14.0,19.0,-5.0,0
2020,6,max_verstappen,1,21,15:42:49,21.532,21.532,2.0,3.0,-1.0,0
2020,6,gasly,1,21,15:43:20,22.241,22.241,7.0,13.0,-6.0,0
2020,6,norris,1,21,15:43:22,22.099,22.099,9.0,14.0,-5.0,0
2020,6,kvyat,1,21,15:43:30,23.036,23.036,11.0,16.0,-5.0,0
2020,6,giovinazzi,1,21,15:43:48,22.243,22.243,18.0,20.0,-2.0,0
2020,6,sainz,1,22,15:44:43,22.078,22.078,6.0,12.0,-6.0,0
2020,6,hamilton,1,23,15:45:28,23.377,23.377,1.0,1.0,0.0,0
2020,6,bottas,1,23,15:45:39,22.310,22.31,2.0,3.0,-1.0,0
2020,6,stroll,1,27,15:51:47,22.351,22.351,4.0,8.0,-4.0,0
2020,6,kevin_magnussen,1,28,15:53:40,24.148,24.148,9.0,19.0,-10.0,0
2020,6,latifi,1,28,15:54:06,22.322,22.322,19.0,20.0,-1.0,0
2020,6,perez,1,29,15:54:39,22.641,22.641,4.0,6.0,-2.0,0
2020,6,leclerc,1,29,15:54:45,22.274,22.274,5.0,12.0,-7.0,0
2020,6,vettel,1,29,15:54:53,21.820,21.82,6.0,14.0,-8.0,0
2020,6,grosjean,1,32,15:59:39,23.212,23.212,16.0,19.0,-3.0,0
2020,6,ocon,1,34,16:02:12,22.366,22.366,9.0,16.0,-7.0,0
2020,6,ricciardo,1,35,16:03:27,21.837,21.837,4.0,12.0,-8.0,0
2020,6,russell,2,35,16:03:47,21.889,21.889,15.0,17.0,-2.0,0
2020,6,albon,2,39,16:09:10,21.804,21.804,7.0,11.0,-4.0,0
2020,6,max_verstappen,2,41,16:10:56,21.601,21.601,2.0,3.0,-1.0,0
2020,6,sainz,2,41,16:11:55,22.166,22.166,6.0,9.0,-3.0,0
2020,6,stroll,2,42,16:13:17,22.388,22.388,4.0,8.0,-4.0,0
2020,6,gasly,2,42,16:13:22,22.394,22.394,6.0,11.0,-5.0,0
2020,6,norris,2,44,16:16:10,21.761,21.761,5.0,10.0,-5.0,0
2020,6,raikkonen,2,44,16:16:43,22.197,22.197,13.0,18.0,-5.0,0
2020,6,kvyat,2,45,16:17:43,22.079,22.079,6.0,12.0,-6.0,0
2020,6,giovinazzi,2,45,16:18:12,21.794,21.794,14.0,19.0,-5.0,0
2020,6,bottas,2,48,16:20:38,22.143,22.143,2.0,3.0,-1.0,0
2020,6,hamilton,2,50,16:23:05,21.853,21.853,1.0,1.0,0.0,0
2020,6,latifi,2,49,16:24:00,22.475,22.475,17.0,19.0,-2.0,0
2020,6,grosjean,2,62,16:42:16,24.010,24.01,18.0,19.0,-1.0,0
2020,6,bottas,3,64,16:42:47,22.607,22.607,3.0,3.0,0.0,0
2020,7,leclerc,1,10,15:32:40,30.678,30.678,12.0,14.0,-2.0,0
2020,7,raikkonen,1,10,15:32:46,22.960,22.96,15.0,13.0,2.0,1
2020,7,grosjean,1,10,15:32:51,23.636,23.636,17.0,15.0,2.0,1
2020,7,kevin_magnussen,1,10,15:32:57,26.156,26.156,18.0,16.0,2.0,1
2020,7,latifi,1,10,15:33:00,23.532,23.532,19.0,17.0,2.0,1
2020,7,hamilton,1,11,15:34:33,23.298,23.298,1.0,1.0,0.0,0
2020,7,bottas,1,11,15:34:37,25.548,25.548,2.0,2.0,0.0,0
2020,7,max_verstappen,1,11,15:34:40,23.314,23.314,3.0,3.0,0.0,0
2020,7,ricciardo,1,11,15:34:49,23.586,23.586,4.0,6.0,-2.0,0
2020,7,ocon,1,11,15:34:54,24.305,24.305,5.0,8.0,-3.0,0
2020,7,albon,1,11,15:34:55,22.738,22.738,6.0,7.0,-1.0,0
2020,7,stroll,1,11,15:34:58,23.689,23.689,7.0,9.0,-2.0,0
2020,7,norris,1,11,15:35:05,23.046,23.046,10.0,10.0,0.0,0
2020,7,kvyat,1,11,15:35:10,23.769,23.769,11.0,11.0,0.0,0
2020,7,vettel,1,11,15:35:12,22.982,22.982,12.0,12.0,0.0,0
2020,7,perez,1,18,15:51:01,23.175,23.175,7.0,17.0,-10.0,0
2020,7,leclerc,2,24,16:02:10,25.100,25.1,13.0,17.0,-4.0,0
2020,7,gasly,1,26,16:05:44,22.681,22.681,6.0,15.0,-9.0,0
2020,7,latifi,2,30,16:13:23,23.477,23.477,16.0,17.0,-1.0,0
2020,7,kevin_magnussen,2,35,16:22:33,24.339,24.339,15.0,17.0,-2.0,0
2020,8,latifi,1,16,15:36:53,26.335,26.335,18.0,18.0,0.0,0
2020,8,leclerc,1,17,15:38:12,24.344,24.344,13.0,17.0,-4.0,0
2020,8,raikkonen,1,18,15:39:31,24.454,24.454,12.0,16.0,-4.0,0
2020,8,gasly,1,19,15:40:55,24.096,24.096,10.0,14.0,-4.0,0
2020,8,hamilton,1,20,15:41:58,24.671,24.671,1.0,1.0,0.0,0
2020,8,giovinazzi,1,20,15:42:53,23.998,23.998,13.0,10.0,3.0,1
2020,8,sainz,1,22,15:46:40,24.398,24.398,1.0,6.0,-5.0,0
2020,8,norris,1,22,15:46:47,24.612,24.612,3.0,7.0,-4.0,0
2020,8,ricciardo,1,22,15:46:48,25.498,25.498,5.0,10.0,-5.0,0
2020,8,perez,1,22,15:46:48,26.693,26.693,4.0,14.0,-10.0,0
2020,8,bottas,1,22,15:46:49,24.410,24.41,6.0,8.0,-2.0,0
2020,8,max_verstappen,1,22,15:46:50,26.149,26.149,7.0,11.0,-4.0,0
2020,8,ocon,1,22,15:46:55,25.290,25.29,9.0,12.0,-3.0,0
2020,8,kvyat,1,22,15:46:56,25.920,25.92,10.0,13.0,-3.0,0
2020,8,albon,1,22,15:46:56,29.661,29.661,11.0,16.0,-5.0,0
2020,8,grosjean,1,22,15:46:57,25.936,25.936,12.0,17.0,-5.0,0
2020,8,russell,1,22,15:46:57,25.249,25.249,13.0,15.0,-2.0,0
2020,8,hamilton,3,28,16:25:20,31.643,31.643,1.0,17.0,-16.0,0
2020,8,giovinazzi,3,30,16:28:15,31.480,31.48,3.0,16.0,-13.0,0
2020,9,bottas,1,7,15:28:34,17.560,17.56,1.0,1.0,0.0,0
2020,9,hamilton,1,7,15:28:37,17.536,17.536,2.0,2.0,0.0,0
2020,9,leclerc,1,7,15:28:38,17.516,17.516,3.0,3.0,0.0,0
2020,9,albon,1,7,15:28:39,17.591,17.591,4.0,5.0,-1.0,0
2020,9,stroll,1,7,15:28:41,17.625,17.625,5.0,4.0,1.0,1
2020,9,ricciardo,1,7,15:28:42,17.464,17.464,6.0,6.0,0.0,0
2020,9,perez,1,7,15:28:44,17.531,17.531,7.0,7.0,0.0,0
2020,9,norris,1,7,15:28:45,17.845,17.845,8.0,8.0,0.0,0
2020,9,kvyat,1,7,15:28:47,17.522,17.522,9.0,9.0,0.0,0
2020,9,russell,1,7,15:28:49,18.399,18.399,11.0,10.0,1.0,1
2020,9,raikkonen,2,7,15:28:51,17.594,17.594,13.0,11.0,2.0,1
2020,9,vettel,2,7,15:28:52,17.516,17.516,14.0,12.0,2.0,1
2020,9,grosjean,1,7,15:28:53,24.781,24.781,15.0,13.0,2.0,1
2020,9,leclerc,3,21,16:15:31,23.469,23.469,6.0,13.0,-7.0,0
2020,9,ricciardo,3,27,16:23:46,22.777,22.777,4.0,5.0,-1.0,0
2020,9,raikkonen,4,27,16:24:17,33.281,33.281,11.0,13.0,-2.0,0
2020,9,perez,3,28,16:25:26,23.088,23.088,5.0,6.0,-1.0,0
2020,9,vettel,4,28,16:25:43,22.995,22.995,10.0,11.0,-1.0,0
2020,9,grosjean,3,28,16:25:52,23.720,23.72,12.0,12.0,0.0,0
2020,9,norris,3,29,16:26:50,24.137,24.137,5.0,8.0,-3.0,0
2020,9,kvyat,3,29,16:26:55,23.113,23.113,6.0,9.0,-3.0,0
2020,9,russell,3,29,16:27:04,23.638,23.638,8.0,10.0,-2.0,0
2020,9,stroll,3,30,16:27:59,22.846,22.846,3.0,5.0,-2.0,0
2020,9,bottas,3,31,16:29:09,23.111,23.111,2.0,2.0,0.0,0
2020,9,hamilton,3,32,16:30:24,22.445,22.445,1.0,1.0,0.0,0
2020,9,albon,3,32,16:30:50,22.387,22.387,2.0,5.0,-3.0,0
2020,9,leclerc,4,37,16:38:26,23.367,23.367,8.0,11.0,-3.0,0
2020,9,raikkonen,5,42,16:45:58,28.960,28.96,12.0,12.0,0.0,0
2020,9,bottas,4,43,16:46:01,23.199,23.199,2.0,2.0,0.0,0
2020,9,grosjean,4,42,16:46:13,24.002,24.002,13.0,11.0,2.0,1
2020,9,ricciardo,4,43,16:46:24,22.963,22.963,3.0,3.0,0.0,0
2020,9,albon,4,43,16:46:29,22.822,22.822,5.0,4.0,1.0,1
2020,9,perez,4,43,16:46:45,23.002,23.002,6.0,5.0,1.0,1
2020,9,norris,4,43,16:46:51,24.820,24.82,7.0,6.0,1.0,1
2020,9,kvyat,4,43,16:47:06,22.745,22.745,8.0,7.0,1.0,1
2020,9,russell,4,43,16:47:25,23.367,23.367,9.0,11.0,-2.0,0
2020,9,vettel,5,43,16:47:29,22.489,22.489,10.0,12.0,-2.0,0
2020,9,hamilton,4,44,16:47:42,22.800,22.8,1.0,1.0,0.0,0
2020,10,russell,2,14,14:43:16,29.433,29.433,18.0,18.0,0.0,0
2020,10,ricciardo,1,15,14:44:24,30.112,30.112,5.0,13.0,-8.0,0
2020,10,hamilton,1,16,14:45:50,41.352,41.352,1.0,10.0,-9.0,0
2020,10,giovinazzi,1,16,14:46:23,29.767,29.767,12.0,16.0,-4.0,0
2020,10,grosjean,1,17,14:48:03,30.054,30.054,10.0,15.0,-5.0,0
2020,10,latifi,1,17,14:48:20,29.862,29.862,17.0,17.0,0.0,0
2020,10,ocon,1,18,14:49:24,30.068,30.068,3.0,8.0,-5.0,0
2020,10,gasly,1,18,14:49:32,29.770,29.77,5.0,12.0,-7.0,0
2020,10,kevin_magnussen,1,19,14:51:23,30.188,30.188,8.0,14.0,-6.0,0
2020,10,perez,1,20,14:52:46,29.602,29.602,3.0,6.0,-3.0,0
2020,10,max_verstappen,1,25,15:00:57,28.748,28.748,2.0,3.0,-1.0,0
2020,10,bottas,1,26,15:02:26,29.750,29.75,1.0,1.0,0.0,0
2020,10,albon,2,27,15:05:10,30.111,30.111,11.0,16.0,-5.0,0
2020,10,leclerc,1,28,15:06:20,30.261,30.261,2.0,7.0,-5.0,0
2020,10,kvyat,1,30,15:09:46,29.662,29.662,3.0,8.0,-5.0,0
2020,10,vettel,1,30,15:10:13,29.395,29.395,9.0,16.0,-7.0,0
2020,10,raikkonen,1,35,15:18:43,33.317,33.317,10.0,16.0,-6.0,0
2020,10,gasly,2,42,15:30:21,29.409,29.409,9.0,11.0,-2.0,0
2020,10,grosjean,2,42,15:31:06,29.988,29.988,15.0,18.0,-3.0,0
2020,10,norris,2,47,15:39:13,31.368,31.368,9.0,15.0,-6.0,0
2020,10,russell,3,50,15:45:09,29.675,29.675,18.0,18.0,0.0,0
2020,11,albon,1,7,14:24:20,23.562,23.562,6.0,20.0,-14.0,0
2020,11,leclerc,1,10,14:29:03,22.560,22.56,5.0,17.0,-12.0,0
2020,11,raikkonen,1,10,14:29:22,22.865,22.865,18.0,20.0,-2.0,0
2020,11,vettel,1,11,14:30:54,22.616,22.616,11.0,18.0,-7.0,0
2020,11,bottas,1,13,14:33:18,22.625,22.625,1.0,3.0,-2.0,0
2020,11,kevin_magnussen,1,14,14:35:37,23.016,23.016,13.0,18.0,-5.0,0
2020,11,latifi,1,14,14:35:40,24.737,24.737,15.0,19.0,-4.0,0
2020,11,giovinazzi,1,15,14:37:09,22.482,22.482,10.0,14.0,-4.0,0
2020,11,hamilton,1,16,14:37:59,23.983,23.983,1.0,1.0,0.0,0
2020,11,max_verstappen,1,16,14:38:04,22.106,22.106,2.0,2.0,0.0,0
2020,11,ricciardo,1,16,14:38:37,22.159,22.159,4.0,7.0,-3.0,0
2020,11,kvyat,1,17,14:41:05,30.826,30.826,13.0,18.0,-5.0,0
2020,11,perez,1,28,14:57:23,22.880,22.88,4.0,5.0,-1.0,0
2020,11,sainz,1,28,14:57:31,22.641,22.641,5.0,7.0,-2.0,0
2020,11,grosjean,1,28,14:57:54,23.635,23.635,10.0,15.0,-5.0,0
2020,11,norris,1,29,14:58:56,21.991,21.991,3.0,6.0,-3.0,0
2020,11,hulkenberg,1,29,14:59:24,22.700,22.7,9.0,14.0,-5.0,0
2020,11,gasly,1,30,15:00:55,22.625,22.625,7.0,12.0,-5.0,0
2020,11,latifi,2,33,15:06:01,24.063,24.063,14.0,15.0,-1.0,0
2020,11,kevin_magnussen,2,34,15:07:30,23.114,23.114,11.0,14.0,-3.0,0
2020,11,leclerc,2,35,15:08:35,23.111,23.111,5.0,9.0,-4.0,0
2020,11,giovinazzi,2,36,15:10:28,22.772,22.772,8.0,13.0,-5.0,0
2020,11,vettel,2,41,15:18:18,24.366,24.366,9.0,14.0,-5.0,0
2020,11,ricciardo,2,44,15:22:03,22.530,22.53,3.0,3.0,0.0,0
2020,11,sainz,2,44,15:22:26,22.503,22.503,5.0,5.0,0.0,0
2020,11,hamilton,2,45,15:22:31,23.180,23.18,1.0,1.0,0.0,0
2020,11,max_verstappen,2,45,15:22:43,22.568,22.568,2.0,2.0,0.0,0
2020,11,gasly,2,44,15:23:04,22.917,22.917,7.0,8.0,-1.0,0
2020,11,hulkenberg,2,44,15:23:08,22.686,22.686,8.0,9.0,-1.0,0
2020,11,raikkonen,2,44,15:23:17,33.016,33.016,9.0,14.0,-5.0,0
2020,11,kvyat,2,44,15:23:55,22.527,22.527,15.0,15.0,0.0,0
2020,11,perez,2,45,15:24:17,22.612,22.612,4.0,4.0,0.0,0
2020,12,raikkonen,1,11,13:28:58,29.061,29.061,9.0,20.0,-11.0,0
2020,12,ricciardo,1,14,13:33:08,26.999,26.999,9.0,19.0,-10.0,0
2020,12,norris,1,18,13:38:42,34.807,34.807,7.0,19.0,-12.0,0
2020,12,stroll,1,18,13:38:52,36.314,36.314,8.0,20.0,-12.0,0
2020,12,albon,1,19,13:40:09,26.287,26.287,8.0,18.0,-10.0,0
2020,12,max_verstappen,1,23,13:45:13,26.394,26.394,3.0,6.0,-3.0,0
2020,12,latifi,1,24,13:47:22,26.739,26.739,15.0,19.0,-4.0,0
2020,12,kvyat,1,25,13:48:37,27.211,27.211,11.0,18.0,-7.0,0
2020,12,sainz,1,26,13:49:45,27.299,27.299,5.0,13.0,-8.0,0
2020,12,grosjean,1,26,13:50:03,26.985,26.985,12.0,17.0,-5.0,0
2020,12,vettel,1,27,13:51:14,26.666,26.666,8.0,14.0,-6.0,0
2020,12,gasly,1,28,13:52:25,27.204,27.204,4.0,9.0,-5.0,0
2020,12,giovinazzi,1,28,13:52:49,26.473,26.473,10.0,16.0,-6.0,0
2020,12,kevin_magnussen,1,31,13:57:08,27.300,27.3,12.0,19.0,-7.0,0
2020,12,leclerc,1,34,14:00:19,26.940,26.94,3.0,4.0,-1.0,0
2020,12,stroll,2,34,14:01:48,37.483,37.483,20.0,20.0,0.0,0
2020,12,russell,1,36,14:03:48,32.991,32.991,7.0,15.0,-8.0,0
2020,12,hamilton,1,40,14:07:56,27.162,27.162,1.0,1.0,0.0,0
2020,12,bottas,1,41,14:09:27,26.512,26.512,2.0,2.0,0.0,0
2020,12,norris,2,43,14:13:48,27.750,27.75,13.0,17.0,-4.0,0
2020,12,perez,2,45,14:15:49,26.635,26.635,5.0,6.0,-1.0,0
2020,12,albon,2,46,14:17:42,25.882,25.882,11.0,12.0,-1.0,0
2020,12,ocon,1,53,14:26:47,28.535,28.535,5.0,8.0,-3.0,0
2020,12,kvyat,2,55,14:30:36,32.943,32.943,16.0,19.0,-3.0,0
2020,13,grosjean,1,9,13:25:41,30.422,30.422,17.0,18.0,-1.0,0
2020,13,giovinazzi,1,10,13:27:00,29.745,29.745,13.0,17.0,-4.0,0
2020,13,russell,1,11,13:28:18,29.707,29.707,12.0,16.0,-4.0,0
2020,13,leclerc,1,13,13:30:49,30.243,30.243,5.0,11.0,-6.0,0
2020,13,norris,1,13,13:30:56,29.683,29.683,9.0,14.0,-5.0,0
2020,13,ocon,1,13,13:30:59,30.559,30.559,11.0,16.0,-5.0,0
2020,13,ricciardo,1,14,13:32:09,30.204,30.204,4.0,10.0,-6.0,0
2020,13,kvyat,1,14,13:32:12,30.277,30.277,6.0,13.0,-7.0,0
2020,13,albon,1,14,13:32:12,29.770,29.77,5.0,12.0,-7.0,0
2020,13,sainz,1,17,13:36:15,29.950,29.95,4.0,13.0,-9.0,0
2020,13,max_verstappen,1,18,13:37:06,29.427,29.427,2.0,3.0,-1.0,0
2020,13,bottas,1,19,13:38:22,29.600,29.6,1.0,2.0,-1.0,0
2020,13,perez,1,27,13:49:28,29.985,29.985,4.0,7.0,-3.0,0
2020,13,kevin_magnussen,1,27,13:50:01,30.708,30.708,8.0,18.0,-10.0,0
2020,13,hamilton,1,30,13:52:53,30.382,30.382,1.0,1.0,0.0,0
2020,13,stroll,2,29,13:53:03,30.566,30.566,17.0,18.0,-1.0,0
2020,13,latifi,1,34,13:59:15,29.892,29.892,6.0,15.0,-9.0,0
2020,13,vettel,1,39,14:05:39,40.497,40.497,4.0,14.0,-10.0,0
2020,13,raikkonen,1,48,14:17:39,29.863,29.863,4.0,12.0,-8.0,0
2020,13,grosjean,2,50,14:21:06,31.199,31.199,16.0,13.0,3.0,1
2020,13,bottas,2,51,14:21:18,30.129,30.129,3.0,2.0,1.0,1
2020,13,perez,2,51,14:21:54,30.555,30.555,4.0,7.0,-3.0,0
2020,13,kvyat,2,51,14:22:09,29.809,29.809,8.0,8.0,0.0,0
2020,13,sainz,2,51,14:22:11,30.614,30.614,9.0,9.0,0.0,0
2020,13,hamilton,2,52,14:22:55,30.925,30.925,1.0,1.0,0.0,0
2020,13,vettel,2,51,14:22:57,29.934,29.934,13.0,14.0,-1.0,0
2020,13,stroll,3,52,14:25:09,36.630,36.63,15.0,15.0,0.0,0
2020,13,norris,2,53,14:25:29,30.203,30.203,6.0,9.0,-3.0,0
2020,13,albon,2,59,14:37:02,29.552,29.552,15.0,15.0,0.0,0
2020,14,leclerc,1,6,13:25:49,24.275,24.275,14.0,17.0,-3.0,0
2020,14,bottas,1,7,13:27:48,23.398,23.398,16.0,16.0,0.0,0
2020,14,vettel,1,8,13:28:57,24.022,24.022,3.0,7.0,-4.0,0
2020,14,hamilton,1,8,13:29:04,23.860,23.86,6.0,8.0,-2.0,0
2020,14,raikkonen,1,8,13:29:23,30.765,30.765,9.0,11.0,-2.0,0
2020,14,kevin_magnussen,1,8,13:29:27,24.552,24.552,10.0,10.0,0.0,0
2020,14,giovinazzi,1,8,13:29:38,25.432,25.432,11.0,17.0,-6.0,0
2020,14,kvyat,1,8,13:29:42,23.417,23.417,12.0,18.0,-6.0,0
2020,14,grosjean,1,8,13:29:52,26.686,26.686,16.0,19.0,-3.0,0
2020,14,stroll,1,9,13:30:37,23.730,23.73,1.0,3.0,-2.0,0
2020,14,latifi,1,8,13:30:54,24.738,24.738,20.0,20.0,0.0,0
2020,14,norris,1,9,13:31:36,22.684,22.684,13.0,14.0,-1.0,0
2020,14,perez,1,10,13:32:35,25.163,25.163,2.0,3.0,-1.0,0
2020,14,ricciardo,1,10,13:32:52,23.470,23.47,5.0,7.0,-2.0,0
2020,14,sainz,1,10,13:32:56,23.910,23.91,6.0,8.0,-2.0,0
2020,14,gasly,1,10,13:33:26,23.669,23.669,9.0,15.0,-6.0,0
2020,14,ocon,2,10,13:33:43,23.475,23.475,15.0,18.0,-3.0,0
2020,14,max_verstappen,1,11,13:34:27,24.256,24.256,2.0,3.0,-1.0,0
2020,14,albon,1,12,13:36:22,22.602,22.602,2.0,6.0,-4.0,0
2020,14,max_verstappen,2,18,13:47:55,22.518,22.518,3.0,8.0,-5.0,0
2020,14,leclerc,2,30,14:08:52,23.687,23.687,9.0,9.0,0.0,0
2020,14,raikkonen,2,30,14:09:48,31.356,31.356,14.0,17.0,-3.0,0
2020,14,ricciardo,2,32,14:12:20,23.208,23.208,6.0,9.0,-3.0,0
2020,14,russell,1,32,14:13:13,22.692,22.692,12.0,15.0,-3.0,0
2020,14,vettel,2,33,14:13:43,25.401,25.401,4.0,5.0,-1.0,0
2020,14,sainz,2,33,14:14:01,23.537,23.537,6.0,8.0,-2.0,0
2020,14,gasly,2,33,14:14:57,23.288,23.288,12.0,15.0,-3.0,0
2020,14,albon,2,34,14:15:35,22.490,22.49,3.0,6.0,-3.0,0
2020,14,stroll,2,36,14:18:49,23.650,23.65,1.0,4.0,-3.0,0
2020,14,norris,2,36,14:19:42,23.686,23.686,10.0,10.0,0.0,0
2020,14,grosjean,2,36,14:20:55,31.422,31.422,17.0,17.0,0.0,0
2020,14,max_verstappen,3,43,14:31:06,22.787,22.787,3.0,7.0,-4.0,0
2020,14,russell,2,42,14:31:11,22.888,22.888,16.0,16.0,0.0,0
2020,14,bottas,2,46,14:37:34,22.853,22.853,13.0,15.0,-2.0,0
2020,14,raikkonen,3,50,14:44:57,23.180,23.18,15.0,15.0,0.0,0
2020,15,kevin_magnussen,2,3,18:41:46,38.297,38.297,17.0,18.0,-1.0,0
2020,15,bottas,2,4,18:43:43,24.936,24.936,4.0,16.0,-12.0,0
2020,15,ricciardo,2,16,19:06:25,24.617,24.617,8.0,15.0,-7.0,0
2020,15,ocon,2,17,19:07:58,24.076,24.076,6.0,13.0,-7.0,0
2020,15,kvyat,2,17,19:08:09,37.317,37.317,11.0,17.0,-6.0,0
2020,15,raikkonen,2,17,19:08:14,32.278,32.278,13.0,18.0,-5.0,0
2020,15,norris,2,18,19:09:33,24.679,24.679,5.0,10.0,-5.0,0
2020,15,hamilton,2,19,19:10:46,24.061,24.061,1.0,1.0,0.0,0
2020,15,albon,2,19,19:11:03,24.172,24.172,4.0,7.0,-3.0,0
2020,15,max_verstappen,2,20,19:12:27,24.622,24.622,2.0,2.0,0.0,0
2020,15,perez,2,20,19:12:34,24.317,24.317,3.0,4.0,-1.0,0
2020,15,russell,2,20,19:13:06,24.029,24.029,8.0,13.0,-5.0,0
2020,15,giovinazzi,2,20,19:13:16,24.145,24.145,12.0,16.0,-4.0,0
2020,15,vettel,2,20,19:13:19,24.774,24.774,16.0,17.0,-1.0,0
2020,15,sainz,2,21,19:14:28,24.511,24.511,4.0,11.0,-7.0,0
2020,15,latifi,2,21,19:14:54,24.248,24.248,13.0,18.0,-5.0,0
2020,15,leclerc,2,23,19:17:53,25.199,25.199,6.0,11.0,-5.0,0
2020,15,gasly,2,25,19:21:01,24.398,24.398,5.0,9.0,-4.0,0
2020,15,bottas,3,25,19:21:09,24.734,24.734,6.0,11.0,-5.0,0
2020,15,kevin_magnussen,3,27,19:24:46,25.924,25.924,11.0,18.0,-7.0,0
2020,15,kvyat,3,33,19:34:29,24.135,24.135,13.0,17.0,-4.0,0
2020,15,max_verstappen,3,34,19:34:47,26.950,26.95,2.0,2.0,0.0,0
2020,15,albon,3,34,19:35:11,23.848,23.848,4.0,6.0,-2.0,0
2020,15,ocon,3,34,19:35:41,25.254,25.254,8.0,11.0,-3.0,0
2020,15,hamilton,3,35,19:36:16,24.345,24.345,1.0,1.0,0.0,0
2020,15,perez,3,36,19:38:16,24.589,24.589,2.0,3.0,-1.0,0
2020,15,ricciardo,3,36,19:38:50,24.817,24.817,7.0,10.0,-3.0,0
2020,15,latifi,3,37,19:41:05,24.024,24.024,16.0,18.0,-2.0,0
2020,15,norris,3,38,19:41:45,24.666,24.666,3.0,6.0,-3.0,0
2020,15,bottas,4,38,19:42:04,24.675,24.675,8.0,11.0,-3.0,0
2020,15,sainz,3,39,19:43:27,25.502,25.502,5.0,7.0,-2.0,0
2020,15,russell,3,39,19:44:08,27.146,27.146,12.0,15.0,-3.0,0
2020,15,vettel,3,39,19:44:14,25.444,25.444,14.0,16.0,-2.0,0
2020,15,leclerc,3,40,19:45:27,24.855,24.855,8.0,11.0,-3.0,0
2020,15,raikkonen,3,40,19:45:59,25.270,25.27,15.0,18.0,-3.0,0
2020,15,max_verstappen,4,46,19:53:52,23.906,23.906,2.0,2.0,0.0,0
2020,15,giovinazzi,3,53,20:07:02,24.836,24.836,13.0,16.0,-3.0,0
2020,15,kevin_magnussen,4,53,20:07:38,25.793,25.793,18.0,17.0,1.0,1
2020,16,norris,1,20,20:35:27,24.885,24.885,9.0,18.0,-9.0,0
2020,16,raikkonen,1,23,20:38:44,28.518,28.518,16.0,18.0,-2.0,0
2020,16,giovinazzi,1,26,20:41:34,24.810,24.81,13.0,16.0,-3.0,0
2020,16,kevin_magnussen,1,26,20:41:37,25.474,25.474,14.0,17.0,-3.0,0
2020,16,kvyat,1,27,20:42:12,24.101,24.101,5.0,10.0,-5.0,0
2020,16,latifi,1,27,20:42:32,24.297,24.297,12.0,15.0,-3.0,0
2020,16,sainz,1,28,20:43:07,24.162,24.162,3.0,8.0,-5.0,0
2020,16,gasly,1,28,20:43:13,25.077,25.077,6.0,11.0,-5.0,0
2020,16,ricciardo,1,29,20:44:08,24.474,24.474,3.0,9.0,-6.0,0
2020,16,vettel,1,31,20:46:25,26.216,26.216,7.0,12.0,-5.0,0
2020,16,aitken,1,31,20:46:36,24.863,24.863,12.0,16.0,-4.0,0
2020,16,pietro_fittipaldi,1,31,20:46:50,27.681,27.681,14.0,18.0,-4.0,0
2020,16,ocon,1,41,20:55:57,24.414,24.414,4.0,9.0,-5.0,0
2020,16,stroll,1,42,20:56:54,24.684,24.684,3.0,10.0,-7.0,0
2020,16,russell,1,45,20:59:22,24.708,24.708,1.0,2.0,-1.0,0
2020,16,perez,2,47,21:01:49,24.507,24.507,3.0,9.0,-6.0,0
2020,16,albon,1,47,21:01:54,23.874,23.874,4.0,11.0,-7.0,0
2020,16,bottas,1,49,21:03:18,24.552,24.552,1.0,2.0,-1.0,0
2020,16,gasly,2,51,21:05:56,24.577,24.577,6.0,12.0,-6.0,0
2020,16,kvyat,2,53,21:07:47,24.232,24.232,4.0,9.0,-5.0,0
2020,16,norris,2,54,21:09:09,24.245,24.245,10.0,11.0,-1.0,0
2020,16,pietro_fittipaldi,2,53,21:09:11,26.393,26.393,18.0,17.0,1.0,1
2020,16,vettel,2,54,21:09:21,28.080,28.08,11.0,12.0,-1.0,0
2020,16,giovinazzi,2,54,21:09:30,24.551,24.551,13.0,13.0,0.0,0
2020,16,kevin_magnussen,2,54,21:09:40,25.466,25.466,14.0,14.0,0.0,0
2020,16,aitken,2,54,21:09:43,25.688,25.688,15.0,15.0,0.0,0
2020,16,raikkonen,2,54,21:09:49,24.401,24.401,16.0,16.0,0.0,0
2020,16,sainz,2,55,21:09:54,24.853,24.853,3.0,7.0,-4.0,0
2020,16,ricciardo,2,55,21:09:56,24.695,24.695,4.0,8.0,-4.0,0
2020,16,aitken,3,59,21:15:05,40.028,40.028,15.0,17.0,-2.0,0
2020,16,russell,2,62,21:16:30,28.765,28.765,1.0,5.0,-4.0,0
2020,16,bottas,2,62,21:16:37,52.874,52.874,2.0,4.0,-2.0,0
2020,16,albon,2,62,21:17:23,23.645,23.645,6.0,10.0,-4.0,0
2020,16,raikkonen,3,62,21:18:42,24.686,24.686,15.0,15.0,0.0,0
2020,16,vettel,3,63,21:19:11,24.809,24.809,12.0,12.0,0.0,0
2020,16,pietro_fittipaldi,3,63,21:20:20,25.780,25.78,16.0,16.0,0.0,0
2020,16,russell,4,78,21:35:26,24.235,24.235,2.0,14.0,-12.0,0
2020,17,max_verstappen,1,10,17:30:57,21.289,21.289,1.0,1.0,0.0,0
2020,17,bottas,1,10,17:31:02,21.587,21.587,2.0,2.0,0.0,0
2020,17,hamilton,1,10,17:31:09,22.406,22.406,3.0,3.0,0.0,0
2020,17,albon,1,10,17:31:15,21.508,21.508,4.0,4.0,0.0,0
2020,17,norris,1,10,17:31:22,21.840,21.84,5.0,6.0,-1.0,0
2020,17,sainz,1,10,17:31:29,22.140,22.14,6.0,9.0,-3.0,0
2020,17,stroll,1,10,17:31:30,22.036,22.036,7.0,10.0,-3.0,0
2020,17,kvyat,1,10,17:31:37,25.724,25.724,9.0,14.0,-5.0,0
2020,17,ocon,1,10,17:31:40,21.615,21.615,11.0,13.0,-2.0,0
2020,17,raikkonen,1,10,17:31:49,22.012,22.012,14.0,16.0,-2.0,0
2020,17,russell,1,10,17:31:56,22.085,22.085,16.0,17.0,-1.0,0
2020,17,pietro_fittipaldi,1,10,17:32:05,26.329,26.329,18.0,19.0,-1.0,0
2020,17,latifi,1,11,17:34:29,21.357,21.357,19.0,18.0,1.0,1
2020,17,leclerc,1,22,17:54:48,22.178,22.178,11.0,19.0,-8.0,0
2020,17,giovinazzi,1,27,18:03:41,21.480,21.48,15.0,19.0,-4.0,0
2020,17,kevin_magnussen,1,31,18:10:52,22.714,22.714,18.0,19.0,-1.0,0
2020,17,pietro_fittipaldi,2,34,18:16:09,28.501,28.501,18.0,19.0,-1.0,0
2020,17,vettel,1,35,18:17:15,22.040,22.04,9.0,15.0,-6.0,0
2020,17,latifi,2,35,18:17:41,22.384,22.384,16.0,17.0,-1.0,0
2020,17,ricciardo,1,39,18:23:37,22.123,22.123,5.0,7.0,-2.0,0
2020,17,kevin_magnussen,2,47,18:39:11,23.098,23.098,18.0,18.0,0.0,0
2020,17,pietro_fittipaldi,3,48,18:41:11,23.217,23.217,19.0,19.0,0.0,0
2021,1,perez,1,2,18:11:56,23.993,23.993,19.0,15.0,4.0,1
2021,1,gasly,1,4,18:16:14,38.338,38.338,5.0,19.0,-14.0,0
2021,1,alonso,1,11,18:27:32,24.373,24.373,8.0,15.0,-7.0,0
2021,1,norris,1,12,18:29:05,24.899,24.899,4.0,8.0,-4.0,0
2021,1,leclerc,1,12,18:29:06,24.925,24.925,5.0,9.0,-4.0,0
2021,1,stroll,1,12,18:29:09,24.884,24.884,7.0,12.0,-5.0,0
2021,1,giovinazzi,1,12,18:29:14,31.998,31.998,10.0,16.0,-6.0,0
2021,1,hamilton,1,13,18:30:29,24.839,24.839,2.0,3.0,-1.0,0
2021,1,ricciardo,1,13,18:30:45,24.688,24.688,4.0,10.0,-6.0,0
2021,1,raikkonen,1,13,18:30:52,24.107,24.107,9.0,13.0,-4.0,0
2021,1,ocon,1,13,18:30:55,25.226,25.226,12.0,14.0,-2.0,0
2021,1,russell,1,13,18:31:02,24.621,24.621,15.0,16.0,-1.0,0
2021,1,latifi,1,14,18:32:44,26.046,26.046,11.0,18.0,-7.0,0
2021,1,mick_schumacher,1,14,18:32:58,25.798,25.798,17.0,19.0,-2.0,0
2021,1,sainz,1,15,18:34:04,24.353,24.353,3.0,11.0,-8.0,0
2021,1,tsunoda,1,15,18:34:12,25.046,25.046,6.0,14.0,-8.0,0
2021,1,bottas,1,16,18:35:24,24.262,24.262,2.0,3.0,-1.0,0
2021,1,max_verstappen,1,17,18:36:54,24.767,24.767,1.0,2.0,-1.0,0
2021,1,perez,2,19,18:40:35,24.105,24.105,4.0,9.0,-5.0,0
2021,1,gasly,2,19,18:41:17,24.317,24.317,18.0,19.0,-1.0,0
2021,1,vettel,1,24,18:49:08,24.626,24.626,12.0,17.0,-5.0,0
2021,1,hamilton,2,28,18:54:40,24.076,24.076,1.0,3.0,-2.0,0
2021,1,stroll,2,28,18:55:23,25.525,25.525,8.0,13.0,-5.0,0
2021,1,raikkonen,2,29,18:57:06,24.046,24.046,10.0,13.0,-3.0,0
2021,1,alonso,2,29,18:57:13,24.775,24.775,12.0,15.0,-3.0,0
2021,1,bottas,2,30,18:57:58,32.897,32.897,2.0,4.0,-2.0,0
2021,1,giovinazzi,2,30,18:58:53,24.223,24.223,13.0,14.0,-1.0,0
2021,1,ocon,2,31,19:00:29,24.471,24.471,10.0,14.0,-4.0,0
2021,1,leclerc,2,32,19:01:40,24.176,24.176,4.0,7.0,-3.0,0
2021,1,ricciardo,2,32,19:01:44,24.655,24.655,6.0,8.0,-2.0,0
2021,1,latifi,2,32,19:02:32,23.983,23.983,16.0,17.0,-1.0,0
2021,1,norris,2,33,19:03:11,25.640,25.64,3.0,6.0,-3.0,0
2021,1,tsunoda,2,33,19:03:36,24.328,24.328,9.0,13.0,-4.0,0
2021,1,mick_schumacher,2,33,19:04:27,25.343,25.343,19.0,18.0,1.0,1
2021,1,russell,2,36,19:08:48,24.248,24.248,10.0,16.0,-6.0,0
2021,1,sainz,2,37,19:09:53,24.341,24.341,5.0,9.0,-4.0,0
2021,1,perez,3,38,19:11:20,24.191,24.191,4.0,7.0,-3.0,0
2021,1,max_verstappen,2,39,19:12:13,23.848,23.848,1.0,2.0,-1.0,0
2021,1,gasly,3,39,19:13:55,24.983,24.983,15.0,16.0,-1.0,0
2021,1,bottas,3,54,19:36:21,24.566,24.566,3.0,3.0,0.0,0
2021,2,vettel,1,3,15:10:09,32.024,32.024,17.0,18.0,-1.0,0
2021,2,mick_schumacher,1,5,15:15:11,51.007,51.007,19.0,19.0,0.0,0
2021,2,mazepin,1,12,15:27:20,31.168,31.168,18.0,19.0,-1.0,0
2021,2,gasly,1,14,15:30:10,31.068,31.068,14.0,18.0,-4.0,0
2021,2,mick_schumacher,2,21,15:41:24,32.479,32.479,18.0,18.0,0.0,0
2021,2,vettel,3,22,15:42:52,39.502,39.502,17.0,17.0,0.0,0
2021,2,mazepin,2,23,15:45:20,31.500,31.5,19.0,19.0,0.0,0
2021,2,tsunoda,1,25,15:46:39,30.696,30.696,13.0,15.0,-2.0,0
2021,2,russell,1,26,15:47:53,29.983,29.983,10.0,10.0,0.0,0
2021,2,raikkonen,1,26,15:47:55,30.280,30.28,11.0,11.0,0.0,0
2021,2,max_verstappen,1,27,15:47:59,29.809,29.809,1.0,1.0,0.0,0
2021,2,gasly,2,26,15:48:45,32.277,32.277,16.0,16.0,0.0,0
2021,2,sainz,1,27,15:48:51,30.856,30.856,6.0,6.0,0.0,0
2021,2,ricciardo,1,27,15:48:57,34.340,34.34,7.0,7.0,0.0,0
2021,2,stroll,1,27,15:49:16,31.138,31.138,8.0,9.0,-1.0,0
2021,2,hamilton,1,28,15:49:27,32.112,32.112,1.0,2.0,-1.0,0
2021,2,giovinazzi,1,27,15:49:32,32.299,32.299,12.0,13.0,-1.0,0
2021,2,ocon,2,27,15:49:42,30.652,30.652,13.0,14.0,-1.0,0
2021,2,leclerc,1,28,15:49:43,31.002,31.002,3.0,3.0,0.0,0
2021,2,perez,1,28,15:49:58,44.608,44.608,4.0,5.0,-1.0,0
2021,2,norris,1,28,15:50:11,30.654,30.654,5.0,4.0,1.0,1
2021,2,bottas,1,28,15:50:46,30.167,30.167,8.0,9.0,-1.0,0
2021,2,alonso,1,28,15:51:18,30.864,30.864,11.0,15.0,-4.0,0
2021,2,stroll,3,33,16:24:36,1:05.390,65.39,7.0,7.0,0.0,0
2021,2,raikkonen,3,33,16:24:42,1:02.892,62.892,8.0,9.0,-1.0,0
2021,2,hamilton,4,33,16:24:48,1:05.870,65.87,9.0,8.0,1.0,1
2021,2,tsunoda,3,33,16:24:52,1:03.280,63.28,10.0,15.0,-5.0,0
2021,2,giovinazzi,3,33,16:24:58,1:00.172,60.172,11.0,10.0,1.0,1
2021,2,alonso,3,33,16:25:04,57.601,57.601,12.0,11.0,1.0,1
2021,2,ocon,5,33,16:25:06,56.733,56.733,13.0,13.0,0.0,0
2021,2,gasly,4,33,16:25:09,56.083,56.083,14.0,12.0,2.0,1
2021,2,vettel,5,33,16:25:15,52.043,52.043,15.0,14.0,1.0,1
2021,2,mick_schumacher,4,32,16:25:16,51.222,51.222,16.0,16.0,0.0,0
2021,2,mazepin,4,32,16:25:22,49.729,49.729,17.0,17.0,0.0,0
2021,2,giovinazzi,4,40,16:36:13,29.742,29.742,9.0,15.0,-6.0,0
2021,3,bottas,1,2,15:06:11,21.377,21.377,1.0,1.0,0.0,0
2021,3,hamilton,1,2,15:06:13,22.426,22.426,2.0,2.0,0.0,0
2021,3,max_verstappen,1,2,15:06:14,22.718,22.718,3.0,3.0,0.0,0
2021,3,sainz,1,2,15:06:16,22.029,22.029,4.0,4.0,0.0,0
2021,3,perez,1,2,15:06:18,21.890,21.89,5.0,5.0,0.0,0
2021,3,norris,1,2,15:06:19,21.407,21.407,6.0,6.0,0.0,0
2021,3,ocon,1,2,15:06:21,21.275,21.275,7.0,7.0,0.0,0
2021,3,leclerc,1,2,15:06:23,21.323,21.323,8.0,8.0,0.0,0
2021,3,gasly,1,2,15:06:24,21.353,21.353,9.0,9.0,0.0,0
2021,3,vettel,1,2,15:06:26,21.398,21.398,10.0,10.0,0.0,0
2021,3,russell,1,2,15:06:27,23.532,23.532,11.0,11.0,0.0,0
2021,3,giovinazzi,1,2,15:06:29,22.485,22.485,12.0,12.0,0.0,0
2021,3,ricciardo,1,2,15:06:31,21.965,21.965,14.0,13.0,1.0,1
2021,3,alonso,1,2,15:06:34,21.452,21.452,15.0,14.0,1.0,1
2021,3,tsunoda,1,2,15:06:36,22.266,22.266,16.0,15.0,1.0,1
2021,3,stroll,1,2,15:06:37,22.264,22.264,17.0,16.0,1.0,1
2021,3,latifi,1,2,15:06:39,21.970,21.97,18.0,17.0,1.0,1
2021,3,mick_schumacher,1,2,15:06:40,22.019,22.019,19.0,18.0,1.0,1
2021,3,mazepin,1,2,15:06:42,21.372,21.372,20.0,19.0,1.0,1
2021,3,sainz,3,21,15:36:07,25.892,25.892,6.0,11.0,-5.0,0
2021,3,tsunoda,3,21,15:36:23,26.202,26.202,15.0,19.0,-4.0,0
2021,3,norris,3,22,15:37:29,26.952,26.952,5.0,10.0,-5.0,0
2021,3,ocon,3,22,15:37:35,27.033,27.033,8.0,13.0,-5.0,0
2021,3,vettel,3,22,15:37:40,26.620,26.62,11.0,15.0,-4.0,0
2021,3,giovinazzi,3,22,15:37:41,26.729,26.729,12.0,17.0,-5.0,0
2021,3,gasly,3,24,15:40:23,26.172,26.172,6.0,11.0,-5.0,0
2021,3,latifi,3,24,15:40:50,26.595,26.595,13.0,19.0,-6.0,0
2021,3,leclerc,3,25,15:41:44,27.082,27.082,5.0,10.0,-5.0,0
2021,3,russell,3,28,15:46:30,26.843,26.843,14.0,19.0,-5.0,0
2021,3,mazepin,3,31,15:50:54,27.186,27.186,17.0,19.0,-2.0,0
2021,3,mick_schumacher,3,32,15:52:09,27.245,27.245,15.0,18.0,-3.0,0
2021,3,max_verstappen,3,35,15:55:06,26.743,26.743,3.0,3.0,0.0,0
2021,3,bottas,3,36,15:56:27,26.938,26.938,2.0,4.0,-2.0,0
2021,3,hamilton,3,37,15:57:46,26.907,26.907,1.0,2.0,-1.0,0
2021,3,stroll,3,39,16:01:22,26.027,26.027,7.0,14.0,-7.0,0
2021,3,alonso,3,40,16:02:37,26.442,26.442,6.0,11.0,-5.0,0
2021,3,ricciardo,3,41,16:03:56,28.639,28.639,5.0,10.0,-5.0,0
2021,3,mazepin,4,43,16:08:31,26.984,26.984,19.0,19.0,0.0,0
2021,3,perez,3,51,16:17:18,26.607,26.607,1.0,4.0,-3.0,0
2021,3,bottas,4,63,16:33:39,26.573,26.573,3.0,3.0,0.0,0
2021,3,max_verstappen,4,64,16:34:55,26.319,26.319,2.0,2.0,0.0,0
2021,4,giovinazzi,1,8,15:15:06,54.673,54.673,15.0,19.0,-4.0,0
2021,4,russell,1,9,15:17:07,23.814,23.814,16.0,16.0,0.0,0
2021,4,latifi,1,9,15:17:10,26.672,26.672,18.0,17.0,1.0,1
2021,4,gasly,1,18,15:30:37,28.042,28.042,13.0,19.0,-6.0,0
2021,4,alonso,1,21,15:34:51,22.043,22.043,11.0,15.0,-4.0,0
2021,4,vettel,1,21,15:34:52,23.087,23.087,12.0,17.0,-5.0,0
2021,4,sainz,1,22,15:36:10,21.779,21.779,8.0,11.0,-3.0,0
2021,4,stroll,1,22,15:36:15,21.756,21.756,10.0,14.0,-4.0,0
2021,4,mazepin,1,22,15:36:40,23.098,23.098,18.0,19.0,-1.0,0
2021,4,bottas,1,23,15:37:18,22.311,22.311,4.0,6.0,-2.0,0
2021,4,ocon,1,23,15:37:33,22.798,22.798,7.0,12.0,-5.0,0
2021,4,norris,1,23,15:37:35,21.864,21.864,8.0,13.0,-5.0,0
2021,4,mick_schumacher,1,23,15:37:59,24.006,24.006,15.0,18.0,-3.0,0
2021,4,max_verstappen,1,24,15:38:32,23.565,23.565,1.0,3.0,-2.0,0
2021,4,ricciardo,1,25,15:40:16,22.406,22.406,4.0,7.0,-3.0,0
2021,4,perez,1,27,15:43:06,22.382,22.382,4.0,7.0,-3.0,0
2021,4,latifi,2,27,15:43:32,21.424,21.424,9.0,17.0,-8.0,0
2021,4,hamilton,1,28,15:44:07,22.220,22.22,1.0,2.0,-1.0,0
2021,4,leclerc,1,28,15:44:20,21.613,21.613,2.0,4.0,-2.0,0
2021,4,russell,2,28,15:44:52,21.919,21.919,8.0,16.0,-8.0,0
2021,4,raikkonen,1,37,15:57:41,21.572,21.572,9.0,15.0,-6.0,0
2021,4,vettel,2,38,15:59:08,21.973,21.973,12.0,16.0,-4.0,0
2021,4,stroll,2,39,16:00:28,21.432,21.432,10.0,14.0,-4.0,0
2021,4,giovinazzi,2,39,16:00:52,22.871,22.871,16.0,18.0,-2.0,0
2021,4,hamilton,2,42,16:03:32,22.078,22.078,2.0,3.0,-1.0,0
2021,4,mazepin,2,42,16:05:36,22.502,22.502,19.0,19.0,0.0,0
2021,4,ricciardo,2,46,16:09:49,21.762,21.762,5.0,8.0,-3.0,0
2021,4,sainz,2,46,16:09:50,21.856,21.856,7.0,9.0,-2.0,0
2021,4,gasly,2,47,16:11:47,26.065,26.065,11.0,16.0,-5.0,0
2021,4,latifi,3,50,16:16:19,22.405,22.405,15.0,17.0,-2.0,0
2021,4,mick_schumacher,2,50,16:16:33,22.310,22.31,17.0,18.0,-1.0,0
2021,4,norris,2,51,16:17:08,22.467,22.467,9.0,11.0,-2.0,0
2021,4,bottas,2,53,16:18:52,21.638,21.638,3.0,4.0,-1.0,0
2021,4,perez,2,57,16:24:55,21.345,21.345,5.0,5.0,0.0,0
2021,4,leclerc,2,58,16:26:05,22.292,22.292,4.0,4.0,0.0,0
2021,4,max_verstappen,2,60,16:28:18,21.592,21.592,1.0,2.0,-1.0,0
2021,4,alonso,2,61,16:31:41,23.479,23.479,10.0,17.0,-7.0,0
2021,5,hamilton,1,29,15:40:07,23.783,23.783,6.0,7.0,-1.0,0
2021,5,norris,1,30,15:41:20,23.874,23.874,4.0,4.0,0.0,0
2021,5,gasly,1,30,15:41:23,24.428,24.428,5.0,6.0,-1.0,0
2021,5,vettel,1,31,15:42:42,24.369,24.369,3.0,5.0,-2.0,0
2021,5,russell,1,31,15:43:46,23.928,23.928,14.0,16.0,-2.0,0
2021,5,sainz,1,32,15:43:47,24.150,24.15,2.0,3.0,-1.0,0
2021,5,giovinazzi,1,33,15:45:42,24.521,24.521,8.0,12.0,-4.0,0
2021,5,max_verstappen,1,34,15:46:10,23.746,23.746,1.0,1.0,0.0,0
2021,5,perez,1,35,15:47:44,24.548,24.548,2.0,4.0,-2.0,0
2021,5,mazepin,1,34,15:48:25,25.202,25.202,17.0,17.0,0.0,0
2021,5,ricciardo,1,36,15:49:52,24.715,24.715,11.0,13.0,-2.0,0
2021,5,ocon,1,37,15:50:48,23.935,23.935,8.0,10.0,-2.0,0
2021,5,mick_schumacher,1,37,15:52:43,24.797,24.797,18.0,18.0,0.0,0
2021,5,raikkonen,1,43,15:58:41,24.077,24.077,9.0,11.0,-2.0,0
2021,5,latifi,1,43,15:59:23,23.703,23.703,14.0,16.0,-2.0,0
2021,5,alonso,1,45,16:01:34,23.803,23.803,11.0,13.0,-2.0,0
2021,5,stroll,1,58,16:17:28,23.474,23.474,8.0,8.0,0.0,0
2021,5,tsunoda,1,64,16:26:09,24.430,24.43,14.0,16.0,-2.0,0
2021,5,hamilton,2,67,16:28:48,24.244,24.244,7.0,7.0,0.0,0
2021,6,giovinazzi,1,2,16:07:56,20.402,20.402,15.0,18.0,-3.0,0
2021,6,alonso,1,7,16:16:54,20.168,20.168,7.0,14.0,-7.0,0
2021,6,norris,1,7,16:16:56,20.533,20.533,11.0,15.0,-4.0,0
2021,6,mick_schumacher,1,8,16:19:00,22.440,22.44,16.0,18.0,-2.0,0
2021,6,leclerc,1,9,16:20:20,19.836,19.836,4.0,9.0,-5.0,0
2021,6,tsunoda,1,9,16:20:28,20.253,20.253,7.0,11.0,-4.0,0
2021,6,latifi,1,9,16:20:47,22.149,22.149,13.0,17.0,-4.0,0
2021,6,mazepin,1,9,16:20:57,21.759,21.759,15.0,19.0,-4.0,0
2021,6,sainz,1,10,16:22:11,20.064,20.064,5.0,15.0,-10.0,0
2021,6,hamilton,1,11,16:23:50,22.470,22.47,1.0,4.0,-3.0,0
2021,6,gasly,1,11,16:23:55,20.156,20.156,4.0,6.0,-2.0,0
2021,6,bottas,1,11,16:24:08,20.356,20.356,7.0,11.0,-4.0,0
2021,6,ricciardo,1,11,16:24:12,20.082,20.082,8.0,13.0,-5.0,0
2021,6,max_verstappen,1,12,16:25:37,19.769,19.769,1.0,2.0,-1.0,0
2021,6,perez,1,13,16:27:25,21.874,21.874,1.0,3.0,-2.0,0
2021,6,raikkonen,1,13,16:27:59,20.048,20.048,8.0,15.0,-7.0,0
2021,6,vettel,1,18,16:36:33,19.841,19.841,1.0,7.0,-6.0,0
2021,6,alonso,2,34,17:09:13,19.983,19.983,12.0,11.0,1.0,1
2021,6,giovinazzi,2,34,17:09:14,20.193,20.193,13.0,14.0,-1.0,0
2021,6,russell,2,34,17:09:15,20.029,20.029,15.0,16.0,-1.0,0
2021,6,mick_schumacher,2,34,17:09:16,1:09.761,69.761,17.0,17.0,0.0,0
2021,6,mazepin,2,34,17:11:01,21.958,21.958,18.0,18.0,0.0,0
2021,6,mick_schumacher,3,44,17:28:35,21.587,21.587,17.0,16.0,1.0,1
2021,6,perez,2,47,17:33:39,15.277,15.277,1.0,1.0,0.0,0
2021,6,hamilton,2,47,17:33:39,15.432,15.432,2.0,2.0,0.0,0
2021,6,vettel,2,47,17:33:42,14.945,14.945,3.0,3.0,0.0,0
2021,6,gasly,2,47,17:33:45,15.085,15.085,4.0,4.0,0.0,0
2021,6,leclerc,2,47,17:33:48,15.092,15.092,5.0,5.0,0.0,0
2021,6,tsunoda,2,47,17:33:50,14.943,14.943,6.0,6.0,0.0,0
2021,6,norris,2,47,17:33:53,15.866,15.866,7.0,7.0,0.0,0
2021,6,sainz,2,47,17:33:56,15.119,15.119,8.0,8.0,0.0,0
2021,6,ricciardo,2,47,17:34:01,14.994,14.994,9.0,9.0,0.0,0
2021,6,alonso,3,47,17:34:03,15.432,15.432,10.0,10.0,0.0,0
2021,6,raikkonen,2,47,17:34:05,15.064,15.064,11.0,11.0,0.0,0
2021,6,giovinazzi,3,47,17:34:07,14.881,14.881,12.0,12.0,0.0,0
2021,6,bottas,2,47,17:34:08,21.346,21.346,13.0,13.0,0.0,0
2021,6,mick_schumacher,4,47,17:35:06,15.058,15.058,16.0,15.0,1.0,1
2021,6,mazepin,6,48,18:09:58,1:26.440,86.44,17.0,14.0,3.0,1
2021,7,leclerc,1,14,15:26:59,30.798,30.798,7.0,17.0,-10.0,0
2021,7,tsunoda,1,15,15:28:52,30.226,30.226,15.0,18.0,-3.0,0
2021,7,mick_schumacher,1,15,15:29:09,31.457,31.457,20.0,20.0,0.0,0
2021,7,ricciardo,1,16,15:30:21,29.951,29.951,7.0,12.0,-5.0,0
2021,7,bottas,1,17,15:31:34,30.572,30.572,3.0,4.0,-1.0,0
2021,7,sainz,1,17,15:32:00,30.534,30.534,5.0,13.0,-8.0,0
2021,7,gasly,1,17,15:32:01,30.781,30.781,6.0,14.0,-8.0,0
2021,7,russell,1,17,15:32:17,30.092,30.092,14.0,18.0,-4.0,0
2021,7,max_verstappen,1,18,15:33:10,29.803,29.803,2.0,2.0,0.0,0
2021,7,alonso,1,18,15:33:49,31.288,31.288,7.0,15.0,-8.0,0
2021,7,latifi,1,18,15:34:01,29.775,29.775,12.0,19.0,-7.0,0
2021,7,hamilton,1,19,15:34:46,30.263,30.263,1.0,3.0,-2.0,0
2021,7,perez,1,24,15:43:14,29.682,29.682,1.0,4.0,-3.0,0
2021,7,norris,1,24,15:43:44,30.531,30.531,5.0,13.0,-8.0,0
2021,7,ocon,1,28,15:50:47,30.207,30.207,12.0,17.0,-5.0,0
2021,7,giovinazzi,1,28,15:50:48,30.586,30.586,13.0,18.0,-5.0,0
2021,7,mazepin,1,31,15:56:17,30.983,30.983,19.0,20.0,-1.0,0
2021,7,max_verstappen,2,32,15:56:20,30.123,30.123,1.0,4.0,-3.0,0
2021,7,raikkonen,1,33,15:59:18,31.327,31.327,13.0,18.0,-5.0,0
2021,7,stroll,1,34,16:00:37,30.996,30.996,6.0,14.0,-8.0,0
2021,7,vettel,1,37,16:05:29,31.069,31.069,5.0,10.0,-5.0,0
2021,7,leclerc,2,38,16:07:29,31.368,31.368,10.0,16.0,-6.0,0
2021,8,mazepin,1,21,15:28:40,22.759,22.759,17.0,18.0,-1.0,0
2021,8,giovinazzi,1,23,15:30:50,21.210,21.21,16.0,17.0,-1.0,0
2021,8,russell,1,25,15:33:03,37.309,37.309,8.0,18.0,-10.0,0
2021,8,perez,1,26,15:33:46,23.477,23.477,3.0,5.0,-2.0,0
2021,8,latifi,2,25,15:34:10,21.953,21.953,19.0,19.0,0.0,0
2021,8,tsunoda,1,26,15:34:15,21.234,21.234,8.0,13.0,-5.0,0
2021,8,bottas,1,27,15:34:56,21.752,21.752,3.0,4.0,-1.0,0
2021,8,alonso,1,27,15:35:25,21.131,21.131,7.0,12.0,-5.0,0
2021,8,vettel,1,27,15:35:28,21.546,21.546,9.0,14.0,-5.0,0
2021,8,hamilton,1,28,15:35:48,21.219,21.219,2.0,2.0,0.0,0
2021,8,stroll,1,28,15:36:35,20.936,20.936,6.0,11.0,-5.0,0
2021,8,max_verstappen,1,29,15:36:53,20.936,20.936,1.0,1.0,0.0,0
2021,8,norris,1,31,15:39:53,21.692,21.692,3.0,6.0,-3.0,0
2021,8,mick_schumacher,1,33,15:43:09,22.400,22.4,16.0,17.0,-1.0,0
2021,8,raikkonen,1,36,15:46:10,21.227,21.227,7.0,13.0,-6.0,0
2021,8,ocon,1,36,15:46:14,21.238,21.238,10.0,15.0,-5.0,0
2021,8,leclerc,2,37,15:47:22,21.924,21.924,8.0,14.0,-6.0,0
2021,8,sainz,1,41,15:51:48,21.226,21.226,5.0,7.0,-2.0,0
2021,8,ricciardo,1,41,15:52:04,21.410,21.41,7.0,15.0,-8.0,0
2021,8,perez,2,54,16:06:26,20.961,20.961,4.0,4.0,0.0,0
2021,8,hamilton,2,69,16:23:22,21.640,21.64,2.0,2.0,0.0,0
2021,9,tsunoda,1,12,15:18:55,21.145,21.145,6.0,19.0,-13.0,0
2021,9,gasly,1,13,15:20:04,22.564,22.564,5.0,17.0,-12.0,0
2021,9,stroll,1,14,15:21:20,21.391,21.391,6.0,19.0,-13.0,0
2021,9,vettel,1,17,15:24:54,21.086,21.086,5.0,17.0,-12.0,0
2021,9,ricciardo,1,29,15:38:55,21.151,21.151,5.0,11.0,-6.0,0
2021,9,giovinazzi,2,29,15:39:18,27.122,27.122,14.0,18.0,-4.0,0
2021,9,norris,1,30,15:39:39,26.474,26.474,3.0,4.0,-1.0,0
2021,9,bottas,1,30,15:39:41,21.071,21.071,4.0,3.0,1.0,1
2021,9,russell,1,30,15:40:16,21.606,21.606,9.0,16.0,-7.0,0
2021,9,hamilton,1,31,15:40:45,21.005,21.005,2.0,2.0,0.0,0
2021,9,max_verstappen,1,32,15:41:42,21.090,21.09,1.0,1.0,0.0,0
2021,9,perez,1,32,15:42:28,21.735,21.735,6.0,10.0,-4.0,0
2021,9,alonso,1,32,15:42:41,22.663,22.663,9.0,15.0,-6.0,0
2021,9,latifi,1,33,15:44:01,21.152,21.152,12.0,16.0,-4.0,0
2021,9,leclerc,1,34,15:44:47,21.143,21.143,5.0,10.0,-5.0,0
2021,9,mick_schumacher,1,34,15:45:26,21.798,21.798,17.0,18.0,-1.0,0
2021,9,raikkonen,1,37,15:48:30,21.896,21.896,6.0,15.0,-9.0,0
2021,9,gasly,2,45,15:57:48,20.850,20.85,6.0,12.0,-6.0,0
2021,9,mazepin,2,45,15:58:58,23.182,23.182,19.0,19.0,0.0,0
2021,9,stroll,2,46,15:59:19,21.472,21.472,13.0,17.0,-4.0,0
2021,9,sainz,1,48,16:01:07,21.431,21.431,5.0,8.0,-3.0,0
2021,9,vettel,2,49,16:02:39,20.841,20.841,10.0,14.0,-4.0,0
2021,9,tsunoda,2,51,16:04:57,26.604,26.604,9.0,14.0,-5.0,0
2021,9,hamilton,2,53,16:06:32,21.421,21.421,3.0,4.0,-1.0,0
2021,9,max_verstappen,2,60,16:14:03,21.236,21.236,1.0,1.0,0.0,0
2021,10,raikkonen,2,18,16:09:59,28.110,28.11,10.0,14.0,-4.0,0
2021,10,perez,2,18,16:10:00,27.892,27.892,12.0,13.0,-1.0,0
2021,10,russell,2,18,16:10:03,27.812,27.812,14.0,15.0,-1.0,0
2021,10,vettel,2,18,16:10:08,28.145,28.145,17.0,17.0,0.0,0
2021,10,ocon,2,19,16:11:30,28.772,28.772,9.0,12.0,-3.0,0
2021,10,latifi,2,19,16:11:41,27.543,27.543,16.0,16.0,0.0,0
2021,10,ricciardo,2,20,16:12:48,28.817,28.817,5.0,9.0,-4.0,0
2021,10,norris,2,21,16:14:08,31.706,31.706,3.0,5.0,-2.0,0
2021,10,bottas,2,22,16:15:42,28.209,28.209,4.0,4.0,0.0,0
2021,10,stroll,2,23,16:17:39,28.213,28.213,7.0,10.0,-3.0,0
2021,10,giovinazzi,2,23,16:17:51,28.137,28.137,10.0,15.0,-5.0,0
2021,10,alonso,2,24,16:19:10,29.743,29.743,6.0,9.0,-3.0,0
2021,10,mick_schumacher,2,24,16:20:00,29.319,29.319,18.0,18.0,0.0,0
2021,10,mazepin,2,25,16:21:37,29.253,29.253,19.0,18.0,1.0,1
2021,10,hamilton,2,27,16:23:17,40.266,40.266,2.0,4.0,-2.0,0
2021,10,sainz,2,28,16:25:06,37.509,37.509,3.0,6.0,-3.0,0
2021,10,gasly,2,28,16:25:29,28.685,28.685,6.0,11.0,-5.0,0
2021,10,leclerc,2,29,16:26:18,28.433,28.433,1.0,1.0,0.0,0
2021,10,tsunoda,2,30,16:28:42,29.134,29.134,7.0,13.0,-6.0,0
2021,10,perez,3,38,16:41:17,27.848,27.848,9.0,15.0,-6.0,0
2021,10,gasly,3,46,16:53:40,28.180,28.18,9.0,13.0,-4.0,0
2021,10,perez,4,48,16:56:54,29.082,29.082,10.0,16.0,-6.0,0
2021,11,ocon,2,3,15:34:31,39.522,39.522,2.0,1.0,1.0,1
2021,11,vettel,2,3,15:34:31,40.882,40.882,3.0,2.0,1.0,1
2021,11,sainz,2,3,15:34:32,42.786,42.786,4.0,5.0,-1.0,0
2021,11,tsunoda,2,3,15:34:33,40.740,40.74,5.0,4.0,1.0,1
2021,11,latifi,2,3,15:34:34,39.081,39.081,6.0,3.0,3.0,1
2021,11,alonso,2,3,15:34:40,37.122,37.122,7.0,6.0,1.0,1
2021,11,russell,2,3,15:34:41,29.374,29.374,8.0,7.0,1.0,1
2021,11,raikkonen,2,3,15:34:41,35.451,35.451,9.0,8.0,1.0,1
2021,11,mick_schumacher,2,3,15:34:42,36.813,36.813,10.0,10.0,0.0,0
2021,11,gasly,2,3,15:34:43,39.839,39.839,11.0,12.0,-1.0,0
2021,11,ricciardo,2,3,15:34:43,34.492,34.492,12.0,9.0,3.0,1
2021,11,max_verstappen,3,3,15:34:44,35.245,35.245,13.0,11.0,2.0,1
2021,11,giovinazzi,3,3,15:34:48,36.899,36.899,16.0,13.0,3.0,1
2021,11,hamilton,2,4,15:36:34,21.731,21.731,13.0,14.0,-1.0,0
2021,11,giovinazzi,4,11,15:46:53,29.191,29.191,14.0,14.0,0.0,0
2021,11,raikkonen,3,15,15:52:26,36.457,36.457,8.0,14.0,-6.0,0
2021,11,hamilton,3,19,15:58:08,21.516,21.516,11.0,10.0,1.0,1
2021,11,ricciardo,3,20,15:59:29,21.623,21.623,8.0,11.0,-3.0,0
2021,11,max_verstappen,4,20,15:59:31,21.047,21.047,9.0,12.0,-3.0,0
2021,11,russell,3,21,16:00:52,22.186,22.186,7.0,10.0,-3.0,0
2021,11,tsunoda,3,22,16:02:06,21.819,21.819,4.0,6.0,-2.0,0
2021,11,latifi,3,23,16:03:29,22.704,22.704,3.0,7.0,-4.0,0
2021,11,gasly,3,30,16:13:24,21.295,21.295,5.0,8.0,-3.0,0
2021,11,sainz,3,32,16:15:52,21.951,21.951,3.0,4.0,-1.0,0
2021,11,giovinazzi,5,33,16:18:12,21.874,21.874,14.0,14.0,0.0,0
2021,11,mick_schumacher,3,34,16:19:34,22.113,22.113,10.0,13.0,-3.0,0
2021,11,vettel,3,36,16:21:14,22.703,22.703,2.0,3.0,-1.0,0
2021,11,ocon,3,37,16:22:34,21.642,21.642,1.0,2.0,-1.0,0
2021,11,alonso,3,39,16:25:35,21.523,21.523,1.0,5.0,-4.0,0
2021,11,max_verstappen,5,40,16:27:50,20.848,20.848,11.0,12.0,-1.0,0
2021,11,hamilton,4,47,16:36:41,21.208,21.208,4.0,5.0,-1.0,0
2021,11,raikkonen,4,53,16:45:57,21.172,21.172,12.0,12.0,0.0,0
2021,11,gasly,4,68,17:05:56,21.543,21.543,6.0,6.0,0.0,0
2021,13,mick_schumacher,1,4,15:08:42,35.573,35.573,18.0,20.0,-2.0,0
2021,13,perez,1,8,15:13:52,19.287,19.287,18.0,19.0,-1.0,0
2021,13,vettel,1,10,15:16:24,18.664,18.664,15.0,19.0,-4.0,0
2021,13,hamilton,1,20,15:28:18,19.770,19.77,2.0,3.0,-1.0,0
2021,13,max_verstappen,1,21,15:29:30,19.142,19.142,1.0,2.0,-1.0,0
2021,13,latifi,1,23,15:33:19,20.646,20.646,17.0,19.0,-2.0,0
2021,13,gasly,1,24,15:33:50,19.163,19.163,4.0,7.0,-3.0,0
2021,13,giovinazzi,1,27,15:38:13,19.049,19.049,10.0,14.0,-4.0,0
2021,13,russell,1,27,15:38:14,18.634,18.634,11.0,15.0,-4.0,0
2021,13,stroll,1,27,15:38:17,19.389,19.389,12.0,16.0,-4.0,0
2021,13,ricciardo,1,30,15:42:01,19.449,19.449,9.0,11.0,-2.0,0
2021,13,bottas,1,31,15:42:24,18.873,18.873,2.0,3.0,-1.0,0
2021,13,sainz,1,31,15:42:58,20.327,20.327,5.0,7.0,-2.0,0
2021,13,ocon,1,31,15:43:12,19.240,19.24,8.0,10.0,-2.0,0
2021,13,tsunoda,1,31,15:43:30,19.850,19.85,12.0,17.0,-5.0,0
2021,13,mick_schumacher,2,30,15:43:39,24.578,24.578,20.0,20.0,0.0,0
2021,13,alonso,1,33,15:45:41,19.018,19.018,6.0,9.0,-3.0,0
2021,13,giovinazzi,2,33,15:46:17,20.043,20.043,12.0,18.0,-6.0,0
2021,13,mazepin,1,33,15:46:35,19.999,19.999,19.0,19.0,0.0,0
2021,13,leclerc,1,34,15:46:39,19.490,19.49,4.0,5.0,-1.0,0
2021,13,hamilton,2,39,15:52:19,18.868,18.868,2.0,2.0,0.0,0
2021,13,max_verstappen,2,40,15:53:30,18.578,18.578,1.0,1.0,0.0,0
2021,13,kubica,1,40,15:55:29,19.708,19.708,15.0,18.0,-3.0,0
2021,13,norris,1,42,15:57:26,20.443,20.443,7.0,11.0,-4.0,0
2021,13,vettel,2,44,16:00:37,18.681,18.681,16.0,18.0,-2.0,0
2021,13,perez,2,47,16:03:51,18.555,18.555,7.0,11.0,-4.0,0
2021,13,bottas,2,67,16:27:35,21.730,21.73,3.0,3.0,0.0,0
2021,13,hamilton,3,70,16:30:49,19.202,19.202,2.0,2.0,0.0,0
2021,14,ricciardo,1,22,15:35:18,23.812,23.812,1.0,6.0,-5.0,0
2021,14,vettel,1,22,15:35:56,25.157,25.157,13.0,15.0,-2.0,0
2021,14,max_verstappen,1,23,15:36:46,32.456,32.456,1.0,8.0,-7.0,0
2021,14,latifi,1,23,15:37:22,24.168,24.168,11.0,14.0,-3.0,0
2021,14,mick_schumacher,1,23,15:37:49,24.714,24.714,16.0,17.0,-1.0,0
2021,14,norris,1,24,15:38:19,24.168,24.168,1.0,6.0,-5.0,0
2021,14,mazepin,1,24,15:39:22,24.928,24.928,16.0,16.0,0.0,0
2021,14,stroll,1,25,15:40:09,24.846,24.846,8.0,7.0,1.0,1
2021,14,alonso,1,25,15:40:14,24.797,24.797,10.0,8.0,2.0,1
2021,14,giovinazzi,2,25,15:40:55,30.551,30.551,16.0,15.0,1.0,1
2021,14,leclerc,1,26,15:41:30,24.557,24.557,2.0,2.0,0.0,0
2021,14,perez,1,26,15:41:34,23.906,23.906,3.0,4.0,-1.0,0
2021,14,sainz,1,26,15:41:48,24.283,24.283,5.0,5.0,0.0,0
2021,14,bottas,1,26,15:41:50,24.308,24.308,6.0,6.0,0.0,0
2021,14,ocon,1,26,15:42:10,30.333,30.333,11.0,11.0,0.0,0
2021,14,russell,1,26,15:42:13,24.156,24.156,12.0,9.0,3.0,1
2021,14,kubica,1,26,15:42:21,24.501,24.501,13.0,12.0,1.0,1
2021,14,vettel,2,26,15:42:41,25.927,25.927,15.0,13.0,2.0,1
2021,14,mazepin,2,28,15:47:13,24.806,24.806,16.0,16.0,0.0,0
2021,14,mazepin,3,39,16:05:25,30.917,30.917,15.0,16.0,-1.0,0
2021,15,stroll,1,12,15:24:13,30.241,30.241,4.0,14.0,-10.0,0
2021,15,russell,1,13,15:25:55,30.665,30.665,3.0,15.0,-12.0,0
2021,15,latifi,1,13,15:26:27,30.056,30.056,18.0,18.0,0.0,0
2021,15,tsunoda,1,13,15:26:28,30.112,30.112,19.0,20.0,-1.0,0
2021,15,sainz,1,14,15:27:33,30.715,30.715,2.0,11.0,-9.0,0
2021,15,mazepin,1,14,15:28:09,30.127,30.127,17.0,20.0,-3.0,0
2021,15,ocon,1,15,15:29:27,29.901,29.901,7.0,15.0,-8.0,0
2021,15,raikkonen,1,15,15:29:28,30.102,30.102,8.0,16.0,-8.0,0
2021,15,mick_schumacher,1,20,15:38:36,29.996,29.996,17.0,20.0,-3.0,0
2021,15,ricciardo,1,22,15:41:11,33.617,33.617,2.0,13.0,-11.0,0
2021,15,hamilton,1,26,15:47:52,29.878,29.878,2.0,8.0,-6.0,0
2021,15,max_verstappen,1,26,15:47:58,29.578,29.578,5.0,11.0,-6.0,0
2021,15,vettel,1,26,15:48:09,29.242,29.242,7.0,16.0,-9.0,0
2021,15,norris,1,28,15:51:03,29.824,29.824,1.0,4.0,-3.0,0
2021,15,bottas,1,28,15:51:35,29.936,29.936,7.0,16.0,-9.0,0
2021,15,gasly,1,33,16:00:00,29.354,29.354,6.0,15.0,-9.0,0
2021,15,leclerc,1,35,16:03:07,31.849,31.849,4.0,13.0,-9.0,0
2021,15,perez,1,36,16:04:32,36.026,36.026,1.0,5.0,-4.0,0
2021,15,alonso,1,36,16:04:40,30.157,30.157,2.0,6.0,-4.0,0
2021,15,giovinazzi,1,36,16:05:27,30.081,30.081,16.0,18.0,-2.0,0
2021,15,russell,2,47,16:23:56,32.081,32.081,11.0,13.0,-2.0,0
2021,15,bottas,2,47,16:23:58,29.569,29.569,14.0,12.0,2.0,1
2021,15,raikkonen,2,47,16:23:59,30.131,30.131,13.0,14.0,-1.0,0
2021,15,mazepin,2,46,16:24:05,33.931,33.931,19.0,18.0,1.0,1
2021,15,max_verstappen,2,48,16:25:32,31.017,31.017,7.0,3.0,4.0,1
2021,15,sainz,2,48,16:25:33,30.677,30.677,4.0,6.0,-2.0,0
2021,15,ricciardo,2,48,16:25:35,31.016,31.016,6.0,8.0,-2.0,0
2021,15,stroll,2,48,16:26:01,43.124,43.124,10.0,13.0,-3.0,0
2021,15,hamilton,2,49,16:26:32,30.045,30.045,2.0,1.0,1.0,1
2021,15,tsunoda,3,49,16:29:31,30.972,30.972,17.0,17.0,0.0,0
2021,15,alonso,2,50,16:29:34,30.702,30.702,3.0,6.0,-3.0,0
2021,15,perez,2,50,16:29:36,32.313,32.313,4.0,9.0,-5.0,0
2021,15,vettel,2,50,16:30:10,32.128,32.128,6.0,12.0,-6.0,0
2021,15,gasly,2,50,16:30:49,31.915,31.915,10.0,13.0,-3.0,0
2021,15,ocon,2,50,16:30:58,33.264,33.264,11.0,14.0,-3.0,0
2021,15,giovinazzi,2,50,16:31:14,33.961,33.961,15.0,16.0,-1.0,0
2021,15,norris,2,51,16:31:33,32.670,32.67,1.0,7.0,-6.0,0
2021,16,ricciardo,1,21,15:37:18,23.028,23.028,16.0,18.0,-2.0,0
2021,16,alonso,1,30,15:51:43,29.116,29.116,16.0,18.0,-2.0,0
2021,16,norris,1,34,15:57:20,23.239,23.239,7.0,9.0,-2.0,0
2021,16,latifi,1,34,15:58:22,24.104,24.104,17.0,18.0,-1.0,0
2021,16,tsunoda,1,35,15:59:39,23.329,23.329,13.0,14.0,-1.0,0
2021,16,russell,1,35,15:59:42,23.551,23.551,15.0,15.0,0.0,0
2021,16,max_verstappen,1,36,15:59:52,22.442,22.442,2.0,3.0,-1.0,0
2021,16,sainz,1,36,16:00:33,28.353,28.353,8.0,10.0,-2.0,0
2021,16,mazepin,1,35,16:00:40,23.829,23.829,19.0,20.0,-1.0,0
2021,16,vettel,1,36,16:00:56,23.500,23.5,10.0,19.0,-9.0,0
2021,16,bottas,1,37,16:01:20,22.962,22.962,1.0,2.0,-1.0,0
2021,16,perez,1,37,16:01:47,22.463,22.463,4.0,6.0,-2.0,0
2021,16,raikkonen,1,37,16:02:50,23.164,23.164,13.0,13.0,0.0,0
2021,16,gasly,1,39,16:05:01,29.310,29.31,5.0,6.0,-1.0,0
2021,16,stroll,1,39,16:05:17,35.509,35.509,7.0,10.0,-3.0,0
2021,16,mick_schumacher,1,39,16:07:05,23.892,23.892,18.0,19.0,-1.0,0
2021,16,giovinazzi,1,40,16:07:22,23.150,23.15,11.0,12.0,-1.0,0
2021,16,leclerc,1,47,16:17:27,23.646,23.646,1.0,4.0,-3.0,0
2021,16,hamilton,1,50,16:22:19,22.684,22.684,3.0,5.0,-2.0,0
2021,17,ocon,1,3,14:09:03,40.800,40.8,13.0,20.0,-7.0,0
2021,17,latifi,1,5,14:12:39,32.610,32.61,18.0,19.0,-1.0,0
2021,17,alonso,1,7,14:16:03,23.576,23.576,15.0,17.0,-2.0,0
2021,17,giovinazzi,1,8,14:17:44,23.993,23.993,11.0,15.0,-4.0,0
2021,17,tsunoda,1,9,14:19:23,23.802,23.802,8.0,12.0,-4.0,0
2021,17,russell,1,9,14:19:32,23.572,23.572,13.0,17.0,-4.0,0
2021,17,max_verstappen,1,10,14:20:36,23.727,23.727,2.0,4.0,-2.0,0
2021,17,norris,1,10,14:21:01,24.385,24.385,7.0,10.0,-3.0,0
2021,17,gasly,1,10,14:21:07,23.745,23.745,9.0,13.0,-4.0,0
2021,17,ricciardo,1,11,14:22:38,24.176,24.176,5.0,6.0,-1.0,0
2021,17,sainz,1,11,14:22:41,23.414,23.414,6.0,7.0,-1.0,0
2021,17,mick_schumacher,1,11,14:23:10,24.293,24.293,13.0,19.0,-6.0,0
2021,17,perez,1,12,14:24:06,25.018,25.018,2.0,3.0,-1.0,0
2021,17,leclerc,1,12,14:24:15,24.011,24.011,3.0,4.0,-1.0,0
2021,17,raikkonen,1,12,14:24:38,24.191,24.191,8.0,14.0,-6.0,0
2021,17,hamilton,1,13,14:25:41,24.481,24.481,1.0,2.0,-1.0,0
2021,17,bottas,1,15,14:29:44,24.444,24.444,5.0,11.0,-6.0,0
2021,17,vettel,1,17,14:33:24,24.977,24.977,8.0,14.0,-6.0,0
2021,17,stroll,1,18,14:35:13,23.827,23.827,9.0,15.0,-6.0,0
2021,17,mazepin,2,24,14:46:40,24.611,24.611,19.0,19.0,0.0,0
2021,17,latifi,2,25,14:47:47,23.653,23.653,16.0,17.0,-1.0,0
2021,17,ocon,2,25,14:47:50,23.919,23.919,17.0,18.0,-1.0,0
2021,17,giovinazzi,2,26,14:49:12,23.502,23.502,12.0,15.0,-3.0,0
2021,17,alonso,2,28,14:52:44,23.844,23.844,11.0,14.0,-3.0,0
2021,17,max_verstappen,2,29,14:52:59,24.052,24.052,1.0,2.0,-1.0,0
2021,17,sainz,2,29,14:53:43,26.866,26.866,6.0,7.0,-1.0,0
2021,17,perez,2,30,14:55:02,23.604,23.604,3.0,4.0,-1.0,0
2021,17,ricciardo,2,30,14:55:23,24.036,24.036,5.0,6.0,-1.0,0
2021,17,norris,2,30,14:55:31,25.548,25.548,7.0,8.0,-1.0,0
2021,17,raikkonen,2,31,14:57:43,24.090,24.09,10.0,12.0,-2.0,0
2021,17,russell,2,31,14:58:07,24.980,24.98,13.0,15.0,-2.0,0
2021,17,leclerc,2,32,14:58:34,23.805,23.805,3.0,4.0,-1.0,0
2021,17,tsunoda,2,32,14:59:23,23.529,23.529,9.0,10.0,-1.0,0
2021,17,bottas,2,34,15:02:17,23.619,23.619,5.0,7.0,-2.0,0
2021,17,stroll,2,34,15:03:12,23.455,23.455,10.0,14.0,-4.0,0
2021,17,mick_schumacher,2,34,15:03:41,24.247,24.247,16.0,18.0,-2.0,0
2021,17,hamilton,2,37,15:06:30,23.676,23.676,1.0,2.0,-1.0,0
2021,17,vettel,2,38,15:09:49,23.849,23.849,9.0,12.0,-3.0,0
2021,17,mazepin,3,37,15:09:52,24.169,24.169,19.0,19.0,0.0,0
2021,17,alonso,3,39,15:11:40,23.314,23.314,12.0,13.0,-1.0,0
2021,18,latifi,1,11,13:21:22,23.681,23.681,15.0,18.0,-3.0,0
2021,18,stroll,1,12,13:22:45,23.586,23.586,15.0,16.0,-1.0,0
2021,18,mazepin,1,13,13:24:11,25.094,25.094,14.0,18.0,-4.0,0
2021,18,ocon,1,14,13:25:30,23.100,23.1,13.0,15.0,-2.0,0
2021,18,russell,1,15,13:26:51,21.984,21.984,11.0,14.0,-3.0,0
2021,18,giovinazzi,1,16,13:28:00,22.205,22.205,7.0,13.0,-6.0,0
2021,18,hamilton,1,29,13:45:17,22.373,22.373,2.0,3.0,-1.0,0
2021,18,leclerc,1,30,13:47:01,22.085,22.085,5.0,8.0,-3.0,0
2021,18,gasly,1,31,13:48:20,22.549,22.549,3.0,5.0,-2.0,0
2021,18,raikkonen,1,32,13:50:02,22.424,22.424,7.0,10.0,-3.0,0
2021,18,max_verstappen,1,33,13:50:33,21.908,21.908,1.0,2.0,-1.0,0
2021,18,vettel,1,33,13:51:22,22.277,22.277,5.0,9.0,-4.0,0
2021,18,stroll,2,34,13:53:37,26.056,26.056,16.0,17.0,-1.0,0
2021,18,ricciardo,2,38,13:58:47,22.813,22.813,11.0,13.0,-2.0,0
2021,18,alonso,1,39,13:59:43,23.985,23.985,7.0,10.0,-3.0,0
2021,18,perez,1,40,14:00:14,22.114,22.114,1.0,3.0,-2.0,0
2021,18,bottas,2,40,14:01:30,31.664,31.664,11.0,14.0,-3.0,0
2021,18,sainz,1,42,14:03:25,22.031,22.031,4.0,6.0,-2.0,0
2021,18,norris,1,44,14:06:38,22.534,22.534,7.0,10.0,-3.0,0
2021,18,latifi,2,49,14:14:59,22.739,22.739,17.0,17.0,0.0,0
2021,18,mazepin,2,58,14:28:22,23.637,23.637,18.0,18.0,0.0,0
2021,18,bottas,3,63,14:33:17,22.680,22.68,13.0,14.0,-1.0,0
2021,18,bottas,4,67,14:39:06,26.443,26.443,14.0,15.0,-1.0,0
2021,19,max_verstappen,1,7,14:12:32,17.916,17.916,1.0,1.0,0.0,0
2021,19,perez,1,7,14:12:34,18.308,18.308,2.0,2.0,0.0,0
2021,19,hamilton,1,7,14:12:37,17.910,17.91,3.0,3.0,0.0,0
2021,19,bottas,1,7,14:12:38,17.899,17.899,4.0,4.0,0.0,0
2021,19,leclerc,1,7,14:12:40,17.943,17.943,5.0,5.0,0.0,0
2021,19,sainz,1,7,14:12:42,18.460,18.46,6.0,6.0,0.0,0
2021,19,vettel,1,7,14:12:43,18.107,18.107,7.0,7.0,0.0,0
2021,19,gasly,1,7,14:12:45,19.439,19.439,8.0,8.0,0.0,0
2021,19,ocon,1,7,14:12:46,19.285,19.285,9.0,9.0,0.0,0
2021,19,ricciardo,1,7,14:12:47,19.732,19.732,10.0,10.0,0.0,0
2021,19,alonso,1,7,14:12:52,17.751,17.751,11.0,11.0,0.0,0
2021,19,stroll,1,7,14:12:53,17.948,17.948,12.0,12.0,0.0,0
2021,19,giovinazzi,1,7,14:12:55,17.713,17.713,13.0,13.0,0.0,0
2021,19,mazepin,1,7,14:12:56,17.995,17.995,14.0,14.0,0.0,0
2021,19,mick_schumacher,1,7,14:12:57,17.861,17.861,15.0,15.0,0.0,0
2021,19,latifi,1,7,14:12:59,18.153,18.153,16.0,16.0,0.0,0
2021,19,raikkonen,1,7,14:13:01,18.327,18.327,17.0,17.0,0.0,0
2021,19,mick_schumacher,3,11,14:20:29,41.173,41.173,15.0,20.0,-5.0,0
2021,19,latifi,3,13,14:23:27,22.936,22.936,18.0,19.0,-1.0,0
2021,19,stroll,3,22,14:34:51,24.997,24.997,12.0,19.0,-7.0,0
2021,19,gasly,3,25,14:38:27,23.116,23.116,7.0,14.0,-7.0,0
2021,19,hamilton,3,26,14:39:27,22.690,22.69,2.0,4.0,-2.0,0
2021,19,sainz,3,26,14:39:40,23.321,23.321,6.0,11.0,-5.0,0
2021,19,max_verstappen,3,27,14:40:38,22.722,22.722,1.0,2.0,-1.0,0
2021,19,leclerc,3,27,14:40:53,22.667,22.667,5.0,8.0,-3.0,0
2021,19,perez,3,28,14:42:01,23.165,23.165,2.0,5.0,-3.0,0
2021,19,vettel,3,28,14:42:22,24.464,24.464,7.0,14.0,-7.0,0
2021,19,raikkonen,3,28,14:42:38,23.541,23.541,15.0,19.0,-4.0,0
2021,19,giovinazzi,3,29,14:43:50,23.618,23.618,13.0,16.0,-3.0,0
2021,19,bottas,3,30,14:44:40,23.263,23.263,1.0,3.0,-2.0,0
2021,19,mick_schumacher,4,29,14:44:54,25.597,25.597,20.0,20.0,0.0,0
2021,19,ricciardo,3,30,14:44:58,22.839,22.839,4.0,9.0,-5.0,0
2021,19,ocon,3,30,14:45:08,23.504,23.504,6.0,12.0,-6.0,0
2021,19,alonso,3,34,14:50:16,24.375,24.375,6.0,13.0,-7.0,0
2021,19,mazepin,3,34,14:50:55,23.546,23.546,19.0,19.0,0.0,0
2021,19,norris,5,37,14:54:11,24.211,24.211,9.0,17.0,-8.0,0
2021,19,tsunoda,5,39,14:56:53,35.416,35.416,11.0,17.0,-6.0,0
2021,19,latifi,4,39,14:57:10,22.958,22.958,18.0,18.0,0.0,0
2021,19,max_verstappen,4,40,14:57:11,22.766,22.766,1.0,3.0,-2.0,0
2021,19,bottas,4,41,14:58:30,22.856,22.856,3.0,3.0,0.0,0
2021,19,russell,4,41,14:59:33,23.132,23.132,12.0,15.0,-3.0,0
2021,19,perez,4,42,14:59:48,22.656,22.656,3.0,5.0,-2.0,0
2021,19,giovinazzi,4,42,15:00:49,22.830,22.83,13.0,16.0,-3.0,0
2021,19,hamilton,4,43,15:00:52,22.664,22.664,1.0,2.0,-1.0,0
2021,19,gasly,4,51,15:11:27,23.039,23.039,7.0,9.0,-2.0,0
2021,19,leclerc,4,52,15:12:32,23.064,23.064,5.0,5.0,0.0,0
2021,19,raikkonen,4,52,15:13:19,22.666,22.666,12.0,12.0,0.0,0
2021,19,sainz,4,53,15:13:50,22.745,22.745,5.0,6.0,-1.0,0
2021,19,vettel,4,55,15:16:50,22.978,22.978,10.0,11.0,-1.0,0
2021,19,mick_schumacher,5,61,15:26:09,24.627,24.627,18.0,18.0,0.0,0
2021,19,perez,5,69,15:33:06,22.916,22.916,4.0,4.0,0.0,0
2021,20,tsunoda,1,9,17:17:42,25.659,25.659,9.0,19.0,-10.0,0
2021,20,raikkonen,1,10,17:19:14,26.174,26.174,12.0,20.0,-8.0,0
2021,20,gasly,1,13,17:23:37,25.630,25.63,5.0,17.0,-12.0,0
2021,20,giovinazzi,1,15,17:26:54,25.987,25.987,12.0,19.0,-7.0,0
2021,20,max_verstappen,1,17,17:29:03,25.300,25.3,2.0,2.0,0.0,0
2021,20,russell,1,17,17:30:00,26.121,26.121,13.0,19.0,-6.0,0
2021,20,hamilton,1,18,17:30:21,25.235,25.235,1.0,1.0,0.0,0
2021,20,latifi,1,18,17:31:31,25.811,25.811,13.0,20.0,-7.0,0
2021,20,perez,1,19,17:32:28,25.419,25.419,4.0,12.0,-8.0,0
2021,20,mick_schumacher,1,22,17:37:38,25.881,25.881,14.0,20.0,-6.0,0
2021,20,alonso,1,23,17:38:20,25.991,25.991,3.0,6.0,-3.0,0
2021,20,stroll,1,23,17:38:40,26.157,26.157,8.0,13.0,-5.0,0
2021,20,ocon,1,24,17:40:07,25.517,25.517,5.0,10.0,-5.0,0
2021,20,norris,1,25,17:41:32,25.319,25.319,4.0,7.0,-3.0,0
2021,20,ricciardo,1,26,17:43:19,25.562,25.562,8.0,16.0,-8.0,0
2021,20,vettel,1,26,17:43:20,25.726,25.726,9.0,15.0,-6.0,0
2021,20,sainz,1,27,17:44:36,25.639,25.639,4.0,10.0,-6.0,0
2021,20,leclerc,1,27,17:44:46,25.799,25.799,5.0,13.0,-8.0,0
2021,20,raikkonen,2,30,17:49:40,25.633,25.633,12.0,19.0,-7.0,0
2021,20,mazepin,1,31,17:51:36,26.515,26.515,19.0,20.0,-1.0,0
2021,20,giovinazzi,2,32,17:52:43,25.347,25.347,14.0,19.0,-5.0,0
2021,20,bottas,1,33,17:53:44,36.341,36.341,3.0,13.0,-10.0,0
2021,20,tsunoda,2,34,17:55:29,26.674,26.674,10.0,16.0,-6.0,0
2021,20,gasly,2,35,17:56:42,26.109,26.109,5.0,11.0,-6.0,0
2021,20,max_verstappen,2,41,18:04:20,25.175,25.175,2.0,2.0,0.0,0
2021,20,perez,2,41,18:05:15,25.420,25.42,3.0,7.0,-4.0,0
2021,20,hamilton,2,42,18:05:37,25.381,25.381,1.0,1.0,0.0,0
2021,20,norris,2,49,18:17:08,26.552,26.552,4.0,10.0,-6.0,0
2021,20,russell,2,49,18:18:36,35.006,35.006,15.0,17.0,-2.0,0
2021,20,max_verstappen,3,55,18:24:59,25.465,25.465,2.0,2.0,0.0,0
2021,21,stroll,1,9,20:48:30,27.165,27.165,16.0,18.0,-2.0,0
2021,21,russell,1,9,20:48:32,20.519,20.519,17.0,17.0,0.0,0
2021,21,hamilton,1,10,20:49:49,20.580,20.58,1.0,2.0,-1.0,0
2021,21,bottas,1,10,20:49:57,21.668,21.668,2.0,3.0,-1.0,0
2021,21,leclerc,1,10,20:50:01,20.531,20.531,4.0,6.0,-2.0,0
2021,21,perez,1,10,20:50:04,20.710,20.71,5.0,8.0,-3.0,0
2021,21,norris,1,10,20:50:14,20.973,20.973,6.0,14.0,-8.0,0
2021,21,alonso,1,10,20:50:27,20.405,20.405,12.0,15.0,-3.0,0
2021,21,latifi,1,10,20:50:43,24.220,24.22,18.0,19.0,-1.0,0
2021,21,tsunoda,3,23,21:57:04,27.874,27.874,9.0,16.0,-7.0,0
2021,21,raikkonen,3,26,22:01:34,34.489,34.489,12.0,15.0,-3.0,0
2021,21,alonso,4,44,22:32:14,21.097,21.097,13.0,13.0,0.0,0
2021,22,mick_schumacher,1,10,17:18:55,22.124,22.124,18.0,19.0,-1.0,0
2021,22,max_verstappen,1,13,17:22:42,21.152,21.152,2.0,4.0,-2.0,0
2021,22,hamilton,1,14,17:24:04,21.595,21.595,1.0,2.0,-1.0,0
2021,22,leclerc,1,15,17:26:08,22.461,22.461,6.0,15.0,-9.0,0
2021,22,ocon,1,15,17:26:13,21.677,21.677,9.0,18.0,-9.0,0
2021,22,norris,1,17,17:29:04,21.380,21.38,5.0,12.0,-7.0,0
2021,22,giovinazzi,1,17,17:29:20,22.283,22.283,11.0,18.0,-7.0,0
2021,22,ricciardo,1,18,17:30:47,21.449,21.449,8.0,16.0,-8.0,0
2021,22,sainz,1,19,17:31:59,22.213,22.213,4.0,8.0,-4.0,0
2021,22,perez,1,21,17:34:55,21.471,21.471,1.0,5.0,-4.0,0
2021,22,stroll,1,21,17:35:25,22.288,22.288,10.0,17.0,-7.0,0
2021,22,raikkonen,1,21,17:35:29,22.338,22.338,12.0,18.0,-6.0,0
2021,22,tsunoda,1,23,17:38:05,22.455,22.455,3.0,10.0,-7.0,0
2021,22,vettel,1,23,17:38:23,21.221,21.221,9.0,15.0,-6.0,0
2021,22,latifi,1,28,17:46:18,21.241,21.241,14.0,17.0,-3.0,0
2021,22,bottas,1,30,17:48:30,21.669,21.669,3.0,9.0,-6.0,0
2021,22,leclerc,2,35,17:56:24,21.173,21.173,9.0,12.0,-3.0,0
2021,22,max_verstappen,2,36,17:57:06,21.871,21.871,2.0,2.0,0.0,0
2021,22,perez,2,36,17:57:40,21.413,21.413,3.0,3.0,0.0,0
2021,22,gasly,1,36,17:58:06,22.133,22.133,5.0,9.0,-4.0,0
2021,22,alonso,1,36,17:58:06,21.304,21.304,4.0,8.0,-4.0,0
2021,22,norris,2,48,18:16:06,22.173,22.173,5.0,8.0,-3.0,0
2021,22,max_verstappen,3,53,18:22:37,21.453,21.453,2.0,2.0,0.0,0
2021,22,ricciardo,2,52,18:22:38,22.056,22.056,11.0,13.0,-2.0,0
2021,22,stroll,2,52,18:22:55,22.661,22.661,14.0,14.0,0.0,0
2021,22,perez,3,53,18:23:09,21.385,21.385,3.0,3.0,0.0,0
2021,22,mick_schumacher,2,52,18:23:42,22.070,22.07,15.0,15.0,0.0,0
2021,22,tsunoda,2,53,18:24:01,21.909,21.909,6.0,6.0,0.0,0
2021,22,gasly,2,54,18:25:56,21.920,21.92,7.0,6.0,1.0,1
2022,1,hamilton,1,11,18:21:54,25.201,25.201,5.0,11.0,-6.0,0
2022,1,alonso,1,11,18:22:10,25.365,25.365,10.0,17.0,-7.0,0
2022,1,mick_schumacher,1,12,18:24:08,25.214,25.214,16.0,19.0,-3.0,0
2022,1,albon,1,13,18:25:47,24.874,24.874,13.0,19.0,-6.0,0
2022,1,max_verstappen,1,14,18:26:43,24.897,24.897,2.0,2.0,0.0,0
2022,1,sainz,1,14,18:26:50,24.666,24.666,3.0,3.0,0.0,0
2022,1,kevin_magnussen,1,14,18:27:07,25.478,25.478,6.0,7.0,-1.0,0
2022,1,gasly,1,14,18:27:08,24.575,24.575,7.0,8.0,-1.0,0
2022,1,ocon,1,14,18:27:11,30.484,30.484,8.0,11.0,-3.0,0
2022,1,bottas,1,14,18:27:19,25.893,25.893,10.0,16.0,-6.0,0
2022,1,latifi,1,14,18:27:38,24.457,24.457,19.0,20.0,-1.0,0
2022,1,leclerc,1,15,18:28:19,25.012,25.012,1.0,1.0,0.0,0
2022,1,perez,1,15,18:28:32,25.046,25.046,3.0,4.0,-1.0,0
2022,1,russell,1,15,18:28:38,25.888,25.888,5.0,6.0,-1.0,0
2022,1,tsunoda,1,15,18:28:57,26.095,26.095,9.0,12.0,-3.0,0
2022,1,zhou,1,15,18:29:03,25.428,25.428,12.0,16.0,-4.0,0
2022,1,ricciardo,1,17,18:32:46,24.915,24.915,15.0,20.0,-5.0,0
2022,1,stroll,1,18,18:34:18,25.739,25.739,10.0,18.0,-8.0,0
2022,1,hulkenberg,1,19,18:36:11,27.365,27.365,17.0,20.0,-3.0,0
2022,1,norris,1,24,18:44:41,24.568,24.568,16.0,20.0,-4.0,0
2022,1,alonso,2,25,18:45:53,24.909,24.909,9.0,14.0,-5.0,0
2022,1,hamilton,2,27,18:48:44,25.796,25.796,5.0,8.0,-3.0,0
2022,1,tsunoda,2,29,18:52:37,24.350,24.35,10.0,14.0,-4.0,0
2022,1,max_verstappen,2,30,18:53:16,24.937,24.937,2.0,4.0,-2.0,0
2022,1,ocon,2,30,18:54:12,25.393,25.393,9.0,12.0,-3.0,0
2022,1,leclerc,2,31,18:54:52,24.527,24.527,1.0,3.0,-2.0,0
2022,1,gasly,2,32,18:57:23,25.875,25.875,8.0,10.0,-2.0,0
2022,1,latifi,2,32,18:58:19,24.778,24.778,18.0,20.0,-2.0,0
2022,1,sainz,2,33,18:58:21,24.438,24.438,1.0,3.0,-2.0,0
2022,1,perez,2,33,18:58:23,24.173,24.173,2.0,4.0,-2.0,0
2022,1,russell,2,33,18:58:45,25.334,25.334,5.0,6.0,-1.0,0
2022,1,ricciardo,2,33,18:59:53,24.885,24.885,17.0,19.0,-2.0,0
2022,1,kevin_magnussen,2,34,19:00:39,25.876,25.876,7.0,9.0,-2.0,0
2022,1,mick_schumacher,2,35,19:02:58,25.586,25.586,14.0,15.0,-1.0,0
2022,1,albon,2,35,19:03:09,25.570,25.57,16.0,18.0,-2.0,0
2022,1,bottas,2,36,19:04:16,25.156,25.156,7.0,12.0,-5.0,0
2022,1,zhou,2,37,19:06:00,25.291,25.291,8.0,13.0,-5.0,0
2022,1,hulkenberg,2,37,19:06:47,26.712,26.712,17.0,20.0,-3.0,0
2022,1,stroll,2,38,19:08:04,26.957,26.957,14.0,16.0,-2.0,0
2022,1,norris,2,41,19:13:23,27.367,27.367,15.0,18.0,-3.0,0
2022,1,alonso,3,42,19:14:26,24.508,24.508,11.0,14.0,-3.0,0
2022,1,max_verstappen,3,43,19:14:40,24.402,24.402,2.0,2.0,0.0,0
2022,1,perez,3,43,19:14:56,24.947,24.947,4.0,4.0,0.0,0
2022,1,ocon,3,43,19:15:58,24.233,24.233,9.0,10.0,-1.0,0
2022,1,sainz,3,44,19:16:30,24.287,24.287,3.0,3.0,0.0,0
2022,1,hamilton,3,44,19:16:52,25.579,25.579,5.0,5.0,0.0,0
2022,1,tsunoda,3,44,19:17:39,24.188,24.188,10.0,11.0,-1.0,0
2022,1,ricciardo,3,44,19:18:41,25.139,25.139,17.0,16.0,1.0,1
2022,1,russell,3,45,19:18:53,25.574,25.574,6.0,6.0,0.0,0
2022,1,hulkenberg,3,44,19:18:58,25.748,25.748,20.0,19.0,1.0,1
2022,1,bottas,3,45,19:19:39,25.188,25.188,9.0,8.0,1.0,1
2022,1,zhou,3,45,19:19:45,28.647,28.647,11.0,13.0,-2.0,0
2022,1,leclerc,3,46,19:19:53,24.613,24.613,1.0,1.0,0.0,0
2022,1,stroll,3,45,19:20:32,25.039,25.039,15.0,14.0,1.0,1
2022,1,norris,3,45,19:20:59,24.975,24.975,18.0,17.0,1.0,1
2022,1,latifi,3,45,19:21:07,24.658,24.658,19.0,18.0,1.0,1
2022,1,kevin_magnussen,3,46,19:21:29,26.051,26.051,7.0,7.0,0.0,0
2022,1,albon,3,46,19:22:54,25.055,25.055,15.0,15.0,0.0,0
2022,2,ricciardo,1,8,20:16:37,20.650,20.65,13.0,18.0,-5.0,0
2022,2,stroll,1,13,20:24:49,22.339,22.339,15.0,16.0,-1.0,0
2022,2,albon,1,13,20:24:54,20.683,20.683,16.0,17.0,-1.0,0
2022,2,perez,1,15,20:27:12,20.481,20.481,1.0,3.0,-2.0,0
2022,2,gasly,1,15,20:27:52,22.820,22.82,11.0,14.0,-3.0,0
2022,2,leclerc,1,16,20:28:55,21.038,21.038,1.0,1.0,0.0,0
2022,2,max_verstappen,1,16,20:28:58,20.731,20.731,3.0,2.0,1.0,1
2022,2,sainz,1,16,20:29:04,21.521,21.521,4.0,4.0,0.0,0
2022,2,russell,1,16,20:29:21,21.415,21.415,5.0,5.0,0.0,0
2022,2,alonso,1,16,20:29:40,21.543,21.543,6.0,8.0,-2.0,0
2022,2,bottas,1,16,20:29:43,22.561,22.561,7.0,10.0,-3.0,0
2022,2,ocon,1,16,20:29:50,21.141,21.141,8.0,11.0,-3.0,0
2022,2,norris,1,16,20:29:54,20.383,20.383,12.0,13.0,-1.0,0
2022,2,zhou,1,16,20:29:56,33.734,33.734,13.0,15.0,-2.0,0
2022,2,zhou,2,27,20:51:18,15.103,15.103,15.0,17.0,-2.0,0
2022,2,kevin_magnussen,1,37,21:06:57,22.374,22.374,7.0,12.0,-5.0,0
2022,2,hulkenberg,1,37,21:07:16,21.425,21.425,11.0,14.0,-3.0,0
2022,2,hamilton,1,40,21:12:59,21.788,21.788,6.0,12.0,-6.0,0
2022,3,stroll,1,3,15:08:15,18.242,18.242,18.0,19.0,-1.0,0
2022,3,latifi,1,13,15:25:03,18.552,18.552,16.0,19.0,-3.0,0
2022,3,mick_schumacher,1,14,15:26:23,19.039,19.039,15.0,18.0,-3.0,0
2022,3,ocon,1,17,15:30:30,19.128,19.128,8.0,16.0,-8.0,0
2022,3,max_verstappen,1,18,15:31:37,18.281,18.281,2.0,5.0,-3.0,0
2022,3,tsunoda,1,18,15:32:02,18.443,18.443,11.0,17.0,-6.0,0
2022,3,perez,1,20,15:34:33,17.434,17.434,2.0,6.0,-4.0,0
2022,3,norris,1,20,15:34:40,17.556,17.556,5.0,8.0,-3.0,0
2022,3,ricciardo,1,21,15:36:06,18.150,18.15,4.0,9.0,-5.0,0
2022,3,gasly,1,21,15:36:15,18.926,18.926,8.0,14.0,-6.0,0
2022,3,zhou,1,21,15:36:22,18.380,18.38,12.0,17.0,-5.0,0
2022,3,leclerc,1,22,15:37:04,17.973,17.973,1.0,1.0,0.0,0
2022,3,hamilton,1,22,15:37:22,17.877,17.877,2.0,6.0,-4.0,0
2022,3,bottas,1,22,15:37:40,18.413,18.413,6.0,12.0,-6.0,0
2022,3,russell,1,23,15:38:51,18.479,18.479,2.0,3.0,-1.0,0
2022,3,stroll,3,23,15:39:30,20.402,20.402,10.0,13.0,-3.0,0
2022,3,latifi,2,23,15:40:00,17.936,17.936,19.0,18.0,1.0,1
2022,3,alonso,1,39,16:05:24,18.796,18.796,6.0,13.0,-7.0,0
2022,3,kevin_magnussen,1,39,16:05:30,19.111,19.111,9.0,17.0,-8.0,0
2022,3,alonso,2,53,16:25:28,18.394,18.394,14.0,17.0,-3.0,0
2022,4,ricciardo,1,2,15:07:48,32.362,32.362,19.0,19.0,0.0,0
2022,4,ricciardo,2,16,15:31:14,30.422,30.422,18.0,18.0,0.0,0
2022,4,vettel,1,17,15:32:26,30.484,30.484,8.0,7.0,1.0,1
2022,4,gasly,1,17,15:32:38,30.405,30.405,13.0,12.0,1.0,1
2022,4,albon,1,17,15:32:41,30.793,30.793,14.0,13.0,1.0,1
2022,4,perez,1,18,15:33:26,30.366,30.366,2.0,2.0,0.0,0
2022,4,russell,1,18,15:33:46,31.079,31.079,5.0,5.0,0.0,0
2022,4,bottas,1,18,15:33:47,40.957,40.957,6.0,6.0,0.0,0
2022,4,kevin_magnussen,1,18,15:33:56,33.765,33.765,7.0,8.0,-1.0,0
2022,4,tsunoda,1,18,15:34:06,30.372,30.372,8.0,9.0,-1.0,0
2022,4,stroll,1,18,15:34:06,32.667,32.667,10.0,10.0,0.0,0
2022,4,hamilton,1,18,15:34:07,32.740,32.74,11.0,14.0,-3.0,0
2022,4,ocon,1,18,15:34:08,31.409,31.409,12.0,11.0,1.0,1
2022,4,latifi,1,18,15:34:17,31.125,31.125,14.0,16.0,-2.0,0
2022,4,zhou,1,18,15:34:18,32.203,32.203,15.0,18.0,-3.0,0
2022,4,mick_schumacher,1,18,15:34:18,31.320,31.32,16.0,17.0,-1.0,0
2022,4,max_verstappen,1,19,15:34:49,30.001,30.001,1.0,1.0,0.0,0
2022,4,leclerc,1,19,15:34:56,31.794,31.794,2.0,3.0,-1.0,0
2022,4,norris,1,19,15:35:07,30.070,30.07,4.0,4.0,0.0,0
2022,4,ricciardo,3,30,15:51:37,30.155,30.155,15.0,18.0,-3.0,0
2022,4,leclerc,2,49,16:16:19,30.042,30.042,3.0,3.0,0.0,0
2022,4,perez,2,50,16:17:38,29.627,29.627,2.0,2.0,0.0,0
2022,4,max_verstappen,2,51,16:18:44,29.942,29.942,1.0,1.0,0.0,0
2022,4,mick_schumacher,2,52,16:22:04,30.984,30.984,17.0,18.0,-1.0,0
2022,4,leclerc,3,53,16:22:17,36.560,36.56,3.0,9.0,-6.0,0
2022,5,tsunoda,1,11,15:51:11,18.870,18.87,13.0,19.0,-6.0,0
2022,5,kevin_magnussen,1,12,15:52:43,19.760,19.76,10.0,18.0,-8.0,0
2022,5,mick_schumacher,1,14,15:55:54,20.413,20.413,10.0,18.0,-8.0,0
2022,5,alonso,1,15,15:57:23,21.638,21.638,8.0,12.0,-4.0,0
2022,5,gasly,1,16,15:58:56,19.543,19.543,7.0,11.0,-4.0,0
2022,5,albon,1,16,15:59:11,20.059,20.059,12.0,19.0,-7.0,0
2022,5,norris,1,18,16:02:13,19.986,19.986,7.0,16.0,-9.0,0
2022,5,hamilton,1,22,16:08:23,18.820,18.82,6.0,7.0,-1.0,0
2022,5,leclerc,1,24,16:11:03,19.697,19.697,2.0,4.0,-2.0,0
2022,5,max_verstappen,1,26,16:14:04,18.798,18.798,1.0,1.0,0.0,0
2022,5,bottas,1,26,16:14:35,19.614,19.614,5.0,6.0,-1.0,0
2022,5,sainz,1,27,16:15:51,22.063,22.063,2.0,3.0,-1.0,0
2022,5,perez,1,27,16:16:00,18.519,18.519,3.0,4.0,-1.0,0
2022,5,ricciardo,1,30,16:21:25,19.484,19.484,8.0,17.0,-9.0,0
2022,5,latifi,1,34,16:28:20,19.185,19.185,19.0,19.0,0.0,0
2022,5,russell,1,40,16:36:53,19.035,19.035,5.0,7.0,-2.0,0
2022,5,stroll,1,40,16:37:28,19.074,19.074,10.0,13.0,-3.0,0
2022,5,gasly,2,40,16:37:43,19.007,19.007,11.0,16.0,-5.0,0
2022,5,perez,2,41,16:38:38,18.433,18.433,4.0,4.0,0.0,0
2022,5,ocon,1,41,16:39:21,19.019,19.019,8.0,10.0,-2.0,0
2022,5,vettel,1,41,16:39:42,19.861,19.861,13.0,14.0,-1.0,0
2022,5,ricciardo,2,41,16:39:49,19.280,19.28,16.0,15.0,1.0,1
2022,5,tsunoda,2,41,16:40:43,19.618,19.618,17.0,18.0,-1.0,0
2022,5,kevin_magnussen,2,42,16:41:34,20.673,20.673,11.0,13.0,-2.0,0
2022,5,mick_schumacher,2,54,17:03:43,32.381,32.381,10.0,16.0,-6.0,0
2022,6,sainz,1,10,15:18:23,22.341,22.341,11.0,11.0,0.0,0
2022,6,alonso,1,10,15:18:24,22.375,22.375,12.0,13.0,-1.0,0
2022,6,gasly,1,10,15:18:27,22.008,22.008,13.0,16.0,-3.0,0
2022,6,zhou,1,10,15:18:29,23.109,23.109,15.0,17.0,-2.0,0
2022,6,tsunoda,1,11,15:19:52,23.083,23.083,10.0,12.0,-2.0,0
2022,6,ricciardo,1,11,15:19:54,22.124,22.124,9.0,13.0,-4.0,0
2022,6,albon,1,11,15:20:05,23.419,23.419,17.0,18.0,-1.0,0
2022,6,norris,1,12,15:21:18,21.916,21.916,7.0,10.0,-3.0,0
2022,6,mick_schumacher,1,12,15:21:23,23.582,23.582,8.0,14.0,-6.0,0
2022,6,latifi,1,12,15:21:38,23.189,23.189,13.0,19.0,-6.0,0
2022,6,russell,1,13,15:22:29,22.154,22.154,2.0,3.0,-1.0,0
2022,6,max_verstappen,1,13,15:22:30,22.173,22.173,3.0,4.0,-1.0,0
2022,6,ocon,1,13,15:22:43,22.137,22.137,6.0,7.0,-1.0,0
2022,6,bottas,1,14,15:24:08,22.987,22.987,5.0,5.0,0.0,0
2022,6,stroll,1,14,15:24:34,22.833,22.833,8.0,17.0,-9.0,0
2022,6,perez,1,17,15:28:29,22.032,22.032,2.0,4.0,-2.0,0
2022,6,leclerc,1,21,15:34:08,21.794,21.794,1.0,1.0,0.0,0
2022,6,vettel,1,21,15:35:06,22.536,22.536,8.0,16.0,-8.0,0
2022,6,hamilton,2,22,15:36:50,22.105,22.105,16.0,18.0,-2.0,0
2022,6,albon,2,25,15:41:42,22.657,22.657,19.0,20.0,-1.0,0
2022,6,latifi,2,26,15:43:09,22.311,22.311,18.0,18.0,0.0,0
2022,6,stroll,2,27,15:44:33,23.394,23.394,15.0,15.0,0.0,0
2022,6,max_verstappen,2,28,15:44:56,21.966,21.966,2.0,4.0,-2.0,0
2022,6,gasly,2,29,15:47:23,27.947,27.947,12.0,14.0,-2.0,0
2022,6,kevin_magnussen,2,29,15:47:59,23.878,23.878,16.0,18.0,-2.0,0
2022,6,mick_schumacher,2,30,15:48:45,23.127,23.127,10.0,12.0,-2.0,0
2022,6,sainz,2,31,15:49:46,21.867,21.867,5.0,7.0,-2.0,0
2022,6,alonso,2,31,15:50:10,21.914,21.914,9.0,11.0,-2.0,0
2022,6,ricciardo,2,31,15:50:18,22.399,22.399,10.0,13.0,-3.0,0
2022,6,tsunoda,2,32,15:51:35,22.802,22.802,8.0,11.0,-3.0,0
2022,6,norris,2,33,15:52:58,23.341,23.341,6.0,9.0,-3.0,0
2022,6,bottas,2,34,15:54:04,22.541,22.541,4.0,4.0,0.0,0
2022,6,ocon,2,35,15:55:53,22.953,22.953,5.0,7.0,-2.0,0
2022,6,russell,2,36,15:56:49,22.039,22.039,2.0,3.0,-1.0,0
2022,6,perez,2,37,15:58:12,21.619,21.619,1.0,2.0,-1.0,0
2022,6,vettel,2,42,16:06:42,22.456,22.456,9.0,14.0,-5.0,0
2022,6,max_verstappen,3,44,16:08:25,21.941,21.941,1.0,2.0,-1.0,0
2022,6,sainz,3,45,16:10:31,22.302,22.302,5.0,6.0,-1.0,0
2022,6,albon,3,45,16:12:16,23.328,23.328,18.0,18.0,0.0,0
2022,6,gasly,3,46,16:13:00,21.838,21.838,14.0,14.0,0.0,0
2022,6,stroll,3,46,16:13:18,23.812,23.812,15.0,17.0,-2.0,0
2022,6,hamilton,3,48,16:15:01,22.241,22.241,5.0,7.0,-2.0,0
2022,6,ricciardo,3,48,16:15:50,22.154,22.154,12.0,13.0,-1.0,0
2022,6,russell,3,51,16:19:02,22.815,22.815,3.0,3.0,0.0,0
2022,6,latifi,3,50,16:19:30,22.761,22.761,15.0,17.0,-2.0,0
2022,6,norris,3,51,16:19:48,22.165,22.165,8.0,9.0,-1.0,0
2022,6,ocon,3,52,16:21:10,22.033,22.033,7.0,7.0,0.0,0
2022,6,tsunoda,3,52,16:21:27,22.316,22.316,10.0,11.0,-1.0,0
2022,6,perez,3,53,16:21:47,21.694,21.694,2.0,2.0,0.0,0
2022,6,alonso,3,53,16:22:49,25.407,25.407,8.0,9.0,-1.0,0
2022,6,albon,4,54,16:26:07,23.404,23.404,18.0,18.0,0.0,0
2022,7,gasly,1,2,16:10:02,35.486,35.486,17.0,18.0,-1.0,0
2022,7,mick_schumacher,1,4,16:13:36,27.637,27.637,15.0,18.0,-3.0,0
2022,7,vettel,1,6,16:16:58,24.965,24.965,9.0,16.0,-7.0,0
2022,7,tsunoda,1,6,16:17:00,25.068,25.068,11.0,18.0,-7.0,0
2022,7,hamilton,1,15,16:31:22,24.796,24.796,8.0,9.0,-1.0,0
2022,7,perez,1,16,16:32:29,24.409,24.409,3.0,2.0,1.0,1
2022,7,norris,1,17,16:34:17,24.872,24.872,4.0,7.0,-3.0,0
2022,7,mick_schumacher,2,17,16:35:15,36.854,36.854,17.0,20.0,-3.0,0
2022,7,leclerc,1,18,16:35:26,25.710,25.71,1.0,3.0,-2.0,0
2022,7,max_verstappen,1,18,16:35:33,27.009,27.009,3.0,4.0,-1.0,0
2022,7,albon,1,18,16:36:49,27.231,27.231,16.0,17.0,-1.0,0
2022,7,ricciardo,1,19,16:38:22,26.056,26.056,13.0,14.0,-1.0,0
2022,7,zhou,1,19,16:38:23,25.594,25.594,15.0,17.0,-2.0,0
2022,7,latifi,3,19,16:38:26,26.910,26.91,18.0,19.0,-1.0,0
2022,7,bottas,1,20,16:39:34,25.865,25.865,10.0,12.0,-2.0,0
2022,7,sainz,1,21,16:40:05,24.666,24.666,1.0,2.0,-1.0,0
2022,7,leclerc,2,21,16:40:08,28.034,28.034,3.0,4.0,-1.0,0
2022,7,russell,1,21,16:40:29,25.352,25.352,5.0,5.0,0.0,0
2022,7,alonso,1,21,16:40:33,24.526,24.526,6.0,7.0,-1.0,0
2022,7,ocon,1,21,16:40:50,24.875,24.875,8.0,9.0,-1.0,0
2022,7,tsunoda,2,21,16:41:30,26.021,26.021,14.0,15.0,-1.0,0
2022,7,perez,2,22,16:41:35,24.536,24.536,1.0,1.0,0.0,0
2022,7,max_verstappen,2,22,16:41:38,26.930,26.93,2.0,3.0,-1.0,0
2022,7,norris,2,22,16:41:58,24.760,24.76,5.0,6.0,-1.0,0
2022,7,hamilton,2,22,16:42:19,24.507,24.507,8.0,8.0,0.0,0
2022,7,gasly,2,22,16:42:42,28.770,28.77,10.0,12.0,-2.0,0
2022,7,albon,2,22,16:43:36,31.518,31.518,16.0,19.0,-3.0,0
2022,7,vettel,2,23,16:44:09,25.133,25.133,9.0,11.0,-2.0,0
2022,7,stroll,3,24,16:45:45,25.650,25.65,10.0,14.0,-4.0,0
2022,7,norris,4,51,17:44:43,24.607,24.607,6.0,6.0,0.0,0
2022,7,tsunoda,4,56,17:52:23,25.266,25.266,15.0,17.0,-2.0,0
2022,8,latifi,1,3,15:09:50,29.395,29.395,19.0,20.0,-1.0,0
2022,8,leclerc,1,9,15:20:26,23.212,23.212,2.0,3.0,-1.0,0
2022,8,russell,1,9,15:20:43,20.538,20.538,5.0,4.0,1.0,1
2022,8,gasly,1,9,15:20:49,22.698,22.698,6.0,8.0,-2.0,0
2022,8,hamilton,1,9,15:20:54,21.470,21.47,7.0,11.0,-4.0,0
2022,8,vettel,1,9,15:20:55,20.249,20.249,8.0,10.0,-2.0,0
2022,8,tsunoda,1,9,15:20:57,23.083,23.083,9.0,12.0,-3.0,0
2022,8,zhou,1,9,15:21:08,23.001,23.001,14.0,15.0,-1.0,0
2022,8,kevin_magnussen,1,9,15:21:11,21.555,21.555,15.0,16.0,-1.0,0
2022,8,albon,1,9,15:21:16,25.577,25.577,16.0,17.0,-1.0,0
2022,8,mick_schumacher,1,9,15:21:23,26.973,26.973,19.0,18.0,1.0,1
2022,8,perez,1,16,15:33:43,23.379,23.379,2.0,3.0,-1.0,0
2022,8,latifi,2,17,15:37:03,22.069,22.069,19.0,19.0,0.0,0
2022,8,max_verstappen,1,18,15:37:17,21.468,21.468,1.0,1.0,0.0,0
2022,8,alonso,1,18,15:37:59,20.571,20.571,5.0,14.0,-9.0,0
2022,8,norris,1,20,15:41:42,21.443,21.443,5.0,16.0,-11.0,0
2022,8,mick_schumacher,2,23,15:47:51,22.231,22.231,17.0,16.0,1.0,1
2022,8,albon,2,29,15:58:39,21.540,21.54,15.0,14.0,1.0,1
2022,8,stroll,1,30,16:00:30,22.059,22.059,14.0,14.0,0.0,0
2022,8,max_verstappen,2,33,16:04:40,20.722,20.722,1.0,1.0,0.0,0
2022,8,perez,2,33,16:04:56,22.349,22.349,2.0,2.0,0.0,0
2022,8,russell,2,33,16:05:19,20.527,20.527,3.0,3.0,0.0,0
2022,8,hamilton,2,33,16:05:49,20.831,20.831,5.0,6.0,-1.0,0
2022,8,ricciardo,1,33,16:06:02,21.794,21.794,6.0,9.0,-3.0,0
2022,8,ocon,1,33,16:06:22,22.638,22.638,10.0,11.0,-1.0,0
2022,8,bottas,1,33,16:06:34,20.979,20.979,12.0,12.0,0.0,0
2022,8,tsunoda,2,38,16:15:56,41.500,41.5,6.0,13.0,-7.0,0
2022,9,vettel,1,5,14:10:02,23.406,23.406,15.0,18.0,-3.0,0
2022,9,gasly,1,5,14:10:04,23.557,23.557,18.0,19.0,-1.0,0
2022,9,kevin_magnussen,1,7,14:12:33,38.262,38.262,6.0,19.0,-13.0,0
2022,9,max_verstappen,1,9,14:15:15,24.217,24.217,1.0,3.0,-2.0,0
2022,9,hamilton,1,9,14:15:24,23.845,23.845,4.0,6.0,-2.0,0
2022,9,tsunoda,1,9,14:15:50,23.248,23.248,15.0,15.0,0.0,0
2022,9,latifi,1,9,14:15:59,24.020,24.02,16.0,18.0,-2.0,0
2022,9,albon,1,18,14:28:07,23.804,23.804,12.0,16.0,-4.0,0
2022,9,russell,1,19,14:29:03,23.951,23.951,4.0,5.0,-1.0,0
2022,9,ocon,1,19,14:29:16,25.684,25.684,6.0,6.0,0.0,0
2022,9,zhou,1,19,14:29:24,24.281,24.281,8.0,10.0,-2.0,0
2022,9,ricciardo,1,19,14:29:26,27.937,27.937,9.0,12.0,-3.0,0
2022,9,norris,1,19,14:29:34,43.032,43.032,12.0,17.0,-5.0,0
2022,9,vettel,2,19,14:29:44,23.681,23.681,15.0,14.0,1.0,1
2022,9,sainz,1,20,14:30:33,24.215,24.215,1.0,2.0,-1.0,0
2022,9,alonso,1,28,14:41:26,23.779,23.779,4.0,7.0,-3.0,0
2022,9,gasly,2,36,14:52:35,23.613,23.613,14.0,17.0,-3.0,0
2022,9,latifi,2,37,14:54:22,30.034,30.034,18.0,18.0,0.0,0
2022,9,leclerc,1,41,14:58:44,26.199,26.199,6.0,11.0,-5.0,0
2022,9,max_verstappen,2,43,15:00:29,23.704,23.704,1.0,2.0,-1.0,0
2022,9,norris,2,42,15:00:41,24.134,24.134,16.0,17.0,-1.0,0
2022,9,hamilton,2,44,15:02:06,23.841,23.841,3.0,3.0,0.0,0
2022,9,russell,2,45,15:03:30,24.069,24.069,3.0,4.0,-1.0,0
2022,9,stroll,1,47,15:06:55,25.252,25.252,8.0,13.0,-5.0,0
2022,9,sainz,2,49,15:08:24,24.881,24.881,1.0,2.0,-1.0,0
2022,9,albon,2,48,15:08:45,23.530,23.53,14.0,15.0,-1.0,0
2022,9,ocon,2,49,15:09:34,23.945,23.945,5.0,5.0,0.0,0
2022,9,alonso,2,49,15:09:42,25.139,25.139,6.0,6.0,0.0,0
2022,9,bottas,1,49,15:09:50,26.089,26.089,7.0,8.0,-1.0,0
2022,9,zhou,2,49,15:10:04,23.980,23.98,9.0,10.0,-1.0,0
2022,9,ricciardo,2,49,15:10:08,24.833,24.833,10.0,11.0,-1.0,0
2022,10,perez,2,5,16:04:31,37.302,37.302,4.0,16.0,-12.0,0
2022,10,vettel,2,6,16:06:13,29.846,29.846,14.0,17.0,-3.0,0
2022,10,max_verstappen,2,12,16:15:21,29.395,29.395,1.0,6.0,-5.0,0
2022,10,stroll,2,15,16:20:37,28.632,28.632,14.0,17.0,-3.0,0
2022,10,gasly,2,16,16:22:13,29.632,29.632,13.0,16.0,-3.0,0
2022,10,tsunoda,2,18,16:25:31,34.759,34.759,14.0,17.0,-3.0,0
2022,10,latifi,2,19,16:26:52,28.829,28.829,8.0,11.0,-3.0,0
2022,10,mick_schumacher,2,19,16:26:53,29.147,29.147,11.0,12.0,-1.0,0
2022,10,sainz,2,20,16:27:47,28.574,28.574,1.0,3.0,-2.0,0
2022,10,ricciardo,2,20,16:28:29,30.262,30.262,11.0,13.0,-2.0,0
2022,10,ocon,2,22,16:31:35,30.342,30.342,7.0,10.0,-3.0,0
2022,10,kevin_magnussen,2,22,16:31:40,29.473,29.473,9.0,12.0,-3.0,0
2022,10,max_verstappen,3,23,16:33:05,29.296,29.296,6.0,8.0,-2.0,0
2022,10,leclerc,2,25,16:35:33,28.805,28.805,1.0,3.0,-2.0,0
2022,10,ricciardo,3,32,16:47:52,30.599,30.599,13.0,14.0,-1.0,0
2022,10,hamilton,2,33,16:47:54,29.837,29.837,1.0,3.0,-2.0,0
2022,10,alonso,2,33,16:48:31,28.733,28.733,5.0,6.0,-1.0,0
2022,10,norris,2,34,16:50:02,28.947,28.947,4.0,5.0,-1.0,0
2022,10,sainz,3,39,16:57:33,28.435,28.435,2.0,2.0,0.0,0
2022,10,hamilton,3,39,16:57:35,28.996,28.996,3.0,3.0,0.0,0
2022,10,ricciardo,4,38,16:57:44,29.345,29.345,14.0,13.0,1.0,1
2022,10,perez,3,39,16:58:08,28.155,28.155,4.0,4.0,0.0,0
2022,10,tsunoda,3,38,16:58:09,29.448,29.448,15.0,14.0,1.0,1
2022,10,alonso,3,39,16:58:32,28.841,28.841,6.0,5.0,1.0,1
2022,10,vettel,3,39,16:59:03,28.540,28.54,7.0,7.0,0.0,0
2022,10,max_verstappen,4,39,16:59:10,28.709,28.709,8.0,9.0,-1.0,0
2022,10,mick_schumacher,3,39,16:59:12,30.832,30.832,9.0,10.0,-1.0,0
2022,10,latifi,3,39,16:59:24,28.438,28.438,11.0,11.0,0.0,0
2022,10,norris,3,40,17:00:36,28.659,28.659,6.0,6.0,0.0,0
2022,10,stroll,3,40,17:01:33,29.780,29.78,12.0,12.0,0.0,0
2022,11,bottas,1,6,15:10:38,24.677,24.677,19.0,19.0,0.0,0
2022,11,russell,1,11,15:16:24,38.201,38.201,4.0,19.0,-15.0,0
2022,11,albon,1,11,15:16:33,22.301,22.301,13.0,15.0,-2.0,0
2022,11,ricciardo,1,12,15:17:44,21.356,21.356,10.0,14.0,-4.0,0
2022,11,gasly,1,12,15:17:45,22.724,22.724,12.0,17.0,-5.0,0
2022,11,latifi,1,12,15:17:50,21.722,21.722,16.0,18.0,-2.0,0
2022,11,max_verstappen,1,13,15:18:34,22.022,22.022,2.0,6.0,-4.0,0
2022,11,norris,1,14,15:20:05,22.684,22.684,8.0,13.0,-5.0,0
2022,11,kevin_magnussen,1,15,15:21:15,22.205,22.205,4.0,11.0,-7.0,0
2022,11,ocon,1,16,15:22:24,21.755,21.755,3.0,10.0,-7.0,0
2022,11,mick_schumacher,1,16,15:22:28,22.120,22.12,5.0,14.0,-9.0,0
2022,11,vettel,1,20,15:27:30,22.112,22.112,9.0,19.0,-10.0,0
2022,11,zhou,1,24,15:32:20,22.704,22.704,8.0,19.0,-11.0,0
2022,11,leclerc,1,26,15:33:54,21.532,21.532,1.0,2.0,-1.0,0
2022,11,tsunoda,1,26,15:34:42,21.749,21.749,7.0,17.0,-10.0,0
2022,11,sainz,1,27,15:35:10,21.212,21.212,2.0,3.0,-1.0,0
2022,11,alonso,1,27,15:35:56,21.552,21.552,10.0,18.0,-8.0,0
2022,11,hamilton,1,28,15:36:38,23.026,23.026,4.0,4.0,0.0,0
2022,11,stroll,1,29,15:38:12,21.431,21.431,5.0,15.0,-10.0,0
2022,11,latifi,2,35,15:45:51,21.206,21.206,19.0,19.0,0.0,0
2022,11,max_verstappen,2,36,15:45:57,21.444,21.444,2.0,3.0,-1.0,0
2022,11,bottas,2,39,15:50:27,22.278,22.278,14.0,17.0,-3.0,0
2022,11,russell,2,40,15:51:25,21.731,21.731,9.0,11.0,-2.0,0
2022,11,gasly,2,40,15:51:40,27.610,27.61,12.0,18.0,-6.0,0
2022,11,kevin_magnussen,2,41,15:52:37,22.088,22.088,7.0,13.0,-6.0,0
2022,11,albon,2,41,15:52:47,22.122,22.122,11.0,16.0,-5.0,0
2022,11,mick_schumacher,2,43,15:54:56,22.880,22.88,6.0,9.0,-3.0,0
2022,11,norris,2,43,15:55:00,27.324,27.324,7.0,13.0,-6.0,0
2022,11,ocon,2,44,15:56:05,22.109,22.109,5.0,6.0,-1.0,0
2022,11,ricciardo,2,44,15:56:18,21.889,21.889,8.0,13.0,-5.0,0
2022,11,vettel,2,44,15:56:41,21.583,21.583,15.0,18.0,-3.0,0
2022,11,zhou,2,46,15:58:57,28.860,28.86,11.0,18.0,-7.0,0
2022,11,tsunoda,2,46,15:58:59,21.519,21.519,12.0,16.0,-4.0,0
2022,11,leclerc,2,49,16:01:09,21.319,21.319,1.0,2.0,-1.0,0
2022,11,stroll,2,48,16:01:18,21.952,21.952,10.0,15.0,-5.0,0
2022,11,sainz,2,50,16:02:23,21.492,21.492,2.0,3.0,-1.0,0
2022,11,hamilton,2,51,16:04:01,22.697,22.697,4.0,4.0,0.0,0
2022,11,alonso,2,57,16:11:50,21.827,21.827,7.0,14.0,-7.0,0
2022,11,leclerc,3,58,16:12:03,21.650,21.65,1.0,1.0,0.0,0
2022,11,max_verstappen,3,58,16:12:09,21.319,21.319,2.0,2.0,0.0,0
2022,12,kevin_magnussen,1,8,15:17:07,36.779,36.779,12.0,18.0,-6.0,0
2022,12,mick_schumacher,1,9,15:18:50,36.704,36.704,14.0,18.0,-4.0,0
2022,12,zhou,1,9,15:18:55,36.444,36.444,18.0,20.0,-2.0,0
2022,12,tsunoda,1,11,15:22:23,37.648,37.648,17.0,20.0,-3.0,0
2022,12,max_verstappen,1,16,15:29:58,35.266,35.266,2.0,2.0,0.0,0
2022,12,hamilton,1,18,15:33:29,37.189,37.189,2.0,2.0,0.0,0
2022,12,perez,1,18,15:33:34,38.061,38.061,3.0,3.0,0.0,0
2022,12,russell,1,18,15:33:35,38.277,38.277,4.0,4.0,0.0,0
2022,12,alonso,1,18,15:33:47,36.524,36.524,5.0,5.0,0.0,0
2022,12,norris,1,18,15:33:55,37.539,37.539,7.0,6.0,1.0,1
2022,12,ocon,1,18,15:34:00,44.747,44.747,8.0,9.0,-1.0,0
2022,12,sainz,1,18,15:34:02,41.458,41.458,9.0,8.0,1.0,1
2022,12,ricciardo,1,18,15:34:05,36.264,36.264,10.0,7.0,3.0,1
2022,12,stroll,1,18,15:34:07,39.844,39.844,11.0,10.0,1.0,1
2022,12,albon,1,18,15:34:13,37.380,37.38,13.0,11.0,2.0,1
2022,12,gasly,1,18,15:34:17,35.969,35.969,14.0,12.0,2.0,1
2022,12,bottas,1,18,15:34:25,37.855,37.855,16.0,14.0,2.0,1
2022,12,kevin_magnussen,2,18,15:34:37,36.403,36.403,17.0,17.0,0.0,0
2022,12,mick_schumacher,2,18,15:34:48,37.003,37.003,18.0,18.0,0.0,0
2022,12,vettel,1,19,15:36:34,36.671,36.671,6.0,13.0,-7.0,0
2022,12,latifi,1,19,15:36:38,37.497,37.497,8.0,15.0,-7.0,0
2022,12,zhou,2,22,15:42:44,50.790,50.79,16.0,18.0,-2.0,0
2022,12,bottas,2,36,16:05:53,36.520,36.52,13.0,15.0,-2.0,0
2022,12,latifi,2,38,16:09:37,36.942,36.942,15.0,16.0,-1.0,0
2022,12,sainz,2,42,16:15:12,42.292,42.292,3.0,7.0,-4.0,0
2022,13,albon,1,2,15:06:40,31.224,31.224,15.0,20.0,-5.0,0
2022,13,kevin_magnussen,1,6,15:12:24,29.641,29.641,10.0,20.0,-10.0,0
2022,13,tsunoda,1,13,15:22:33,21.577,21.577,15.0,19.0,-4.0,0
2022,13,norris,1,14,15:23:43,23.567,23.567,7.0,12.0,-5.0,0
2022,13,stroll,1,14,15:23:56,21.779,21.779,13.0,17.0,-4.0,0
2022,13,ricciardo,1,15,15:25:20,21.558,21.558,10.0,14.0,-4.0,0
2022,13,vettel,1,15,15:25:23,21.402,21.402,13.0,17.0,-4.0,0
2022,13,russell,1,16,15:26:14,22.763,22.763,1.0,4.0,-3.0,0
2022,13,max_verstappen,1,16,15:26:25,21.351,21.351,5.0,8.0,-3.0,0
2022,13,gasly,1,16,15:26:55,21.675,21.675,14.0,20.0,-6.0,0
2022,13,sainz,1,17,15:27:39,22.820,22.82,1.0,4.0,-3.0,0
2022,13,perez,1,18,15:29:20,21.118,21.118,4.0,9.0,-5.0,0
2022,13,latifi,1,18,15:29:51,21.865,21.865,13.0,20.0,-7.0,0
2022,13,hamilton,1,19,15:30:39,21.699,21.699,2.0,7.0,-5.0,0
2022,13,leclerc,1,21,15:33:16,21.775,21.775,1.0,2.0,-1.0,0
2022,13,alonso,1,21,15:33:45,22.083,22.083,6.0,11.0,-5.0,0
2022,13,mick_schumacher,1,21,15:33:58,22.953,22.953,8.0,16.0,-8.0,0
2022,13,albon,2,21,15:34:22,21.816,21.816,16.0,20.0,-4.0,0
2022,13,ocon,1,23,15:36:35,23.581,23.581,5.0,11.0,-6.0,0
2022,13,bottas,1,26,15:41:08,22.272,22.272,8.0,14.0,-6.0,0
2022,13,zhou,1,27,15:42:36,22.321,22.321,8.0,17.0,-9.0,0
2022,13,tsunoda,2,33,15:51:30,22.016,22.016,15.0,20.0,-5.0,0
2022,13,kevin_magnussen,2,35,15:54:34,23.210,23.21,18.0,19.0,-1.0,0
2022,13,max_verstappen,2,38,15:57:25,21.228,21.228,4.0,4.0,0.0,0
2022,13,leclerc,2,39,15:58:41,21.972,21.972,1.0,3.0,-2.0,0
2022,13,russell,2,39,15:58:47,21.743,21.743,2.0,6.0,-4.0,0
2022,13,latifi,2,39,16:00:11,22.452,22.452,17.0,18.0,-1.0,0
2022,13,albon,3,40,16:01:49,24.298,24.298,18.0,20.0,-2.0,0
2022,13,mick_schumacher,2,41,16:03:01,22.566,22.566,16.0,16.0,0.0,0
2022,13,perez,2,42,16:03:23,21.167,21.167,5.0,6.0,-1.0,0
2022,13,norris,2,42,16:03:39,21.855,21.855,7.0,9.0,-2.0,0
2022,13,ricciardo,2,46,16:09:35,21.521,21.521,7.0,11.0,-4.0,0
2022,13,stroll,2,46,16:09:36,21.615,21.615,8.0,12.0,-4.0,0
2022,13,vettel,2,46,16:09:42,25.030,25.03,10.0,14.0,-4.0,0
2022,13,gasly,2,46,16:09:48,21.489,21.489,13.0,15.0,-2.0,0
2022,13,sainz,2,47,16:10:02,23.456,23.456,1.0,5.0,-4.0,0
2022,13,hamilton,2,51,16:15:42,22.095,22.095,1.0,5.0,-4.0,0
2022,13,zhou,2,51,16:17:20,28.218,28.218,14.0,19.0,-5.0,0
2022,13,tsunoda,3,51,16:17:46,22.128,22.128,20.0,20.0,0.0,0
2022,13,leclerc,3,54,16:20:03,21.544,21.544,2.0,6.0,-4.0,0
2022,13,latifi,3,56,16:24:42,28.777,28.777,17.0,19.0,-2.0,0
2022,13,kevin_magnussen,3,67,16:40:35,23.147,23.147,16.0,16.0,0.0,0
2022,14,leclerc,1,3,15:11:12,24.198,24.198,9.0,17.0,-8.0,0
2022,14,latifi,1,3,15:11:25,35.825,35.825,18.0,18.0,0.0,0
2022,14,albon,1,10,15:25:41,23.334,23.334,7.0,16.0,-9.0,0
2022,14,gasly,1,10,15:25:49,22.857,22.857,16.0,17.0,-1.0,0
2022,14,sainz,1,11,15:27:20,22.543,22.543,1.0,4.0,-3.0,0
2022,14,alonso,1,11,15:27:31,22.641,22.641,5.0,10.0,-5.0,0
2022,14,kevin_magnussen,1,11,15:27:45,26.815,26.815,13.0,18.0,-5.0,0
2022,14,ricciardo,1,12,15:29:33,23.085,23.085,7.0,13.0,-6.0,0
2022,14,ocon,1,12,15:29:35,23.511,23.511,9.0,14.0,-5.0,0
2022,14,russell,1,13,15:31:15,22.825,22.825,3.0,5.0,-2.0,0
2022,14,norris,1,13,15:31:34,23.036,23.036,9.0,15.0,-6.0,0
2022,14,perez,1,14,15:33:07,22.349,22.349,2.0,3.0,-1.0,0
2022,14,vettel,1,14,15:33:20,23.222,23.222,5.0,9.0,-4.0,0
2022,14,zhou,1,14,15:33:31,23.744,23.744,8.0,15.0,-7.0,0
2022,14,mick_schumacher,1,14,15:33:42,24.158,24.158,13.0,17.0,-4.0,0
2022,14,max_verstappen,1,15,15:34:57,22.882,22.882,1.0,2.0,-1.0,0
2022,14,stroll,1,15,15:35:24,23.555,23.555,7.0,14.0,-7.0,0
2022,14,latifi,2,15,15:35:37,24.168,24.168,11.0,18.0,-7.0,0
2022,14,tsunoda,1,18,15:41:15,30.055,30.055,7.0,16.0,-9.0,0
2022,14,gasly,2,22,15:49:05,22.542,22.542,12.0,16.0,-4.0,0
2022,14,sainz,2,25,15:54:09,22.750,22.75,3.0,4.0,-1.0,0
2022,14,leclerc,2,25,15:54:29,23.189,23.189,5.0,7.0,-2.0,0
2022,14,alonso,2,25,15:54:38,23.954,23.954,6.0,10.0,-4.0,0
2022,14,albon,2,26,15:56:46,24.415,24.415,9.0,14.0,-5.0,0
2022,14,stroll,2,26,15:56:48,23.349,23.349,11.0,16.0,-5.0,0
2022,14,perez,2,27,15:57:52,22.650,22.65,2.0,2.0,0.0,0
2022,14,kevin_magnussen,2,27,15:58:52,23.396,23.396,15.0,18.0,-3.0,0
2022,14,zhou,2,28,16:00:41,23.364,23.364,11.0,14.0,-3.0,0
2022,14,russell,2,29,16:01:48,22.977,22.977,2.0,4.0,-2.0,0
2022,14,norris,2,29,16:02:33,23.560,23.56,10.0,13.0,-3.0,0
2022,14,max_verstappen,2,30,16:03:17,22.322,22.322,1.0,1.0,0.0,0
2022,14,tsunoda,2,30,16:04:30,24.253,24.253,10.0,15.0,-5.0,0
2022,14,mick_schumacher,2,30,16:04:45,24.982,24.982,15.0,18.0,-3.0,0
2022,14,ocon,2,32,16:08:04,23.491,23.491,7.0,9.0,-2.0,0
2022,14,ricciardo,2,32,16:08:17,23.146,23.146,9.0,15.0,-6.0,0
2022,14,vettel,2,33,16:09:55,22.833,22.833,6.0,8.0,-2.0,0
2022,14,latifi,3,34,16:12:36,23.414,23.414,17.0,18.0,-1.0,0
2022,14,leclerc,3,42,16:26:44,23.334,23.334,5.0,5.0,0.0,0
2022,15,vettel,1,9,15:14:56,22.391,22.391,17.0,20.0,-3.0,0
2022,15,gasly,1,11,15:17:31,18.789,18.789,13.0,17.0,-4.0,0
2022,15,ricciardo,1,11,15:17:33,19.546,19.546,16.0,20.0,-4.0,0
2022,15,alonso,1,12,15:18:45,19.578,19.578,12.0,13.0,-1.0,0
2022,15,zhou,1,12,15:18:49,19.548,19.548,13.0,16.0,-3.0,0
2022,15,mick_schumacher,1,13,15:20:02,26.813,26.813,10.0,16.0,-6.0,0
2022,15,tsunoda,1,13,15:20:05,18.774,18.774,11.0,13.0,-2.0,0
2022,15,latifi,1,13,15:20:19,20.284,20.284,17.0,20.0,-3.0,0
2022,15,sainz,1,14,15:21:02,29.705,29.705,3.0,10.0,-7.0,0
2022,15,perez,1,14,15:21:05,18.835,18.835,5.0,8.0,-3.0,0
2022,15,kevin_magnussen,1,14,15:21:35,20.785,20.785,14.0,19.0,-5.0,0
2022,15,stroll,1,16,15:23:49,20.205,20.205,6.0,10.0,-4.0,0
2022,15,bottas,1,16,15:24:05,19.741,19.741,10.0,17.0,-7.0,0
2022,15,leclerc,1,17,15:24:47,19.080,19.08,2.0,4.0,-2.0,0
2022,15,norris,1,17,15:25:04,19.303,19.303,5.0,8.0,-3.0,0
2022,15,max_verstappen,1,18,15:25:58,19.634,19.634,1.0,3.0,-2.0,0
2022,15,ocon,1,18,15:26:30,19.455,19.455,6.0,11.0,-5.0,0
2022,15,albon,1,21,15:30:35,19.325,19.325,7.0,16.0,-9.0,0
2022,15,latifi,2,26,15:37:39,20.733,20.733,20.0,20.0,0.0,0
2022,15,ricciardo,2,27,15:38:47,19.567,19.567,18.0,19.0,-1.0,0
2022,15,hamilton,1,29,15:40:15,19.046,19.046,1.0,5.0,-4.0,0
2022,15,russell,1,31,15:42:53,19.359,19.359,2.0,5.0,-3.0,0
2022,15,gasly,2,32,15:45:03,18.700,18.7,12.0,17.0,-5.0,0
2022,15,mick_schumacher,2,33,15:46:28,21.814,21.814,14.0,18.0,-4.0,0
2022,15,bottas,2,34,15:47:42,21.049,21.049,13.0,15.0,-2.0,0
2022,15,kevin_magnussen,2,34,15:47:53,23.710,23.71,17.0,19.0,-2.0,0
2022,15,vettel,2,35,15:49:07,19.156,19.156,15.0,16.0,-1.0,0
2022,15,zhou,2,37,15:51:33,25.433,25.433,12.0,15.0,-3.0,0
2022,15,stroll,2,38,15:52:27,20.214,20.214,8.0,11.0,-3.0,0
2022,15,perez,2,40,15:54:40,18.738,18.738,5.0,7.0,-2.0,0
2022,15,albon,2,42,15:58:02,19.911,19.911,12.0,12.0,0.0,0
2022,15,sainz,2,43,15:58:43,19.493,19.493,5.0,9.0,-4.0,0
2022,15,leclerc,2,45,16:00:48,19.084,19.084,2.0,4.0,-2.0,0
2022,15,norris,2,47,16:04:07,21.117,21.117,6.0,8.0,-2.0,0
2022,15,alonso,2,47,16:04:12,21.501,21.501,7.0,9.0,-2.0,0
2022,15,max_verstappen,2,48,16:04:44,19.610,19.61,1.0,1.0,0.0,0
2022,15,hamilton,2,48,16:05:02,19.164,19.164,2.0,2.0,0.0,0
2022,15,russell,2,48,16:05:08,20.742,20.742,3.0,3.0,0.0,0
2022,15,mick_schumacher,3,47,16:05:28,20.283,20.283,16.0,15.0,1.0,1
2022,15,kevin_magnussen,3,47,16:05:32,23.663,23.663,17.0,17.0,0.0,0
2022,15,ricciardo,3,47,16:05:38,19.718,19.718,18.0,18.0,0.0,0
2022,15,vettel,3,48,16:07:10,18.709,18.709,15.0,16.0,-1.0,0
2022,15,latifi,3,54,16:15:44,20.051,20.051,19.0,18.0,1.0,1
2022,15,max_verstappen,3,56,16:15:47,19.655,19.655,1.0,2.0,-1.0,0
2022,15,albon,3,55,16:16:14,20.508,20.508,12.0,12.0,0.0,0
2022,15,leclerc,3,56,16:16:24,19.576,19.576,4.0,4.0,0.0,0
2022,15,perez,3,56,16:16:29,19.250,19.25,5.0,5.0,0.0,0
2022,15,zhou,3,55,16:16:34,20.188,20.188,13.0,16.0,-3.0,0
2022,15,ricciardo,4,55,16:16:52,20.295,20.295,17.0,17.0,0.0,0
2022,15,ocon,2,56,16:17:06,21.602,21.602,7.0,9.0,-2.0,0
2022,15,stroll,3,56,16:17:12,19.141,19.141,10.0,10.0,0.0,0
2022,15,gasly,3,56,16:17:37,18.572,18.572,11.0,11.0,0.0,0
2022,15,hamilton,3,57,16:18:18,14.155,14.155,2.0,1.0,1.0,1
2022,15,russell,3,57,16:18:21,21.363,21.363,3.0,3.0,0.0,0
2022,15,mick_schumacher,4,56,16:18:26,14.144,14.144,14.0,13.0,1.0,1
2022,15,vettel,4,56,16:18:30,14.349,14.349,15.0,14.0,1.0,1
2022,15,kevin_magnussen,4,56,16:18:34,14.175,14.175,16.0,15.0,1.0,1
2022,15,sainz,3,57,16:18:46,21.164,21.164,6.0,6.0,0.0,0
2022,15,norris,3,57,16:18:50,21.264,21.264,7.0,8.0,-1.0,0
2022,15,alonso,3,57,16:18:53,15.762,15.762,8.0,7.0,1.0,1
2022,16,perez,1,7,15:13:53,23.698,23.698,13.0,20.0,-7.0,0
2022,16,leclerc,1,12,15:21:01,23.531,23.531,1.0,3.0,-2.0,0
2022,16,latifi,1,15,15:26:02,26.782,26.782,15.0,19.0,-4.0,0
2022,16,gasly,1,18,15:30:13,25.376,25.376,6.0,13.0,-7.0,0
2022,16,zhou,1,18,15:30:16,25.366,25.366,10.0,15.0,-5.0,0
2022,16,stroll,1,18,15:30:22,24.254,24.254,12.0,17.0,-5.0,0
2022,16,ricciardo,1,19,15:31:40,25.164,25.164,5.0,12.0,-7.0,0
2022,16,de_vries,1,19,15:31:43,24.628,24.628,8.0,14.0,-6.0,0
2022,16,ocon,1,19,15:31:50,24.336,24.336,12.0,16.0,-4.0,0
2022,16,tsunoda,1,19,15:31:51,24.009,24.009,13.0,17.0,-4.0,0
2022,16,russell,1,23,15:37:02,25.075,25.075,2.0,4.0,-2.0,0
2022,16,kevin_magnussen,1,24,15:39:20,30.164,30.164,11.0,19.0,-8.0,0
2022,16,max_verstappen,1,25,15:39:43,23.791,23.791,1.0,2.0,-1.0,0
2022,16,sainz,1,30,15:47:28,23.728,23.728,3.0,7.0,-4.0,0
2022,16,leclerc,2,33,15:51:22,23.904,23.904,1.0,2.0,-1.0,0
2022,16,hamilton,1,33,15:52:05,24.282,24.282,5.0,9.0,-4.0,0
2022,16,mick_schumacher,1,33,15:52:21,24.817,24.817,8.0,16.0,-8.0,0
2022,16,norris,1,35,15:54:54,26.714,26.714,4.0,7.0,-3.0,0
2022,16,bottas,1,35,15:55:18,24.758,24.758,7.0,16.0,-9.0,0
2022,16,perez,2,42,16:05:01,23.299,23.299,5.0,7.0,-2.0,0
2022,16,russell,2,47,16:11:50,24.114,24.114,3.0,3.0,0.0,0
2022,16,kevin_magnussen,2,46,16:12:00,24.846,24.846,17.0,16.0,1.0,1
2022,16,sainz,2,47,16:12:01,24.525,24.525,4.0,4.0,0.0,0
2022,16,norris,2,47,16:12:41,24.784,24.784,6.0,7.0,-1.0,0
2022,16,max_verstappen,2,48,16:13:04,24.091,24.091,1.0,1.0,0.0,0
2022,16,tsunoda,2,47,16:13:25,23.904,23.904,13.0,14.0,-1.0,0
2022,16,leclerc,3,48,16:13:27,23.719,23.719,2.0,2.0,0.0,0
2022,16,latifi,2,47,16:13:35,24.263,24.263,15.0,15.0,0.0,0
2022,17,kevin_magnussen,1,7,21:23:45,39.247,39.247,12.0,18.0,-6.0,0
2022,17,russell,1,21,21:54:16,30.378,30.378,16.0,17.0,-1.0,0
2022,17,gasly,1,33,22:19:45,29.867,29.867,7.0,10.0,-3.0,0
2022,17,bottas,1,33,22:20:13,32.167,32.167,13.0,12.0,1.0,1
2022,17,kevin_magnussen,2,33,22:20:17,32.603,32.603,14.0,13.0,1.0,1
2022,17,leclerc,1,34,22:20:56,32.058,32.058,2.0,2.0,0.0,0
2022,17,hamilton,1,34,22:21:36,41.019,41.019,5.0,9.0,-4.0,0
2022,17,vettel,1,34,22:21:44,29.704,29.704,7.0,8.0,-1.0,0
2022,17,mick_schumacher,1,34,22:22:03,31.201,31.201,11.0,11.0,0.0,0
2022,17,perez,1,35,22:22:51,29.550,29.55,1.0,1.0,0.0,0
2022,17,sainz,1,35,22:23:17,30.603,30.603,3.0,3.0,0.0,0
2022,17,max_verstappen,1,35,22:23:33,29.407,29.407,5.0,5.0,0.0,0
2022,17,stroll,1,35,22:23:50,29.863,29.863,7.0,7.0,0.0,0
2022,17,russell,2,35,22:25:08,29.713,29.713,15.0,14.0,1.0,1
2022,17,norris,1,36,22:25:51,30.528,30.528,4.0,4.0,0.0,0
2022,17,ricciardo,1,36,22:26:23,30.946,30.946,6.0,6.0,0.0,0
2022,17,max_verstappen,2,40,22:36:35,29.775,29.775,5.0,12.0,-7.0,0
2022,17,mick_schumacher,2,41,22:39:34,34.722,34.722,10.0,13.0,-3.0,0
2022,17,russell,3,41,22:39:46,33.211,33.211,11.0,14.0,-3.0,0
2022,17,russell,4,51,22:59:32,29.893,29.893,13.0,14.0,-1.0,0
2022,18,latifi,2,5,16:23:57,24.785,24.785,15.0,16.0,-1.0,0
2022,18,vettel,2,5,16:23:58,24.218,24.218,16.0,15.0,1.0,1
2022,18,norris,2,6,16:25:53,24.595,24.595,13.0,12.0,1.0,1
2022,18,bottas,2,6,16:25:56,24.869,24.869,14.0,16.0,-2.0,0
2022,18,max_verstappen,2,7,16:27:26,24.308,24.308,1.0,1.0,0.0,0
2022,18,leclerc,2,7,16:27:27,25.899,25.899,2.0,2.0,0.0,0
2022,18,perez,2,7,16:27:32,25.322,25.322,3.0,4.0,-1.0,0
2022,18,ocon,2,7,16:27:34,25.172,25.172,4.0,5.0,-1.0,0
2022,18,hamilton,2,7,16:27:36,25.059,25.059,5.0,6.0,-1.0,0
2022,18,russell,2,7,16:27:40,28.728,28.728,7.0,13.0,-6.0,0
2022,18,tsunoda,2,7,16:27:44,24.439,24.439,9.0,12.0,-3.0,0
2022,18,kevin_magnussen,2,7,16:27:47,25.594,25.594,11.0,16.0,-5.0,0
2022,18,stroll,2,7,16:27:48,24.005,24.005,12.0,14.0,-2.0,0
2022,18,gasly,3,7,16:27:52,24.966,24.966,15.0,18.0,-3.0,0
2022,18,alonso,2,8,16:29:28,24.106,24.106,5.0,8.0,-3.0,0
2022,18,ricciardo,2,8,16:29:36,25.377,25.377,8.0,14.0,-6.0,0
2022,18,zhou,2,9,16:31:37,24.563,24.563,6.0,18.0,-12.0,0
2022,18,mick_schumacher,2,11,16:35:25,24.608,24.608,6.0,18.0,-12.0,0
2022,18,zhou,3,18,16:48:24,24.266,24.266,17.0,17.0,0.0,0
2022,18,stroll,3,19,16:50:04,23.870,23.87,12.0,15.0,-3.0,0
2022,18,gasly,4,19,16:50:13,23.966,23.966,16.0,18.0,-2.0,0
2022,18,tsunoda,3,20,16:51:53,23.756,23.756,11.0,16.0,-5.0,0
2022,18,alonso,3,22,16:55:11,24.123,24.123,7.0,8.0,-1.0,0
2022,19,latifi,1,5,14:12:42,25.321,25.321,15.0,19.0,-4.0,0
2022,19,albon,1,9,14:19:29,24.624,24.624,12.0,15.0,-3.0,0
2022,19,zhou,1,9,14:19:31,27.326,27.326,14.0,17.0,-3.0,0
2022,19,bottas,1,10,14:21:08,25.013,25.013,10.0,14.0,-4.0,0
2022,19,tsunoda,1,10,14:21:14,23.688,23.688,13.0,16.0,-3.0,0
2022,19,ricciardo,1,10,14:21:17,26.206,26.206,15.0,18.0,-3.0,0
2022,19,gasly,1,11,14:22:51,23.670,23.67,8.0,13.0,-5.0,0
2022,19,hamilton,1,12,14:24:13,24.362,24.362,2.0,6.0,-4.0,0
2022,19,max_verstappen,1,13,14:25:50,23.866,23.866,1.0,1.0,0.0,0
2022,19,russell,1,13,14:26:03,30.038,30.038,3.0,8.0,-5.0,0
2022,19,perez,1,14,14:27:47,23.403,23.403,3.0,5.0,-2.0,0
2022,19,norris,1,14,14:28:05,24.026,24.026,8.0,14.0,-6.0,0
2022,19,stroll,1,15,14:29:39,25.417,25.417,4.0,8.0,-4.0,0
2022,19,leclerc,1,18,14:34:58,24.314,24.314,2.0,4.0,-2.0,0
2022,19,vettel,1,18,14:35:06,24.307,24.307,4.0,6.0,-2.0,0
2022,19,alonso,1,18,14:35:26,23.870,23.87,7.0,9.0,-2.0,0
2022,19,ocon,1,18,14:35:37,24.816,24.816,9.0,12.0,-3.0,0
2022,19,mick_schumacher,1,18,14:35:37,25.209,25.209,10.0,13.0,-3.0,0
2022,19,kevin_magnussen,1,18,14:35:42,29.039,29.039,12.0,15.0,-3.0,0
2022,19,albon,2,18,14:35:50,24.311,24.311,15.0,17.0,-2.0,0
2022,19,latifi,2,18,14:36:12,24.195,24.195,18.0,18.0,0.0,0
2022,19,alonso,2,22,14:45:23,39.707,39.707,9.0,16.0,-7.0,0
2022,19,zhou,2,23,14:48:10,25.015,25.015,13.0,17.0,-4.0,0
2022,19,gasly,2,32,15:05:32,28.918,28.918,7.0,17.0,-10.0,0
2022,19,tsunoda,2,33,15:07:16,23.241,23.241,8.0,14.0,-6.0,0
2022,19,mick_schumacher,2,33,15:07:18,24.651,24.651,10.0,16.0,-6.0,0
2022,19,hamilton,2,34,15:08:39,24.135,24.135,2.0,4.0,-2.0,0
2022,19,norris,2,34,15:08:59,23.702,23.702,8.0,14.0,-6.0,0
2022,19,max_verstappen,2,35,15:10:18,32.254,32.254,1.0,5.0,-4.0,0
2022,19,leclerc,2,35,15:10:26,23.755,23.755,3.0,4.0,-1.0,0
2022,19,ricciardo,2,35,15:10:56,24.436,24.436,12.0,17.0,-5.0,0
2022,19,russell,2,36,15:12:10,24.509,24.509,4.0,6.0,-2.0,0
2022,19,perez,2,38,15:15:33,24.801,24.801,1.0,5.0,-4.0,0
2022,19,vettel,2,41,15:20:46,38.157,38.157,1.0,13.0,-12.0,0
2022,19,ocon,2,45,15:28:05,24.711,24.711,8.0,15.0,-7.0,0
2022,19,russell,3,54,15:42:52,23.947,23.947,5.0,5.0,0.0,0
2022,20,stroll,1,17,14:27:31,23.509,23.509,16.0,20.0,-4.0,0
2022,20,perez,1,23,14:35:10,24.892,24.892,3.0,6.0,-3.0,0
2022,20,latifi,1,23,14:36:14,23.826,23.826,18.0,20.0,-2.0,0
2022,20,mick_schumacher,1,24,14:37:37,23.679,23.679,17.0,19.0,-2.0,0
2022,20,max_verstappen,1,25,14:37:51,22.487,22.487,1.0,3.0,-2.0,0
2022,20,leclerc,1,28,14:42:33,22.193,22.193,6.0,11.0,-5.0,0
2022,20,hamilton,1,29,14:43:26,23.194,23.194,1.0,3.0,-2.0,0
2022,20,sainz,1,29,14:43:52,23.469,23.469,4.0,8.0,-4.0,0
2022,20,tsunoda,1,29,14:44:16,22.468,22.468,11.0,16.0,-5.0,0
2022,20,norris,1,31,14:47:02,22.585,22.585,8.0,15.0,-7.0,0
2022,20,ocon,1,33,14:49:47,22.343,22.343,7.0,13.0,-6.0,0
2022,20,russell,1,34,14:50:27,22.795,22.795,1.0,4.0,-3.0,0
2022,20,vettel,1,38,14:57:10,22.534,22.534,11.0,15.0,-4.0,0
2022,20,albon,1,38,14:57:16,23.182,23.182,14.0,17.0,-3.0,0
2022,20,kevin_magnussen,1,38,14:57:34,23.722,23.722,18.0,19.0,-1.0,0
2022,20,bottas,1,39,14:58:09,23.863,23.863,7.0,11.0,-4.0,0
2022,20,alonso,1,40,14:59:30,23.159,23.159,5.0,8.0,-3.0,0
2022,20,gasly,1,40,15:00:02,29.168,29.168,12.0,16.0,-4.0,0
2022,20,stroll,2,40,15:00:20,23.119,23.119,15.0,18.0,-3.0,0
2022,20,ricciardo,1,44,15:05:25,22.280,22.28,7.0,12.0,-5.0,0
2022,20,zhou,1,45,15:07:02,24.218,24.218,9.0,16.0,-7.0,0
2022,20,latifi,2,52,15:17:55,24.039,24.039,19.0,19.0,0.0,0
2022,20,russell,2,69,15:39:22,23.118,23.118,4.0,4.0,0.0,0
2022,21,albon,1,4,15:10:31,24.361,24.361,17.0,18.0,-1.0,0
2022,21,max_verstappen,1,7,15:15:34,30.942,30.942,3.0,17.0,-14.0,0
2022,21,leclerc,1,7,15:15:42,30.080,30.08,6.0,18.0,-12.0,0
2022,21,alonso,1,14,15:24:40,23.478,23.478,12.0,17.0,-5.0,0
2022,21,zhou,1,16,15:27:16,24.332,24.332,12.0,18.0,-6.0,0
2022,21,sainz,1,17,15:28:17,25.206,25.206,3.0,11.0,-8.0,0
2022,21,gasly,1,19,15:31:04,23.460,23.46,6.0,14.0,-8.0,0
2022,21,tsunoda,1,20,15:32:36,23.287,23.287,13.0,16.0,-3.0,0
2022,21,latifi,1,20,15:32:40,28.807,28.807,15.0,18.0,-3.0,0
2022,21,leclerc,2,21,15:34:01,23.172,23.172,16.0,17.0,-1.0,0
2022,21,perez,1,23,15:35:54,22.869,22.869,2.0,4.0,-2.0,0
2022,21,max_verstappen,2,23,15:36:31,31.682,31.682,12.0,17.0,-5.0,0
2022,21,russell,1,24,15:37:06,23.521,23.521,1.0,2.0,-1.0,0
2022,21,norris,1,24,15:37:31,29.338,29.338,5.0,12.0,-7.0,0
2022,21,bottas,1,24,15:37:32,23.908,23.908,6.0,9.0,-3.0,0
2022,21,ocon,1,24,15:37:35,23.868,23.868,7.0,11.0,-4.0,0
2022,21,mick_schumacher,1,24,15:37:40,24.487,24.487,9.0,13.0,-4.0,0
2022,21,albon,2,25,15:39:08,23.352,23.352,11.0,16.0,-5.0,0
2022,21,vettel,1,26,15:40:04,24.248,24.248,3.0,9.0,-6.0,0
2022,21,hamilton,1,29,15:43:41,24.081,24.081,1.0,4.0,-3.0,0
2022,21,stroll,1,29,15:44:14,23.469,23.469,5.0,15.0,-10.0,0
2022,21,latifi,2,32,15:48:45,24.292,24.292,18.0,18.0,0.0,0
2022,21,alonso,2,35,15:51:56,28.855,28.855,5.0,14.0,-9.0,0
2022,21,gasly,2,35,15:52:05,23.328,23.328,9.0,17.0,-8.0,0
2022,21,sainz,2,36,15:52:50,23.483,23.483,3.0,4.0,-1.0,0
2022,21,zhou,2,37,15:54:45,25.111,25.111,10.0,17.0,-7.0,0
2022,21,tsunoda,2,40,15:58:47,23.645,23.645,14.0,17.0,-3.0,0
2022,21,leclerc,3,44,16:03:38,23.124,23.124,8.0,13.0,-5.0,0
2022,21,bottas,2,45,16:04:45,24.616,24.616,5.0,8.0,-3.0,0
2022,21,vettel,2,45,16:04:49,24.028,24.028,6.0,10.0,-4.0,0
2022,21,norris,2,45,16:04:59,24.669,24.669,8.0,14.0,-6.0,0
2022,21,mick_schumacher,2,46,16:06:22,25.156,25.156,11.0,15.0,-4.0,0
2022,21,perez,2,47,16:06:49,23.152,23.152,3.0,4.0,-1.0,0
2022,21,ocon,2,47,16:07:25,24.445,24.445,5.0,9.0,-4.0,0
2022,21,albon,3,47,16:07:54,23.322,23.322,14.0,17.0,-3.0,0
2022,21,hamilton,2,48,16:08:02,23.415,23.415,2.0,3.0,-1.0,0
2022,21,max_verstappen,3,48,16:08:48,24.102,24.102,6.0,11.0,-5.0,0
2022,21,stroll,2,48,16:08:59,23.764,23.764,9.0,15.0,-6.0,0
2022,21,russell,2,49,16:09:08,23.480,23.48,1.0,1.0,0.0,0
2022,21,alonso,3,52,16:13:58,23.790,23.79,5.0,9.0,-4.0,0
2022,21,gasly,3,52,16:14:19,23.009,23.009,11.0,14.0,-3.0,0
2022,21,sainz,3,53,16:14:50,23.816,23.816,2.0,4.0,-2.0,0
2022,21,latifi,3,52,16:15:23,23.640,23.64,17.0,17.0,0.0,0
2022,21,tsunoda,3,54,16:18:28,23.635,23.635,15.0,16.0,-1.0,0
2022,22,albon,1,12,17:21:53,21.793,21.793,15.0,20.0,-5.0,0
2022,22,stroll,1,13,17:23:19,21.814,21.814,12.0,15.0,-3.0,0
2022,22,ocon,1,14,17:24:48,21.895,21.895,8.0,13.0,-5.0,0
2022,22,tsunoda,1,14,17:24:50,21.591,21.591,11.0,15.0,-4.0,0
2022,22,mick_schumacher,1,14,17:24:59,22.276,22.276,15.0,18.0,-3.0,0
2022,22,gasly,1,14,17:25:03,21.855,21.855,16.0,19.0,-3.0,0
2022,22,perez,1,15,17:26:00,21.360,21.36,2.0,5.0,-3.0,0
2022,22,russell,1,15,17:26:08,24.243,24.243,5.0,9.0,-4.0,0
2022,22,norris,1,15,17:26:16,22.234,22.234,7.0,11.0,-4.0,0
2022,22,zhou,1,15,17:26:28,22.435,22.435,13.0,17.0,-4.0,0
2022,22,latifi,1,15,17:26:44,22.423,22.423,18.0,20.0,-2.0,0
2022,22,sainz,1,17,17:29:08,21.930,21.93,3.0,5.0,-2.0,0
2022,22,hamilton,1,18,17:30:48,21.270,21.27,4.0,7.0,-3.0,0
2022,22,alonso,1,19,17:32:33,21.740,21.74,6.0,14.0,-8.0,0
2022,22,ricciardo,1,19,17:32:38,21.893,21.893,9.0,18.0,-9.0,0
2022,22,max_verstappen,1,20,17:33:31,22.735,22.735,1.0,1.0,0.0,0
2022,22,leclerc,1,21,17:35:10,22.210,22.21,2.0,3.0,-1.0,0
2022,22,vettel,1,25,17:41:51,23.186,23.186,8.0,18.0,-10.0,0
2022,22,kevin_magnussen,1,28,17:46:53,22.387,22.387,19.0,19.0,0.0,0
2022,22,bottas,1,30,17:49:54,22.573,22.573,15.0,18.0,-3.0,0
2022,22,perez,2,33,17:53:33,21.367,21.367,2.0,6.0,-4.0,0
2022,22,mick_schumacher,2,34,17:55:56,23.530,23.53,14.0,17.0,-3.0,0
2022,22,albon,2,35,17:57:22,21.798,21.798,11.0,15.0,-4.0,0
2022,22,tsunoda,2,38,18:01:49,22.262,22.262,10.0,14.0,-4.0,0
2022,22,sainz,2,39,18:02:41,21.575,21.575,3.0,5.0,-2.0,0
2022,22,russell,2,39,18:02:44,27.931,27.931,4.0,7.0,-3.0,0
2022,22,latifi,2,38,18:02:50,25.174,25.174,16.0,19.0,-3.0,0
2022,22,stroll,2,40,18:04:44,21.802,21.802,9.0,12.0,-3.0,0
2022,22,ocon,2,41,18:06:09,21.734,21.734,7.0,8.0,-1.0,0
2022,22,norris,2,42,18:07:36,21.559,21.559,6.0,7.0,-1.0,0
2022,22,zhou,2,44,18:11:10,23.159,23.159,11.0,16.0,-5.0,0
2023,1,gasly,1,9,18:18:56,25.885,25.885,18.0,19.0,-1.0,0
2023,1,norris,1,10,18:20:31,32.766,32.766,12.0,18.0,-6.0,0
2023,1,tsunoda,1,10,18:20:34,25.267,25.267,14.0,16.0,-2.0,0
2023,1,bottas,1,11,18:22:06,25.399,25.399,9.0,10.0,-1.0,0
2023,1,albon,1,11,18:22:12,25.054,25.054,11.0,11.0,0.0,0
2023,1,de_vries,1,11,18:22:21,25.018,25.018,18.0,18.0,0.0,0
2023,1,hulkenberg,1,11,18:22:21,26.075,26.075,15.0,19.0,-4.0,0
2023,1,hamilton,1,12,18:23:40,24.682,24.682,5.0,7.0,-2.0,0
2023,1,ocon,1,12,18:23:50,24.966,24.966,10.0,12.0,-2.0,0
2023,1,sargeant,1,12,18:23:55,25.600,25.6,11.0,15.0,-4.0,0
2023,1,zhou,1,12,18:24:01,25.787,25.787,14.0,19.0,-5.0,0
2023,1,leclerc,1,13,18:25:06,24.345,24.345,2.0,3.0,-1.0,0
2023,1,sainz,1,13,18:25:17,24.500,24.5,4.0,5.0,-1.0,0
2023,1,russell,1,13,18:25:24,27.062,27.062,5.0,9.0,-4.0,0
2023,1,max_verstappen,1,14,18:26:35,24.289,24.289,1.0,2.0,-1.0,0
2023,1,alonso,1,14,18:27:02,25.800,25.8,5.0,7.0,-2.0,0
2023,1,stroll,1,15,18:28:45,25.449,25.449,3.0,9.0,-6.0,0
2023,1,kevin_magnussen,1,15,18:29:10,25.439,25.439,9.0,18.0,-9.0,0
2023,1,ocon,2,15,18:29:11,41.462,41.462,12.0,19.0,-7.0,0
2023,1,perez,1,17,18:31:42,24.264,24.264,1.0,3.0,-2.0,0
2023,1,norris,2,17,18:32:38,33.661,33.661,14.0,19.0,-5.0,0
2023,1,gasly,2,25,18:45:48,24.879,24.879,12.0,15.0,-3.0,0
2023,1,albon,2,26,18:47:25,24.920,24.92,10.0,13.0,-3.0,0
2023,1,tsunoda,2,26,18:47:26,24.372,24.372,11.0,15.0,-4.0,0
2023,1,hulkenberg,2,26,18:47:41,37.769,37.769,16.0,18.0,-2.0,0
2023,1,de_vries,2,27,18:49:16,25.234,25.234,14.0,16.0,-2.0,0
2023,1,norris,3,27,18:49:35,33.467,33.467,18.0,19.0,-1.0,0
2023,1,bottas,2,29,18:52:16,25.643,25.643,9.0,10.0,-1.0,0
2023,1,kevin_magnussen,2,29,18:52:40,25.344,25.344,12.0,17.0,-5.0,0
2023,1,hamilton,2,30,18:53:36,24.690,24.69,5.0,6.0,-1.0,0
2023,1,stroll,2,30,18:53:45,24.639,24.639,8.0,7.0,1.0,1
2023,1,sargeant,2,30,18:54:09,25.670,25.67,10.0,14.0,-4.0,0
2023,1,sainz,2,31,18:55:11,24.227,24.227,4.0,5.0,-1.0,0
2023,1,russell,2,31,18:55:21,24.406,24.406,7.0,8.0,-1.0,0
2023,1,zhou,2,32,18:57:31,25.282,25.282,9.0,15.0,-6.0,0
2023,1,ocon,3,32,18:58:03,44.518,44.518,16.0,19.0,-3.0,0
2023,1,leclerc,2,33,18:58:16,24.644,24.644,3.0,3.0,0.0,0
2023,1,perez,2,34,18:59:45,25.091,25.091,2.0,2.0,0.0,0
2023,1,alonso,2,34,19:00:09,24.869,24.869,4.0,6.0,-2.0,0
2023,1,max_verstappen,2,36,19:02:47,24.910,24.91,1.0,1.0,0.0,0
2023,1,norris,4,37,19:06:27,33.236,33.236,18.0,19.0,-1.0,0
2023,1,albon,3,40,19:10:51,24.458,24.458,10.0,10.0,0.0,0
2023,1,gasly,3,40,19:10:52,24.736,24.736,11.0,9.0,2.0,1
2023,1,tsunoda,3,40,19:10:53,25.818,25.818,12.0,11.0,1.0,1
2023,1,sargeant,3,40,19:11:05,25.047,25.047,13.0,14.0,-1.0,0
2023,1,kevin_magnussen,3,40,19:11:20,25.125,25.125,16.0,15.0,1.0,1
2023,1,hulkenberg,3,40,19:11:26,27.080,27.08,17.0,16.0,1.0,1
2023,1,norris,5,47,19:23:45,30.710,30.71,17.0,17.0,0.0,0
2023,1,zhou,3,54,19:34:31,30.167,30.167,13.0,16.0,-3.0,0
2023,2,norris,1,2,20:07:18,29.444,29.444,17.0,20.0,-3.0,0
2023,2,kevin_magnussen,1,8,20:16:55,20.870,20.87,13.0,17.0,-4.0,0
2023,2,bottas,1,9,20:18:38,21.505,21.505,16.0,19.0,-3.0,0
2023,2,zhou,1,11,20:21:41,21.703,21.703,11.0,16.0,-5.0,0
2023,2,hulkenberg,1,11,20:21:43,21.567,21.567,12.0,17.0,-5.0,0
2023,2,stroll,1,13,20:24:39,21.150,21.15,4.0,10.0,-6.0,0
2023,2,gasly,1,14,20:26:26,20.719,20.719,10.0,14.0,-4.0,0
2023,2,sainz,1,15,20:27:49,20.760,20.76,4.0,7.0,-3.0,0
2023,2,leclerc,1,16,20:29:29,20.026,20.026,5.0,7.0,-2.0,0
2023,2,ocon,1,16,20:29:34,20.762,20.762,7.0,9.0,-2.0,0
2023,2,tsunoda,1,17,20:31:24,21.414,21.414,8.0,8.0,0.0,0
2023,2,albon,1,17,20:31:32,21.397,21.397,11.0,12.0,-1.0,0
2023,2,de_vries,1,17,20:31:39,21.116,21.116,12.0,14.0,-2.0,0
2023,2,bottas,2,17,20:32:08,22.191,22.191,19.0,19.0,0.0,0
2023,2,perez,1,18,20:32:46,20.715,20.715,1.0,1.0,0.0,0
2023,2,alonso,1,18,20:32:54,26.879,26.879,2.0,2.0,0.0,0
2023,2,russell,1,18,20:33:05,20.828,20.828,3.0,3.0,0.0,0
2023,2,max_verstappen,1,18,20:33:15,20.824,20.824,4.0,4.0,0.0,0
2023,2,hamilton,1,18,20:33:24,21.102,21.102,5.0,6.0,-1.0,0
2023,2,sargeant,1,18,20:33:55,21.064,21.064,10.0,15.0,-5.0,0
2023,2,zhou,2,18,20:34:06,21.282,21.282,15.0,17.0,-2.0,0
2023,2,norris,2,19,20:36:25,21.352,21.352,18.0,19.0,-1.0,0
2023,2,bottas,3,35,21:02:57,21.808,21.808,18.0,18.0,0.0,0
2023,3,russell,1,7,15:15:01,19.146,19.146,1.0,7.0,-6.0,0
2023,3,sainz,1,7,15:15:05,18.319,18.319,4.0,11.0,-7.0,0
2023,3,kevin_magnussen,1,7,15:15:21,20.789,20.789,12.0,18.0,-6.0,0
2023,3,sargeant,4,36,16:15:29,19.018,19.018,16.0,17.0,-1.0,0
2023,3,de_vries,2,45,16:28:14,18.080,18.08,16.0,17.0,-1.0,0
2023,3,piastri,2,54,16:40:06,19.442,19.442,11.0,11.0,0.0,0
2023,3,zhou,3,54,16:40:31,21.881,21.881,12.0,13.0,-1.0,0
2023,3,tsunoda,2,54,16:40:36,18.258,18.258,13.0,12.0,1.0,1
2023,3,bottas,5,55,16:55:40,1:16.634,76.634,14.0,12.0,2.0,1
2023,4,gasly,1,5,15:13:22,20.235,20.235,15.0,19.0,-4.0,0
2023,4,bottas,1,6,15:15:14,20.967,20.967,17.0,20.0,-3.0,0
2023,4,albon,1,7,15:16:57,21.103,21.103,12.0,17.0,-5.0,0
2023,4,tsunoda,1,8,15:18:43,20.497,20.497,10.0,14.0,-4.0,0
2023,4,piastri,1,8,15:18:44,20.902,20.902,11.0,15.0,-4.0,0
2023,4,sargeant,1,8,15:18:50,21.015,21.015,13.0,18.0,-5.0,0
2023,4,hamilton,1,9,15:20:23,20.324,20.324,5.0,11.0,-6.0,0
2023,4,norris,1,9,15:20:27,20.346,20.346,8.0,12.0,-4.0,0
2023,4,max_verstappen,1,10,15:22:00,20.707,20.707,1.0,3.0,-2.0,0
2023,4,kevin_magnussen,1,10,15:22:35,30.951,30.951,10.0,17.0,-7.0,0
2023,4,perez,1,11,15:24:20,20.389,20.389,1.0,1.0,0.0,0
2023,4,leclerc,1,11,15:24:25,21.126,21.126,2.0,2.0,0.0,0
2023,4,sainz,1,11,15:24:33,21.970,21.97,4.0,4.0,0.0,0
2023,4,alonso,1,11,15:24:35,23.148,23.148,5.0,5.0,0.0,0
2023,4,stroll,1,11,15:24:42,23.161,23.161,6.0,7.0,-1.0,0
2023,4,russell,1,11,15:24:42,20.459,20.459,7.0,6.0,1.0,1
2023,4,zhou,1,11,15:25:01,22.247,22.247,8.0,14.0,-6.0,0
2023,4,bottas,2,12,15:27:47,22.354,22.354,19.0,19.0,0.0,0
2023,4,gasly,2,23,15:48:15,21.169,21.169,15.0,19.0,-4.0,0
2023,4,bottas,3,34,16:08:14,21.012,21.012,19.0,19.0,0.0,0
2023,4,russell,2,49,16:34:10,21.389,21.389,8.0,8.0,0.0,0
2023,5,sargeant,1,2,15:37:09,48.938,48.938,18.0,20.0,-2.0,0
2023,5,norris,1,4,15:40:18,24.090,24.09,18.0,19.0,-1.0,0
2023,5,piastri,1,5,15:41:49,22.205,22.205,14.0,18.0,-4.0,0
2023,5,kevin_magnussen,1,14,15:55:45,22.616,22.616,7.0,15.0,-8.0,0
2023,5,gasly,1,15,15:57:16,22.417,22.417,6.0,14.0,-8.0,0
2023,5,bottas,1,15,15:57:23,23.158,23.158,9.0,16.0,-7.0,0
2023,5,de_vries,1,15,15:57:33,23.487,23.487,17.0,19.0,-2.0,0
2023,5,russell,1,17,16:00:18,22.335,22.335,5.0,12.0,-7.0,0
2023,5,leclerc,1,17,16:00:25,22.068,22.068,6.0,15.0,-9.0,0
2023,5,sainz,1,18,16:01:46,22.278,22.278,4.0,6.0,-2.0,0
2023,5,perez,1,20,16:04:48,21.884,21.884,1.0,3.0,-2.0,0
2023,5,albon,1,22,16:08:22,22.482,22.482,9.0,17.0,-8.0,0
2023,5,alonso,1,24,16:11:02,22.631,22.631,2.0,5.0,-3.0,0
2023,5,zhou,1,31,16:22:27,22.796,22.796,14.0,17.0,-3.0,0
2023,5,hulkenberg,1,33,16:25:26,23.120,23.12,8.0,16.0,-8.0,0
2023,5,tsunoda,1,36,16:30:01,22.390,22.39,8.0,14.0,-6.0,0
2023,5,hamilton,1,37,16:31:29,22.150,22.15,7.0,11.0,-4.0,0
2023,5,ocon,1,39,16:34:33,21.942,21.942,6.0,11.0,-5.0,0
2023,5,stroll,1,42,16:39:18,22.651,22.651,7.0,15.0,-8.0,0
2023,5,max_verstappen,1,45,16:42:58,22.688,22.688,1.0,2.0,-1.0,0
2023,6,albon,1,18,15:27:12,24.290,24.29,13.0,19.0,-6.0,0
2023,6,sargeant,1,20,15:30:02,24.376,24.376,18.0,20.0,-2.0,0
2023,6,sargeant,2,23,15:34:16,27.774,27.774,20.0,20.0,0.0,0
2023,6,hamilton,1,31,15:43:34,24.594,24.594,5.0,8.0,-3.0,0
2023,6,ocon,1,32,15:44:45,25.833,25.833,3.0,6.0,-3.0,0
2023,6,sainz,1,33,15:46:05,24.252,24.252,3.0,7.0,-4.0,0
2023,6,perez,2,34,15:48:26,32.749,32.749,16.0,19.0,-3.0,0
2023,6,leclerc,1,44,16:00:25,24.192,24.192,3.0,8.0,-5.0,0
2023,6,gasly,1,47,16:04:16,23.902,23.902,3.0,8.0,-5.0,0
2023,6,norris,1,50,16:08:48,24.663,24.663,10.0,11.0,-1.0,0
2023,6,bottas,1,51,16:10:46,30.395,30.395,13.0,15.0,-2.0,0
2023,6,stroll,1,51,16:10:52,24.656,24.656,15.0,16.0,-1.0,0
2023,6,zhou,2,52,16:12:35,25.260,25.26,15.0,15.0,0.0,0
2023,6,albon,2,52,16:12:37,26.990,26.99,16.0,16.0,0.0,0
2023,6,tsunoda,1,53,16:13:18,33.706,33.706,9.0,9.0,0.0,0
2023,6,sargeant,3,52,16:13:19,25.946,25.946,20.0,19.0,1.0,1
2023,6,alonso,1,54,16:13:32,24.414,24.414,2.0,2.0,0.0,0
2023,6,de_vries,1,53,16:13:47,24.539,24.539,12.0,13.0,-1.0,0
2023,6,russell,1,54,16:13:57,30.980,30.98,3.0,5.0,-2.0,0
2023,6,ocon,2,54,16:14:06,24.707,24.707,4.0,3.0,1.0,1
2023,6,hamilton,2,54,16:14:09,26.685,26.685,6.0,4.0,2.0,1
2023,6,gasly,2,54,16:14:18,29.949,29.949,8.0,7.0,1.0,1
2023,6,perez,3,53,16:14:19,24.217,24.217,15.0,17.0,-2.0,0
2023,6,max_verstappen,1,55,16:15:17,24.798,24.798,1.0,1.0,0.0,0
2023,6,piastri,1,54,16:15:18,25.851,25.851,9.0,10.0,-1.0,0
2023,6,norris,2,54,16:15:20,33.428,33.428,10.0,11.0,-1.0,0
2023,6,hulkenberg,2,54,16:16:01,34.725,34.725,14.0,17.0,-3.0,0
2023,6,leclerc,2,55,16:16:03,25.713,25.713,4.0,6.0,-2.0,0
2023,6,sainz,2,55,16:16:04,29.300,29.3,3.0,8.0,-5.0,0
2023,6,kevin_magnussen,1,56,16:20:26,51.052,51.052,16.0,19.0,-3.0,0
2023,6,perez,4,57,16:21:27,29.337,29.337,16.0,16.0,0.0,0
2023,6,hulkenberg,3,59,16:25:02,25.672,25.672,16.0,17.0,-1.0,0
2023,6,perez,5,70,16:43:16,25.466,25.466,16.0,17.0,-1.0,0
2023,7,bottas,1,5,15:10:18,23.691,23.691,17.0,19.0,-2.0,0
2023,7,hulkenberg,1,8,15:14:21,22.298,22.298,11.0,17.0,-6.0,0
2023,7,zhou,1,9,15:15:38,23.430,23.43,8.0,15.0,-7.0,0
2023,7,de_vries,1,9,15:15:44,22.522,22.522,14.0,18.0,-4.0,0
2023,7,tsunoda,1,10,15:17:01,22.176,22.176,9.0,16.0,-7.0,0
2023,7,kevin_magnussen,1,10,15:17:06,22.124,22.124,12.0,18.0,-6.0,0
2023,7,ocon,1,13,15:21:01,22.112,22.112,6.0,13.0,-7.0,0
2023,7,stroll,1,14,15:22:19,22.355,22.355,4.0,10.0,-6.0,0
2023,7,sainz,1,15,15:23:33,22.321,22.321,2.0,7.0,-5.0,0
2023,7,leclerc,1,16,15:25:17,21.778,21.778,9.0,17.0,-8.0,0
2023,7,albon,1,16,15:25:24,23.319,23.319,10.0,19.0,-9.0,0
2023,7,piastri,1,17,15:26:32,22.370,22.37,6.0,13.0,-7.0,0
2023,7,sargeant,1,17,15:26:49,22.583,22.583,12.0,20.0,-8.0,0
2023,7,alonso,1,19,15:29:09,22.558,22.558,4.0,9.0,-5.0,0
2023,7,gasly,1,19,15:29:18,23.388,23.388,6.0,15.0,-9.0,0
2023,7,norris,2,22,15:33:50,22.850,22.85,18.0,20.0,-2.0,0
2023,7,hamilton,1,24,15:35:37,22.575,22.575,2.0,4.0,-2.0,0
2023,7,kevin_magnussen,2,24,15:36:26,24.800,24.8,13.0,19.0,-6.0,0
2023,7,russell,1,25,15:37:07,22.275,22.275,3.0,6.0,-3.0,0
2023,7,max_verstappen,1,26,15:38:06,22.241,22.241,1.0,1.0,0.0,0
2023,7,hulkenberg,2,26,15:39:04,23.257,23.257,12.0,18.0,-6.0,0
2023,7,perez,1,27,15:39:57,21.775,21.775,2.0,9.0,-7.0,0
2023,7,stroll,2,34,15:49:34,23.371,23.371,5.0,12.0,-7.0,0
2023,7,tsunoda,2,34,15:49:38,22.009,22.009,8.0,13.0,-5.0,0
2023,7,ocon,2,35,15:50:57,24.110,24.11,6.0,13.0,-7.0,0
2023,7,zhou,2,36,15:52:25,22.889,22.889,8.0,15.0,-7.0,0
2023,7,sargeant,2,36,15:52:53,23.827,23.827,19.0,20.0,-1.0,0
2023,7,albon,2,37,15:54:12,23.449,23.449,17.0,19.0,-2.0,0
2023,7,de_vries,2,38,15:55:17,21.976,21.976,10.0,17.0,-7.0,0
2023,7,piastri,2,39,15:56:28,22.862,22.862,7.0,13.0,-6.0,0
2023,7,gasly,2,39,15:56:30,23.610,23.61,8.0,14.0,-6.0,0
2023,7,bottas,2,39,15:56:58,24.097,24.097,16.0,20.0,-4.0,0
2023,7,sainz,2,41,15:58:46,22.375,22.375,4.0,6.0,-2.0,0
2023,7,leclerc,2,41,15:59:13,23.003,23.003,7.0,14.0,-7.0,0
2023,7,kevin_magnussen,3,42,16:00:59,22.291,22.291,15.0,19.0,-4.0,0
2023,7,hulkenberg,3,43,16:02:05,24.484,24.484,10.0,16.0,-6.0,0
2023,7,alonso,2,44,16:03:01,22.896,22.896,5.0,10.0,-5.0,0
2023,7,russell,2,45,16:03:58,22.054,22.054,3.0,4.0,-1.0,0
2023,7,hamilton,2,50,16:10:22,22.731,22.731,2.0,2.0,0.0,0
2023,7,perez,2,50,16:10:42,21.537,21.537,3.0,5.0,-2.0,0
2023,7,norris,3,50,16:11:39,22.062,22.062,15.0,20.0,-5.0,0
2023,7,max_verstappen,2,52,16:12:44,22.357,22.357,1.0,1.0,0.0,0
2023,8,gasly,1,10,14:16:36,27.515,27.515,13.0,18.0,-5.0,0
2023,8,hulkenberg,1,11,14:17:50,24.880,24.88,7.0,15.0,-8.0,0
2023,8,stroll,1,11,14:17:53,23.711,23.711,13.0,16.0,-3.0,0
2023,8,de_vries,1,11,14:17:56,24.960,24.96,16.0,17.0,-1.0,0
2023,8,max_verstappen,1,12,14:18:49,23.644,23.644,1.0,1.0,0.0,0
2023,8,hamilton,1,12,14:18:59,24.339,24.339,2.0,2.0,0.0,0
2023,8,alonso,1,12,14:19:00,24.031,24.031,3.0,3.0,0.0,0
2023,8,ocon,1,12,14:19:12,24.402,24.402,5.0,9.0,-4.0,0
2023,8,piastri,1,12,14:19:16,24.828,24.828,6.0,10.0,-4.0,0
2023,8,norris,1,12,14:19:24,25.862,25.862,7.0,11.0,-4.0,0
2023,8,albon,1,12,14:19:25,25.064,25.064,9.0,12.0,-3.0,0
2023,8,zhou,1,12,14:19:31,24.161,24.161,14.0,14.0,0.0,0
2023,8,russell,1,12,14:19:55,1:28.943,88.943,4.0,19.0,-15.0,0
2023,8,stroll,2,27,14:42:23,23.839,23.839,16.0,19.0,-3.0,0
2023,8,hulkenberg,2,31,14:47:37,24.200,24.2,15.0,17.0,-2.0,0
2023,8,zhou,2,32,14:48:55,27.509,27.509,14.0,19.0,-5.0,0
2023,8,gasly,2,33,14:50:14,24.117,24.117,15.0,15.0,0.0,0
2023,8,tsunoda,2,34,14:51:31,27.523,27.523,13.0,16.0,-3.0,0
2023,8,norris,2,35,14:52:42,23.570,23.57,9.0,11.0,-2.0,0
2023,8,kevin_magnussen,1,35,14:53:34,24.909,24.909,12.0,19.0,-7.0,0
2023,8,ocon,2,36,14:53:56,23.698,23.698,7.0,9.0,-2.0,0
2023,8,bottas,1,36,14:53:58,24.038,24.038,8.0,10.0,-2.0,0
2023,8,perez,1,37,14:55:06,23.281,23.281,6.0,6.0,0.0,0
2023,8,piastri,2,37,14:55:21,23.436,23.436,7.0,13.0,-6.0,0
2023,8,sainz,1,38,14:56:16,24.133,24.133,5.0,5.0,0.0,0
2023,8,leclerc,1,39,14:57:32,24.343,24.343,4.0,4.0,0.0,0
2023,8,hamilton,2,40,14:58:46,23.749,23.749,3.0,3.0,0.0,0
2023,8,alonso,2,41,14:59:58,23.928,23.928,2.0,2.0,0.0,0
2023,8,max_verstappen,2,42,15:01:10,23.910,23.91,1.0,1.0,0.0,0
2023,8,de_vries,2,50,15:13:30,23.786,23.786,19.0,19.0,0.0,0
2023,8,kevin_magnussen,2,53,15:17:18,24.515,24.515,18.0,17.0,1.0,1
2023,8,perez,2,68,15:34:57,23.218,23.218,6.0,6.0,0.0,0
2023,9,max_verstappen,1,2,15:05:57,16.369,16.369,1.0,1.0,0.0,0
2023,9,leclerc,1,2,15:05:59,16.393,16.393,2.0,2.0,0.0,0
2023,9,sainz,1,2,15:06:01,16.380,16.38,3.0,3.0,0.0,0
2023,9,hamilton,1,2,15:06:03,16.415,16.415,4.0,4.0,0.0,0
2023,9,norris,1,2,15:06:05,18.076,18.076,5.0,5.0,0.0,0
2023,9,alonso,1,2,15:06:08,16.600,16.6,6.0,6.0,0.0,0
2023,9,hulkenberg,1,2,15:06:09,16.778,16.778,7.0,7.0,0.0,0
2023,9,stroll,1,2,15:06:11,16.646,16.646,9.0,8.0,1.0,1
2023,9,gasly,1,2,15:06:12,16.380,16.38,10.0,9.0,1.0,1
2023,9,albon,1,2,15:06:13,16.737,16.737,11.0,10.0,1.0,1
2023,9,russell,1,2,15:06:17,17.946,17.946,12.0,11.0,1.0,1
2023,9,ocon,1,2,15:06:19,18.143,18.143,13.0,12.0,1.0,1
2023,9,perez,1,2,15:06:20,17.428,17.428,14.0,13.0,1.0,1
2023,9,zhou,1,2,15:06:22,17.467,17.467,15.0,14.0,1.0,1
2023,9,piastri,1,2,15:06:23,17.324,17.324,16.0,15.0,1.0,1
2023,9,sargeant,1,2,15:06:25,17.337,17.337,17.0,16.0,1.0,1
2023,9,bottas,1,2,15:06:27,17.130,17.13,18.0,18.0,0.0,0
2023,9,de_vries,1,2,15:06:28,17.033,17.033,19.0,19.0,0.0,0
2023,9,zhou,2,8,15:14:10,24.374,24.374,14.0,20.0,-6.0,0
2023,9,de_vries,2,12,15:19:01,21.333,21.333,18.0,19.0,-1.0,0
2023,9,hamilton,2,14,15:21:10,21.993,21.993,4.0,4.0,0.0,0
2023,9,norris,2,14,15:21:12,21.290,21.29,5.0,5.0,0.0,0
2023,9,gasly,2,14,15:21:20,21.814,21.814,8.0,10.0,-2.0,0
2023,9,albon,2,14,15:21:22,21.562,21.562,10.0,13.0,-3.0,0
2023,9,russell,2,14,15:21:23,22.262,22.262,11.0,12.0,-1.0,0
2023,9,ocon,2,14,15:21:26,22.028,22.028,12.0,14.0,-2.0,0
2023,9,piastri,2,14,15:21:27,22.467,22.467,13.0,16.0,-3.0,0
2023,9,sargeant,2,14,15:21:32,23.194,23.194,14.0,17.0,-3.0,0
2023,9,leclerc,2,15,15:22:36,23.425,23.425,2.0,2.0,0.0,0
2023,9,sainz,2,15,15:22:41,26.283,26.283,3.0,5.0,-2.0,0
2023,9,alonso,2,15,15:22:48,22.371,22.371,6.0,7.0,-1.0,0
2023,9,stroll,2,15,15:22:54,24.332,24.332,7.0,15.0,-8.0,0
2023,9,bottas,2,21,15:30:27,31.785,31.785,16.0,19.0,-3.0,0
2023,9,piastri,3,22,15:31:40,29.912,29.912,15.0,18.0,-3.0,0
2023,9,tsunoda,3,23,15:32:50,27.286,27.286,13.0,17.0,-4.0,0
2023,9,max_verstappen,2,24,15:33:13,21.365,21.365,1.0,2.0,-1.0,0
2023,9,perez,2,25,15:34:47,21.655,21.655,4.0,9.0,-5.0,0
2023,9,kevin_magnussen,3,34,15:46:08,22.250,22.25,15.0,19.0,-4.0,0
2023,9,stroll,3,36,15:48:10,22.050,22.05,12.0,13.0,-1.0,0
2023,9,de_vries,3,37,15:49:41,21.074,21.074,15.0,18.0,-3.0,0
2023,9,zhou,3,38,15:50:48,21.910,21.91,13.0,17.0,-4.0,0
2023,9,ocon,3,40,15:52:55,30.427,30.427,11.0,14.0,-3.0,0
2023,9,bottas,3,40,15:53:22,21.975,21.975,15.0,18.0,-3.0,0
2023,9,norris,3,41,15:53:39,22.088,22.088,4.0,7.0,-3.0,0
2023,9,russell,3,41,15:53:57,21.702,21.702,9.0,9.0,0.0,0
2023,9,albon,3,41,15:54:04,27.683,27.683,10.0,12.0,-2.0,0
2023,9,piastri,4,41,15:54:36,22.313,22.313,16.0,19.0,-3.0,0
2023,9,hamilton,3,42,15:54:50,27.724,27.724,4.0,8.0,-4.0,0
2023,9,sargeant,3,43,15:56:40,21.543,21.543,9.0,13.0,-4.0,0
2023,9,tsunoda,4,43,15:56:56,21.392,21.392,13.0,18.0,-5.0,0
2023,9,alonso,3,44,15:57:15,21.993,21.993,5.0,6.0,-1.0,0
2023,9,gasly,3,44,15:57:30,27.804,27.804,6.0,10.0,-4.0,0
2023,9,sainz,3,45,15:58:10,28.583,28.583,3.0,4.0,-1.0,0
2023,9,leclerc,3,47,16:00:26,21.470,21.47,2.0,3.0,-1.0,0
2023,9,max_verstappen,3,49,16:02:31,21.641,21.641,1.0,1.0,0.0,0
2023,9,perez,3,50,16:04:07,21.267,21.267,2.0,5.0,-3.0,0
2023,9,stroll,4,54,16:09:28,21.837,21.837,9.0,11.0,-2.0,0
2023,9,max_verstappen,4,69,16:25:43,21.328,21.328,1.0,1.0,0.0,0
2023,10,hulkenberg,1,7,15:14:17,41.972,41.972,16.0,20.0,-4.0,0
2023,10,tsunoda,1,14,15:25:15,28.353,28.353,13.0,18.0,-5.0,0
2023,10,leclerc,1,18,15:31:08,28.244,28.244,4.0,12.0,-8.0,0
2023,10,zhou,1,24,15:40:56,29.177,29.177,15.0,18.0,-3.0,0
2023,10,sainz,1,26,15:43:36,28.869,28.869,5.0,12.0,-7.0,0
2023,10,de_vries,1,27,15:45:34,28.242,28.242,14.0,17.0,-3.0,0
2023,10,russell,1,28,15:46:37,29.455,29.455,4.0,9.0,-5.0,0
2023,10,perez,1,28,15:46:50,28.060,28.06,8.0,12.0,-4.0,0
2023,10,piastri,1,29,15:48:05,28.655,28.655,3.0,5.0,-2.0,0
2023,10,sargeant,1,29,15:48:37,28.847,28.847,13.0,16.0,-3.0,0
2023,10,gasly,1,31,15:51:30,28.458,28.458,5.0,11.0,-6.0,0
2023,10,stroll,1,31,15:51:39,28.561,28.561,11.0,12.0,-1.0,0
2023,10,albon,1,32,15:53:10,29.634,29.634,7.0,9.0,-2.0,0
2023,10,leclerc,2,32,15:53:11,28.805,28.805,9.0,10.0,-1.0,0
2023,10,bottas,1,32,15:53:38,29.662,29.662,13.0,14.0,-1.0,0
2023,10,tsunoda,2,32,15:53:48,28.603,28.603,15.0,15.0,0.0,0
2023,10,de_vries,2,32,15:53:55,28.413,28.413,17.0,16.0,1.0,1
2023,10,hulkenberg,2,32,15:54:11,30.003,30.003,19.0,18.0,1.0,1
2023,10,max_verstappen,1,33,15:54:29,29.056,29.056,1.0,1.0,0.0,0
2023,10,norris,1,33,15:54:43,28.438,28.438,2.0,2.0,0.0,0
2023,10,hamilton,1,33,15:54:58,29.169,29.169,3.0,3.0,0.0,0
2023,10,alonso,1,33,15:55:09,28.679,28.679,4.0,6.0,-2.0,0
2023,10,zhou,2,33,15:56:08,28.709,28.709,17.0,17.0,0.0,0
2023,10,zhou,3,36,16:02:39,34.374,34.374,17.0,18.0,-1.0,0
2023,11,albon,1,8,15:14:47,22.076,22.076,15.0,17.0,-2.0,0
2023,11,stroll,1,9,15:16:10,21.910,21.91,10.0,14.0,-4.0,0
2023,11,tsunoda,1,9,15:16:10,26.170,26.17,11.0,17.0,-6.0,0
2023,11,bottas,1,9,15:16:11,22.114,22.114,12.0,15.0,-3.0,0
2023,11,zhou,1,10,15:17:40,29.211,29.211,15.0,18.0,-3.0,0
2023,11,sargeant,1,13,15:21:59,24.001,24.001,12.0,18.0,-6.0,0
2023,11,kevin_magnussen,1,14,15:23:24,22.753,22.753,11.0,17.0,-6.0,0
2023,11,sainz,1,15,15:24:37,21.402,21.402,6.0,10.0,-4.0,0
2023,11,hamilton,1,16,15:25:56,21.974,21.974,4.0,7.0,-3.0,0
2023,11,hulkenberg,1,16,15:26:11,22.922,22.922,9.0,15.0,-6.0,0
2023,11,norris,1,17,15:27:16,21.541,21.541,3.0,4.0,-1.0,0
2023,11,leclerc,1,17,15:27:23,28.404,28.404,5.0,10.0,-5.0,0
2023,11,piastri,1,18,15:28:39,21.171,21.171,2.0,5.0,-3.0,0
2023,11,ricciardo,1,18,15:29:10,21.958,21.958,9.0,18.0,-9.0,0
2023,11,alonso,1,20,15:31:46,22.916,22.916,3.0,10.0,-7.0,0
2023,11,max_verstappen,1,23,15:35:32,21.407,21.407,1.0,1.0,0.0,0
2023,11,perez,1,24,15:37:20,21.862,21.862,2.0,7.0,-5.0,0
2023,11,russell,1,28,15:43:20,21.886,21.886,5.0,13.0,-8.0,0
2023,11,ricciardo,2,29,15:45:13,22.203,22.203,18.0,18.0,0.0,0
2023,11,albon,2,31,15:47:54,21.762,21.762,11.0,17.0,-6.0,0
2023,11,stroll,2,34,15:52:02,22.403,22.403,9.0,14.0,-5.0,0
2023,11,sargeant,2,34,15:52:24,22.197,22.197,16.0,18.0,-2.0,0
2023,11,hulkenberg,2,38,15:57:58,21.955,21.955,12.0,16.0,-4.0,0
2023,11,zhou,2,38,15:58:02,22.853,22.853,13.0,18.0,-5.0,0
2023,11,bottas,2,40,16:00:39,23.242,23.242,10.0,13.0,-3.0,0
2023,11,kevin_magnussen,2,41,16:02:32,22.152,22.152,15.0,18.0,-3.0,0
2023,11,piastri,2,42,16:02:48,22.030,22.03,3.0,4.0,-1.0,0
2023,11,perez,2,42,16:02:51,20.880,20.88,5.0,5.0,0.0,0
2023,11,leclerc,2,43,16:04:31,21.452,21.452,7.0,7.0,0.0,0
2023,11,alonso,2,43,16:04:39,24.152,24.152,8.0,9.0,-1.0,0
2023,11,norris,2,44,16:05:28,21.430,21.43,2.0,3.0,-1.0,0
2023,11,sainz,2,44,16:05:56,22.051,22.051,4.0,8.0,-4.0,0
2023,11,tsunoda,2,44,16:06:33,21.181,21.181,11.0,16.0,-5.0,0
2023,11,russell,2,46,16:08:49,21.675,21.675,6.0,8.0,-2.0,0
2023,11,hamilton,2,49,16:12:41,21.728,21.728,2.0,5.0,-3.0,0
2023,11,max_verstappen,2,51,16:14:53,21.680,21.68,1.0,1.0,0.0,0
2023,12,norris,1,5,15:13:27,25.012,25.012,10.0,16.0,-6.0,0
2023,12,kevin_magnussen,1,5,15:13:30,23.638,23.638,18.0,15.0,3.0,1
2023,12,ricciardo,1,5,15:13:31,22.843,22.843,19.0,18.0,1.0,1
2023,12,ocon,1,6,15:15:23,23.085,23.085,11.0,14.0,-3.0,0
2023,12,bottas,1,6,15:15:24,23.362,23.362,13.0,17.0,-4.0,0
2023,12,albon,1,7,15:17:14,25.015,25.015,7.0,11.0,-4.0,0
2023,12,sainz,1,7,15:17:20,23.303,23.303,10.0,17.0,-7.0,0
2023,12,zhou,1,7,15:17:21,24.449,24.449,13.0,18.0,-5.0,0
2023,12,sargeant,1,8,15:19:14,23.570,23.57,10.0,19.0,-9.0,0
2023,12,tsunoda,1,9,15:20:59,22.610,22.61,6.0,10.0,-4.0,0
2023,12,alonso,1,10,15:22:48,23.085,23.085,5.0,8.0,-3.0,0
2023,12,hamilton,1,12,15:26:27,23.090,23.09,4.0,4.0,0.0,0
2023,12,hulkenberg,1,12,15:26:56,24.571,24.571,8.0,19.0,-11.0,0
2023,12,perez,1,13,15:28:09,23.684,23.684,1.0,1.0,0.0,0
2023,12,leclerc,1,13,15:28:16,23.224,23.224,3.0,3.0,0.0,0
2023,12,max_verstappen,1,14,15:30:04,22.887,22.887,1.0,2.0,-1.0,0
2023,12,norris,2,17,15:36:37,23.744,23.744,16.0,18.0,-2.0,0
2023,12,stroll,1,20,15:42:12,25.397,25.397,8.0,18.0,-10.0,0
2023,12,russell,1,22,15:46:00,23.837,23.837,6.0,10.0,-4.0,0
2023,12,ricciardo,2,22,15:46:18,23.290,23.29,12.0,18.0,-6.0,0
2023,12,gasly,1,23,15:48:00,25.664,25.664,6.0,13.0,-7.0,0
2023,12,albon,2,23,15:48:02,23.596,23.596,9.0,12.0,-3.0,0
2023,12,tsunoda,2,24,15:49:52,22.737,22.737,6.0,9.0,-3.0,0
2023,12,bottas,2,24,15:50:02,23.786,23.786,11.0,13.0,-2.0,0
2023,12,hulkenberg,2,24,15:50:04,25.238,25.238,12.0,15.0,-3.0,0
2023,12,sargeant,2,24,15:50:09,23.938,23.938,16.0,17.0,-1.0,0
2023,12,ocon,2,25,15:51:50,23.339,23.339,7.0,12.0,-5.0,0
2023,12,kevin_magnussen,2,25,15:51:55,23.572,23.572,8.0,14.0,-6.0,0
2023,12,zhou,2,25,15:52:01,24.045,24.045,12.0,18.0,-6.0,0
2023,12,hamilton,2,27,15:55:00,23.023,23.023,4.0,4.0,0.0,0
2023,12,leclerc,2,28,15:56:48,23.148,23.148,3.0,3.0,0.0,0
2023,12,perez,2,29,15:58:34,22.710,22.71,2.0,2.0,0.0,0
2023,12,alonso,2,29,15:59:01,23.798,23.798,4.0,5.0,-1.0,0
2023,12,max_verstappen,2,30,16:00:16,23.012,23.012,1.0,1.0,0.0,0
2023,12,albon,3,33,16:07:06,23.529,23.529,12.0,17.0,-5.0,0
2023,12,sargeant,3,34,16:09:09,23.109,23.109,18.0,18.0,0.0,0
2023,12,hamilton,3,42,16:23:05,23.156,23.156,4.0,4.0,0.0,0
2023,13,max_verstappen,1,2,15:06:25,20.379,20.379,1.0,4.0,-3.0,0
2023,13,alonso,1,2,15:06:26,20.647,20.647,3.0,6.0,-3.0,0
2023,13,sainz,1,2,15:06:31,20.973,20.973,6.0,7.0,-1.0,0
2023,13,ocon,1,2,15:06:39,22.534,22.534,12.0,10.0,2.0,1
2023,13,norris,1,3,15:08:18,20.170,20.17,1.0,12.0,-11.0,0
2023,13,hamilton,1,3,15:08:35,20.266,20.266,12.0,13.0,-1.0,0
2023,13,russell,1,4,15:10:00,21.201,21.201,2.0,14.0,-12.0,0
2023,13,stroll,1,4,15:10:16,20.036,20.036,14.0,18.0,-4.0,0
2023,13,kevin_magnussen,2,9,15:16:59,20.137,20.137,9.0,8.0,1.0,1
2023,13,hamilton,2,9,15:17:26,19.970,19.97,13.0,16.0,-3.0,0
2023,13,stroll,2,9,15:17:44,20.208,20.208,18.0,19.0,-1.0,0
2023,13,zhou,2,10,15:18:09,20.231,20.231,3.0,6.0,-3.0,0
2023,13,alonso,2,10,15:18:10,20.109,20.109,5.0,3.0,2.0,1
2023,13,sainz,2,10,15:18:16,19.511,19.511,6.0,5.0,1.0,1
2023,13,tsunoda,2,10,15:18:24,18.904,18.904,8.0,9.0,-1.0,0
2023,13,ocon,2,10,15:18:26,19.795,19.795,9.0,10.0,-1.0,0
2023,13,norris,2,10,15:18:33,20.395,20.395,11.0,12.0,-1.0,0
2023,13,lawson,2,10,15:18:37,30.836,30.836,12.0,17.0,-5.0,0
2023,13,russell,2,10,15:18:55,20.148,20.148,13.0,18.0,-5.0,0
2023,13,max_verstappen,2,11,15:19:24,19.289,19.289,2.0,1.0,1.0,1
2023,13,gasly,2,11,15:19:34,19.518,19.518,3.0,4.0,-1.0,0
2023,13,leclerc,2,11,15:19:46,27.202,27.202,6.0,13.0,-7.0,0
2023,13,perez,2,12,15:20:46,19.460,19.46,1.0,2.0,-1.0,0
2023,13,piastri,1,15,15:25:18,18.979,18.979,8.0,14.0,-6.0,0
2023,13,bottas,1,16,15:27:09,20.187,20.187,14.0,15.0,-1.0,0
2023,13,hulkenberg,1,16,15:27:10,20.438,20.438,15.0,16.0,-1.0,0
2023,13,russell,3,16,15:27:30,19.607,19.607,18.0,17.0,1.0,1
2023,13,stroll,3,16,15:27:53,19.653,19.653,19.0,19.0,0.0,0
2023,13,lawson,3,17,15:29:22,19.600,19.6,17.0,18.0,-1.0,0
2023,13,stroll,4,34,15:53:38,19.923,19.923,18.0,19.0,-1.0,0
2023,13,kevin_magnussen,3,35,15:54:48,20.510,20.51,13.0,18.0,-5.0,0
2023,13,zhou,3,37,15:57:19,20.469,20.469,12.0,17.0,-5.0,0
2023,13,sainz,3,41,16:02:07,19.398,19.398,5.0,10.0,-5.0,0
2023,13,norris,3,42,16:03:37,18.878,18.878,9.0,14.0,-5.0,0
2023,13,ocon,3,43,16:04:50,19.024,19.024,6.0,12.0,-6.0,0
2023,13,albon,1,44,16:06:01,19.667,19.667,5.0,9.0,-4.0,0
2023,13,perez,3,45,16:06:58,18.789,18.789,2.0,3.0,-1.0,0
2023,13,hamilton,3,45,16:07:26,19.327,19.327,7.0,12.0,-5.0,0
2023,13,gasly,3,46,16:08:21,25.404,25.404,4.0,6.0,-2.0,0
2023,13,piastri,2,46,16:08:46,19.120,19.12,6.0,13.0,-7.0,0
2023,13,lawson,4,46,16:09:09,19.192,19.192,16.0,18.0,-2.0,0
2023,13,bottas,2,47,16:10:17,20.213,20.213,13.0,17.0,-4.0,0
2023,13,alonso,3,48,16:10:51,25.147,25.147,2.0,4.0,-2.0,0
2023,13,hulkenberg,2,48,16:11:31,19.713,19.713,10.0,16.0,-6.0,0
2023,13,max_verstappen,3,49,16:11:52,18.706,18.706,1.0,1.0,0.0,0
2023,13,bottas,3,59,16:25:45,19.735,19.735,17.0,16.0,1.0,1
2023,13,lawson,5,59,16:25:48,19.307,19.307,18.0,17.0,1.0,1
2023,13,perez,4,60,16:26:00,27.596,27.596,2.0,2.0,0.0,0
2023,13,gasly,4,60,16:26:21,20.417,20.417,5.0,4.0,1.0,1
2023,13,sainz,4,60,16:26:22,19.838,19.838,4.0,5.0,-1.0,0
2023,13,hamilton,4,60,16:26:30,20.779,20.779,7.0,6.0,1.0,1
2023,13,russell,4,60,16:26:34,24.019,24.019,8.0,8.0,0.0,0
2023,13,norris,4,60,16:26:35,19.871,19.871,10.0,7.0,3.0,1
2023,13,piastri,3,60,16:26:40,22.376,22.376,11.0,10.0,1.0,1
2023,13,tsunoda,3,60,16:26:50,20.602,20.602,12.0,12.0,0.0,0
2023,13,zhou,4,60,16:26:53,21.439,21.439,13.0,13.0,0.0,0
2023,13,stroll,5,60,16:26:58,21.532,21.532,14.0,14.0,0.0,0
2023,13,hulkenberg,3,60,16:26:58,23.582,23.582,15.0,15.0,0.0,0
2023,13,kevin_magnussen,4,60,16:27:09,23.584,23.584,16.0,18.0,-2.0,0
2023,13,alonso,4,61,16:27:35,20.655,20.655,3.0,2.0,1.0,1
2023,13,albon,2,61,16:27:57,21.300,21.3,6.0,9.0,-3.0,0
2023,13,ocon,4,61,16:28:03,22.096,22.096,7.0,11.0,-4.0,0
2023,13,max_verstappen,5,63,16:30:26,20.402,20.402,1.0,1.0,0.0,0
2023,13,perez,6,64,17:13:46,35.592,35.592,4.0,3.0,1.0,1
2023,13,norris,6,64,17:13:49,44.272,44.272,7.0,7.0,0.0,0
2023,13,russell,6,64,17:13:59,39.845,39.845,8.0,8.0,0.0,0
2023,13,albon,4,64,17:14:02,39.234,39.234,9.0,9.0,0.0,0
2023,13,piastri,5,64,17:14:06,38.453,38.453,10.0,10.0,0.0,0
2023,13,ocon,6,64,17:14:09,37.037,37.037,11.0,11.0,0.0,0
2023,13,tsunoda,5,64,17:14:14,34.901,34.901,12.0,12.0,0.0,0
2023,13,stroll,7,64,17:14:17,33.553,33.553,13.0,13.0,0.0,0
2023,13,hulkenberg,5,64,17:14:19,32.884,32.884,14.0,14.0,0.0,0
2023,13,bottas,5,64,17:14:22,32.518,32.518,15.0,15.0,0.0,0
2023,13,lawson,7,64,17:14:27,31.306,31.306,16.0,16.0,0.0,0
2023,13,kevin_magnussen,6,64,17:14:31,30.628,30.628,17.0,17.0,0.0,0
2023,13,russell,7,67,17:20:51,22.379,22.379,8.0,17.0,-9.0,0
2023,14,gasly,1,10,15:38:07,27.376,27.376,17.0,19.0,-2.0,0
2023,14,zhou,1,11,15:39:33,24.396,24.396,15.0,17.0,-2.0,0
2023,14,kevin_magnussen,1,12,15:41:12,24.660,24.66,18.0,19.0,-1.0,0
2023,14,lawson,1,13,15:42:27,24.212,24.212,11.0,14.0,-3.0,0
2023,14,hulkenberg,1,14,15:43:56,26.095,26.095,11.0,17.0,-6.0,0
2023,14,sargeant,1,14,15:43:57,24.779,24.779,12.0,16.0,-4.0,0
2023,14,albon,1,15,15:45:13,24.538,24.538,6.0,13.0,-7.0,0
2023,14,sainz,1,19,15:50:52,25.183,25.183,2.0,7.0,-5.0,0
2023,14,russell,1,19,15:50:56,24.215,24.215,5.0,9.0,-4.0,0
2023,14,max_verstappen,1,20,15:52:13,24.228,24.228,1.0,3.0,-2.0,0
2023,14,leclerc,1,20,15:52:19,23.931,23.931,2.0,6.0,-4.0,0
2023,14,stroll,1,20,15:52:50,25.667,25.667,12.0,18.0,-6.0,0
2023,14,perez,1,21,15:53:46,23.819,23.819,2.0,6.0,-4.0,0
2023,14,alonso,1,21,15:54:03,24.798,24.798,7.0,12.0,-5.0,0
2023,14,norris,1,22,15:55:26,23.727,23.727,3.0,9.0,-6.0,0
2023,14,piastri,1,23,15:56:53,24.133,24.133,1.0,10.0,-9.0,0
2023,14,ocon,1,24,15:58:45,24.249,24.249,10.0,19.0,-9.0,0
2023,14,bottas,1,25,16:00:06,24.658,24.658,7.0,16.0,-9.0,0
2023,14,hamilton,1,27,16:02:46,24.255,24.255,2.0,9.0,-7.0,0
2023,14,gasly,2,31,16:09:08,24.686,24.686,15.0,19.0,-4.0,0
2023,14,lawson,2,33,16:11:56,24.281,24.281,11.0,16.0,-5.0,0
2023,14,zhou,2,33,16:11:58,25.959,25.959,12.0,17.0,-5.0,0
2023,14,kevin_magnussen,2,33,16:12:15,24.765,24.765,17.0,19.0,-2.0,0
2023,14,hulkenberg,2,39,16:20:52,24.328,24.328,14.0,17.0,-3.0,0
2023,14,piastri,2,41,16:23:21,31.799,31.799,8.0,14.0,-6.0,0
2023,15,zhou,1,2,20:07:21,30.032,30.032,18.0,18.0,0.0,0
2023,15,sargeant,1,19,20:36:42,1:03.543,63.543,16.0,18.0,-2.0,0
2023,15,sainz,1,20,20:37:19,29.499,29.499,1.0,1.0,0.0,0
2023,15,leclerc,1,20,20:37:28,32.888,32.888,2.0,6.0,-4.0,0
2023,15,russell,1,20,20:37:29,29.976,29.976,3.0,3.0,0.0,0
2023,15,norris,1,20,20:37:31,29.485,29.485,4.0,5.0,-1.0,0
2023,15,hamilton,1,20,20:37:33,32.631,32.631,5.0,7.0,-2.0,0
2023,15,alonso,1,20,20:37:39,30.670,30.67,6.0,8.0,-2.0,0
2023,15,ocon,1,20,20:37:43,29.755,29.755,7.0,9.0,-2.0,0
2023,15,kevin_magnussen,1,20,20:37:50,31.475,31.475,9.0,11.0,-2.0,0
2023,15,hulkenberg,1,20,20:37:53,35.497,35.497,10.0,15.0,-5.0,0
2023,15,gasly,1,20,20:37:54,31.802,31.802,11.0,12.0,-1.0,0
2023,15,lawson,1,20,20:37:55,32.348,32.348,12.0,14.0,-2.0,0
2023,15,piastri,1,20,20:37:58,29.369,29.369,14.0,13.0,1.0,1
2023,15,albon,1,20,20:37:59,30.138,30.138,15.0,16.0,-1.0,0
2023,15,zhou,2,20,20:38:30,30.637,30.637,17.0,17.0,0.0,0
2023,15,perez,1,39,21:11:53,28.977,28.977,7.0,17.0,-10.0,0
2023,15,max_verstappen,1,40,21:13:21,29.698,29.698,6.0,15.0,-9.0,0
2023,15,bottas,1,40,21:13:47,30.487,30.487,17.0,18.0,-1.0,0
2023,15,albon,2,43,21:18:51,29.787,29.787,12.0,12.0,0.0,0
2023,15,kevin_magnussen,2,43,21:19:04,33.078,33.078,14.0,14.0,0.0,0
2023,15,sargeant,2,43,21:19:17,31.018,31.018,16.0,17.0,-1.0,0
2023,15,russell,2,44,21:20:21,30.039,30.039,2.0,4.0,-2.0,0
2023,15,hamilton,2,44,21:20:24,33.581,33.581,4.0,5.0,-1.0,0
2023,15,alonso,2,44,21:20:59,52.708,52.708,6.0,17.0,-11.0,0
2023,16,perez,1,2,14:08:56,32.450,32.45,7.0,18.0,-11.0,0
2023,16,sargeant,1,2,14:09:11,32.715,32.715,16.0,19.0,-3.0,0
2023,16,sargeant,2,5,14:16:24,43.868,43.868,19.0,19.0,0.0,0
2023,16,hulkenberg,1,8,14:21:18,23.520,23.52,12.0,18.0,-6.0,0
2023,16,tsunoda,1,9,14:22:56,22.944,22.944,10.0,15.0,-5.0,0
2023,16,lawson,1,10,14:24:35,23.136,23.136,9.0,14.0,-5.0,0
2023,16,zhou,2,10,14:24:44,24.091,24.091,16.0,16.0,0.0,0
2023,16,alonso,1,11,14:26:10,24.086,24.086,6.0,11.0,-5.0,0
2023,16,kevin_magnussen,1,12,14:28:23,23.816,23.816,12.0,16.0,-4.0,0
2023,16,piastri,1,13,14:29:24,24.455,24.455,3.0,7.0,-4.0,0
2023,16,albon,2,13,14:29:58,52.165,52.165,11.0,17.0,-6.0,0
2023,16,stroll,1,14,14:31:37,23.441,23.441,8.0,14.0,-6.0,0
2023,16,max_verstappen,1,16,14:34:31,24.382,24.382,1.0,3.0,-2.0,0
2023,16,hamilton,1,16,14:34:49,24.841,24.841,5.0,10.0,-5.0,0
2023,16,norris,1,17,14:36:20,23.523,23.523,2.0,4.0,-2.0,0
2023,16,leclerc,1,17,14:36:23,23.197,23.197,3.0,5.0,-2.0,0
2023,16,sainz,1,18,14:38:04,23.075,23.075,2.0,7.0,-5.0,0
2023,16,gasly,1,18,14:38:20,24.488,24.488,7.0,14.0,-7.0,0
2023,16,hulkenberg,2,21,14:43:39,23.660,23.66,13.0,15.0,-2.0,0
2023,16,russell,1,24,14:48:05,24.034,24.034,2.0,7.0,-5.0,0
2023,16,alonso,2,25,14:50:07,24.294,24.294,9.0,11.0,-2.0,0
2023,16,lawson,2,25,14:50:20,23.671,23.671,12.0,15.0,-3.0,0
2023,16,ocon,2,28,14:55:08,23.789,23.789,8.0,11.0,-3.0,0
2023,16,zhou,3,29,14:57:06,24.116,24.116,12.0,15.0,-3.0,0
2023,16,tsunoda,2,30,14:58:41,23.327,23.327,10.0,13.0,-3.0,0
2023,16,kevin_magnussen,2,31,15:00:39,23.858,23.858,14.0,15.0,-1.0,0
2023,16,leclerc,2,34,15:04:38,22.926,22.926,4.0,6.0,-2.0,0
2023,16,hamilton,2,34,15:04:43,23.631,23.631,6.0,7.0,-1.0,0
2023,16,gasly,2,34,15:05:03,24.651,24.651,8.0,10.0,-2.0,0
2023,16,piastri,2,35,15:06:11,23.198,23.198,3.0,5.0,-2.0,0
2023,16,norris,2,36,15:07:43,23.182,23.182,2.0,3.0,-1.0,0
2023,16,max_verstappen,2,37,15:09:05,23.696,23.696,1.0,1.0,0.0,0
2023,16,hulkenberg,3,37,15:10:23,23.338,23.338,11.0,14.0,-3.0,0
2023,16,sainz,2,38,15:11:15,23.374,23.374,2.0,7.0,-5.0,0
2023,17,bottas,1,3,20:10:22,29.977,29.977,9.0,15.0,-6.0,0
2023,17,kevin_magnussen,1,3,20:10:26,28.743,28.743,14.0,16.0,-2.0,0
2023,17,stroll,1,3,20:10:27,28.886,28.886,13.0,17.0,-4.0,0
2023,17,lawson,1,3,20:10:28,29.330,29.33,15.0,18.0,-3.0,0
2023,17,tsunoda,1,9,20:20:28,27.781,27.781,9.0,18.0,-9.0,0
2023,17,ocon,1,10,20:21:53,28.961,28.961,5.0,16.0,-11.0,0
2023,17,alonso,1,11,20:23:19,28.373,28.373,3.0,14.0,-11.0,0
2023,17,gasly,1,11,20:23:25,28.429,28.429,6.0,17.0,-11.0,0
2023,17,piastri,1,12,20:24:45,28.875,28.875,2.0,9.0,-7.0,0
2023,17,leclerc,1,12,20:24:49,28.228,28.228,3.0,12.0,-9.0,0
2023,17,norris,1,13,20:26:21,28.134,28.134,3.0,12.0,-9.0,0
2023,17,hulkenberg,1,13,20:26:32,39.879,39.879,5.0,18.0,-13.0,0
2023,17,sargeant,1,13,20:26:35,29.436,29.436,8.0,17.0,-9.0,0
2023,17,russell,2,14,20:27:57,28.542,28.542,3.0,15.0,-12.0,0
2023,17,max_verstappen,1,17,20:32:05,28.233,28.233,1.0,1.0,0.0,0
2023,17,perez,1,17,20:32:32,27.808,27.808,3.0,15.0,-12.0,0
2023,17,albon,1,18,20:33:58,29.253,29.253,2.0,15.0,-13.0,0
2023,17,zhou,1,18,20:34:06,28.984,28.984,4.0,17.0,-13.0,0
2023,17,bottas,2,21,20:38:42,29.387,29.387,4.0,14.0,-10.0,0
2023,17,stroll,2,21,20:38:45,28.156,28.156,5.0,15.0,-10.0,0
2023,17,kevin_magnussen,2,21,20:38:52,28.948,28.948,11.0,16.0,-5.0,0
2023,17,lawson,2,21,20:38:54,28.665,28.665,12.0,18.0,-6.0,0
2023,17,tsunoda,2,22,20:40:25,27.596,27.596,12.0,17.0,-5.0,0
2023,17,piastri,2,25,20:44:26,27.868,27.868,2.0,6.0,-4.0,0
2023,17,leclerc,2,25,20:44:40,27.873,27.873,5.0,12.0,-7.0,0
2023,17,ocon,2,25,20:44:42,28.969,28.969,6.0,13.0,-7.0,0
2023,17,alonso,2,26,20:46:01,28.432,28.432,3.0,8.0,-5.0,0
2023,17,gasly,2,26,20:46:12,30.192,30.192,6.0,13.0,-7.0,0
2023,17,sargeant,2,26,20:46:27,29.373,29.373,11.0,18.0,-7.0,0
2023,17,norris,2,27,20:47:29,27.611,27.611,2.0,7.0,-5.0,0
2023,17,hulkenberg,2,27,20:47:58,28.274,28.274,10.0,17.0,-7.0,0
2023,17,perez,2,31,20:53:34,33.246,33.246,3.0,12.0,-9.0,0
2023,17,albon,2,31,20:53:43,28.747,28.747,5.0,15.0,-10.0,0
2023,17,russell,3,32,20:54:52,28.314,28.314,2.0,5.0,-3.0,0
2023,17,max_verstappen,2,34,20:57:24,28.103,28.103,1.0,1.0,0.0,0
2023,17,zhou,2,35,20:59:41,28.854,28.854,4.0,15.0,-11.0,0
2023,17,bottas,3,39,21:05:42,28.946,28.946,8.0,12.0,-4.0,0
2023,17,stroll,3,39,21:05:45,29.399,29.399,10.0,13.0,-3.0,0
2023,17,kevin_magnussen,3,39,21:05:53,30.331,30.331,12.0,14.0,-2.0,0
2023,17,lawson,3,39,21:06:05,28.171,28.171,16.0,16.0,0.0,0
2023,17,hulkenberg,3,39,21:06:08,28.591,28.591,17.0,17.0,0.0,0
2023,17,tsunoda,3,40,21:07:30,27.809,27.809,15.0,15.0,0.0,0
2023,17,piastri,3,43,21:10:55,27.489,27.489,2.0,3.0,-1.0,0
2023,17,leclerc,3,43,21:11:17,27.513,27.513,5.0,5.0,0.0,0
2023,17,ocon,3,43,21:11:27,29.169,29.169,7.0,8.0,-1.0,0
2023,17,perez,3,43,21:11:35,33.165,33.165,9.0,12.0,-3.0,0
2023,17,norris,3,44,21:12:24,27.677,27.677,2.0,4.0,-2.0,0
2023,17,alonso,3,44,21:12:50,28.393,28.393,6.0,7.0,-1.0,0
2023,17,gasly,3,44,21:12:58,34.856,34.856,7.0,11.0,-4.0,0
2023,17,albon,3,44,21:13:12,28.981,28.981,10.0,13.0,-3.0,0
2023,17,russell,4,50,21:21:11,28.191,28.191,2.0,4.0,-2.0,0
2023,17,max_verstappen,3,51,21:22:13,29.726,29.726,1.0,1.0,0.0,0
2023,17,zhou,3,52,21:24:48,28.815,28.815,6.0,12.0,-6.0,0
2023,18,zhou,1,9,14:19:22,25.636,25.636,11.0,15.0,-4.0,0
2023,18,albon,1,10,14:21:07,24.563,24.563,13.0,15.0,-2.0,0
2023,18,bottas,1,10,14:21:09,24.783,24.783,14.0,16.0,-2.0,0
2023,18,kevin_magnussen,1,10,14:21:11,25.067,25.067,15.0,17.0,-2.0,0
2023,18,sargeant,1,11,14:22:55,24.990,24.99,15.0,17.0,-2.0,0
2023,18,max_verstappen,1,16,14:31:06,23.756,23.756,3.0,6.0,-3.0,0
2023,18,norris,1,17,14:32:42,24.155,24.155,1.0,4.0,-3.0,0
2023,18,sainz,1,17,14:32:54,23.668,23.668,5.0,7.0,-2.0,0
2023,18,perez,1,17,14:32:58,24.245,24.245,7.0,8.0,-1.0,0
2023,18,tsunoda,1,17,14:33:06,24.354,24.354,9.0,13.0,-4.0,0
2023,18,gasly,1,18,14:34:46,23.900,23.9,7.0,9.0,-2.0,0
2023,18,alonso,1,19,14:36:41,25.055,25.055,9.0,14.0,-5.0,0
2023,18,hulkenberg,1,19,14:36:48,26.573,26.573,12.0,18.0,-6.0,0
2023,18,hamilton,1,20,14:37:53,24.916,24.916,1.0,4.0,-3.0,0
2023,18,stroll,1,20,14:38:28,24.457,24.457,10.0,16.0,-6.0,0
2023,18,russell,1,21,14:39:49,24.357,24.357,3.0,7.0,-4.0,0
2023,18,ricciardo,1,22,14:41:51,24.364,24.364,8.0,15.0,-7.0,0
2023,18,leclerc,1,23,14:43:10,23.963,23.963,1.0,6.0,-5.0,0
2023,18,zhou,2,27,14:50:48,24.717,24.717,12.0,18.0,-6.0,0
2023,18,bottas,2,28,14:52:29,25.020,25.02,12.0,16.0,-4.0,0
2023,18,albon,2,29,14:54:08,24.354,24.354,11.0,15.0,-4.0,0
2023,18,kevin_magnussen,2,29,14:54:24,24.745,24.745,17.0,18.0,-1.0,0
2023,18,sargeant,2,32,14:59:24,25.547,25.547,13.0,16.0,-3.0,0
2023,18,norris,2,34,15:01:53,23.361,23.361,2.0,5.0,-3.0,0
2023,18,tsunoda,2,34,15:02:26,24.125,24.125,9.0,11.0,-2.0,0
2023,18,hulkenberg,2,34,15:02:47,24.308,24.308,12.0,15.0,-3.0,0
2023,18,max_verstappen,2,35,15:03:31,24.974,24.974,1.0,4.0,-3.0,0
2023,18,sainz,2,35,15:03:42,23.673,23.673,4.0,7.0,-3.0,0
2023,18,perez,2,37,15:07:07,23.747,23.747,2.0,7.0,-5.0,0
2023,18,gasly,2,37,15:07:28,24.880,24.88,8.0,10.0,-2.0,0
2023,18,hamilton,2,38,15:08:41,24.648,24.648,1.0,4.0,-3.0,0
2023,18,russell,2,39,15:10:47,23.969,23.969,6.0,8.0,-2.0,0
2023,18,stroll,2,40,15:12:45,23.955,23.955,9.0,11.0,-2.0,0
2023,18,alonso,2,42,15:16:00,24.823,24.823,7.0,9.0,-2.0,0
2023,18,ricciardo,2,47,15:25:15,26.513,26.513,15.0,18.0,-3.0,0
2023,18,tsunoda,3,54,15:36:35,23.472,23.472,10.0,10.0,0.0,0
2023,19,tsunoda,1,9,14:16:34,30.121,30.121,14.0,19.0,-5.0,0
2023,19,norris,1,11,14:19:23,23.408,23.408,14.0,18.0,-4.0,0
2023,19,max_verstappen,1,19,14:30:10,22.427,22.427,1.0,7.0,-6.0,0
2023,19,zhou,1,21,14:33:34,22.817,22.817,11.0,18.0,-7.0,0
2023,19,sargeant,1,22,14:35:03,23.945,23.945,14.0,18.0,-4.0,0
2023,19,hulkenberg,1,23,14:36:19,23.144,23.144,8.0,16.0,-8.0,0
2023,19,kevin_magnussen,1,23,14:36:27,23.642,23.642,12.0,19.0,-7.0,0
2023,19,hamilton,1,24,14:37:21,22.210,22.21,3.0,6.0,-3.0,0
2023,19,piastri,1,25,14:38:53,23.734,23.734,6.0,8.0,-2.0,0
2023,19,russell,1,26,14:40:18,22.311,22.311,5.0,9.0,-4.0,0
2023,19,ricciardo,1,27,14:41:39,22.406,22.406,4.0,5.0,-1.0,0
2023,19,gasly,1,28,14:43:24,22.627,22.627,6.0,15.0,-9.0,0
2023,19,alonso,1,29,14:45:06,22.844,22.844,14.0,19.0,-5.0,0
2023,19,sainz,1,30,14:45:46,22.067,22.067,3.0,4.0,-1.0,0
2023,19,stroll,1,30,14:46:28,22.582,22.582,11.0,17.0,-6.0,0
2023,19,leclerc,1,31,14:47:01,22.248,22.248,1.0,2.0,-1.0,0
2023,19,bottas,1,31,14:47:48,23.638,23.638,10.0,16.0,-6.0,0
2023,19,max_verstappen,2,33,14:50:02,22.372,22.372,1.0,1.0,0.0,0
2023,19,norris,2,33,14:50:50,22.563,22.563,8.0,10.0,-2.0,0
2023,19,albon,1,33,14:50:54,23.680,23.68,9.0,12.0,-3.0,0
2023,20,piastri,2,2,14:33:41,38.489,38.489,10.0,16.0,-6.0,0
2023,20,ricciardo,2,2,14:33:47,32.770,32.77,16.0,17.0,-1.0,0
2023,20,ocon,3,14,14:48:20,24.037,24.037,11.0,14.0,-3.0,0
2023,20,zhou,3,15,14:49:40,23.953,23.953,12.0,15.0,-3.0,0
2023,20,sargeant,3,17,14:52:18,24.367,24.367,12.0,15.0,-3.0,0
2023,20,hamilton,3,18,14:53:23,23.571,23.571,4.0,10.0,-6.0,0
2023,20,bottas,3,18,14:53:31,24.077,24.077,10.0,13.0,-3.0,0
2023,20,russell,3,19,14:54:41,23.730,23.73,5.0,10.0,-5.0,0
2023,20,perez,3,20,14:55:57,23.164,23.164,4.0,9.0,-5.0,0
2023,20,hulkenberg,3,21,14:57:33,24.401,24.401,9.0,14.0,-5.0,0
2023,20,stroll,3,22,14:58:34,23.558,23.558,4.0,9.0,-5.0,0
2023,20,alonso,3,25,15:02:12,24.204,24.204,3.0,3.0,0.0,0
2023,20,piastri,3,24,15:02:38,23.536,23.536,16.0,16.0,0.0,0
2023,20,sainz,3,26,15:03:43,23.557,23.557,4.0,8.0,-4.0,0
2023,20,gasly,3,26,15:03:46,25.295,25.295,5.0,12.0,-7.0,0
2023,20,tsunoda,3,26,15:03:48,27.114,27.114,6.0,13.0,-7.0,0
2023,20,max_verstappen,3,27,15:04:35,22.994,22.994,1.0,1.0,0.0,0
2023,20,norris,3,27,15:04:39,23.806,23.806,2.0,2.0,0.0,0
2023,20,ricciardo,3,26,15:05:07,23.955,23.955,15.0,15.0,0.0,0
2023,20,ocon,4,31,15:10:28,24.406,24.406,9.0,14.0,-5.0,0
2023,20,sargeant,4,44,15:27:16,24.137,24.137,11.0,13.0,-2.0,0
2023,20,russell,4,45,15:28:17,23.962,23.962,9.0,11.0,-2.0,0
2023,20,perez,4,46,15:29:13,23.522,23.522,4.0,6.0,-2.0,0
2023,20,hamilton,4,46,15:29:28,24.074,24.074,7.0,8.0,-1.0,0
2023,20,gasly,4,46,15:29:32,23.583,23.583,8.0,9.0,-1.0,0
2023,20,hulkenberg,4,46,15:30:00,23.841,23.841,12.0,13.0,-1.0,0
2023,20,alonso,4,47,15:30:25,23.830,23.83,3.0,5.0,-2.0,0
2023,20,sainz,4,51,15:35:44,23.704,23.704,4.0,7.0,-3.0,0
2023,20,ocon,5,51,15:36:12,23.599,23.599,10.0,12.0,-2.0,0
2023,20,stroll,4,52,15:36:55,25.294,25.294,3.0,6.0,-3.0,0
2023,20,piastri,4,52,15:38:37,23.338,23.338,15.0,15.0,0.0,0
2023,20,tsunoda,4,55,15:41:00,23.453,23.453,5.0,9.0,-4.0,0
2023,20,max_verstappen,4,56,15:41:21,23.397,23.397,1.0,2.0,-1.0,0
2023,20,ricciardo,4,55,15:42:16,23.508,23.508,14.0,14.0,0.0,0
2023,20,norris,4,59,15:45:16,23.664,23.664,1.0,2.0,-1.0,0
2023,21,stroll,1,3,22:10:06,22.222,22.222,9.0,15.0,-6.0,0
2023,21,sainz,1,3,22:10:19,21.261,21.261,17.0,17.0,0.0,0
2023,21,tsunoda,1,10,22:25:26,20.619,20.619,12.0,19.0,-7.0,0
2023,21,hulkenberg,1,12,22:28:45,22.154,22.154,12.0,18.0,-6.0,0
2023,21,kevin_magnussen,1,14,22:32:02,21.611,21.611,10.0,17.0,-7.0,0
2023,21,russell,1,15,22:33:29,21.257,21.257,3.0,9.0,-6.0,0
2023,21,sargeant,1,15,22:33:40,21.367,21.367,9.0,15.0,-6.0,0
2023,21,max_verstappen,1,16,22:35:04,26.686,26.686,1.0,9.0,-8.0,0
2023,21,albon,1,16,22:35:17,21.242,21.242,5.0,11.0,-6.0,0
2023,21,piastri,1,16,22:35:19,23.269,23.269,7.0,13.0,-6.0,0
2023,21,gasly,1,17,22:36:53,22.262,22.262,3.0,10.0,-7.0,0
2023,21,hamilton,1,17,22:37:11,25.047,25.047,5.0,18.0,-13.0,0
2023,21,ricciardo,1,17,22:37:13,22.242,22.242,14.0,19.0,-5.0,0
2023,21,ocon,1,20,22:41:58,21.763,21.763,3.0,12.0,-9.0,0
2023,21,leclerc,1,21,22:43:18,22.559,22.559,1.0,3.0,-2.0,0
2023,21,tsunoda,2,21,22:44:16,20.894,20.894,17.0,19.0,-2.0,0
2023,21,bottas,2,24,22:49:10,21.575,21.575,16.0,18.0,-2.0,0
2023,21,perez,2,26,22:51:52,21.568,21.568,1.0,2.0,-1.0,0
2023,21,stroll,2,26,22:52:07,22.570,22.57,3.0,7.0,-4.0,0
2023,21,max_verstappen,2,26,22:52:08,21.323,21.323,4.0,5.0,-1.0,0
2023,21,russell,2,26,22:52:11,21.952,21.952,5.0,9.0,-4.0,0
2023,21,sainz,2,26,22:52:13,22.630,22.63,6.0,10.0,-4.0,0
2023,21,alonso,2,26,22:52:17,23.214,23.214,7.0,12.0,-5.0,0
2023,21,zhou,1,26,22:52:26,22.155,22.155,11.0,13.0,-2.0,0
2023,21,kevin_magnussen,2,26,22:52:38,21.868,21.868,14.0,14.0,0.0,0
2023,21,hulkenberg,2,26,22:52:42,25.453,25.453,15.0,16.0,-1.0,0
2023,21,hamilton,2,26,22:52:49,22.508,22.508,16.0,17.0,-1.0,0
2023,21,piastri,2,43,23:22:11,20.535,20.535,4.0,11.0,-7.0,0
2023,22,kevin_magnussen,1,5,17:11:16,22.764,22.764,19.0,20.0,-1.0,0
2023,22,ricciardo,1,7,17:14:15,21.692,21.692,15.0,19.0,-4.0,0
2023,22,alonso,1,12,17:21:44,22.462,22.462,7.0,16.0,-9.0,0
2023,22,piastri,1,13,17:23:13,21.697,21.697,5.0,14.0,-9.0,0
2023,22,hulkenberg,1,13,17:23:25,21.861,21.861,14.0,19.0,-5.0,0
2023,22,zhou,1,13,17:23:27,22.867,22.867,16.0,20.0,-4.0,0
2023,22,norris,1,14,17:24:40,24.061,24.061,3.0,10.0,-7.0,0
2023,22,russell,1,14,17:24:42,21.650,21.65,4.0,9.0,-5.0,0
2023,22,hamilton,1,15,17:26:21,22.195,22.195,8.0,14.0,-6.0,0
2023,22,ocon,1,15,17:26:22,22.160,22.16,9.0,15.0,-6.0,0
2023,22,sargeant,1,15,17:26:35,22.124,22.124,14.0,20.0,-6.0,0
2023,22,max_verstappen,1,16,17:27:36,21.662,21.662,1.0,4.0,-3.0,0
2023,22,albon,1,16,17:28:04,22.170,22.17,11.0,19.0,-8.0,0
2023,22,leclerc,1,17,17:29:09,21.919,21.919,2.0,5.0,-3.0,0
2023,22,perez,1,17,17:29:21,21.446,21.446,4.0,12.0,-8.0,0
2023,22,gasly,1,17,17:29:26,23.091,23.091,5.0,15.0,-10.0,0
2023,22,tsunoda,1,22,17:36:54,21.486,21.486,1.0,10.0,-9.0,0
2023,22,stroll,1,22,17:36:59,21.866,21.866,3.0,13.0,-10.0,0
2023,22,kevin_magnussen,2,22,17:37:30,22.163,22.163,17.0,20.0,-3.0,0
2023,22,sainz,1,23,17:38:36,21.229,21.229,6.0,16.0,-10.0,0
2023,22,bottas,1,29,17:48:01,22.665,22.665,15.0,19.0,-4.0,0
2023,22,ricciardo,2,31,17:50:51,21.740,21.74,11.0,17.0,-6.0,0
2023,22,gasly,2,32,17:52:26,23.478,23.478,13.0,17.0,-4.0,0
2023,22,norris,2,33,17:53:31,21.432,21.432,4.0,10.0,-6.0,0
2023,22,hulkenberg,2,33,17:54:04,22.081,22.081,14.0,18.0,-4.0,0
2023,22,russell,2,34,17:54:57,22.084,22.084,3.0,7.0,-4.0,0
2023,22,leclerc,2,35,17:56:25,21.246,21.246,2.0,4.0,-2.0,0
2023,22,hamilton,2,35,17:56:42,22.045,22.045,7.0,11.0,-4.0,0
2023,22,piastri,2,36,17:58:08,21.156,21.156,4.0,10.0,-6.0,0
2023,22,alonso,2,36,17:58:11,21.841,21.841,5.0,11.0,-6.0,0
2023,22,zhou,2,37,18:00:12,22.345,22.345,14.0,20.0,-6.0,0
2023,22,sargeant,2,41,18:06:20,21.880,21.88,16.0,20.0,-4.0,0
2023,22,perez,2,42,18:06:56,21.274,21.274,2.0,5.0,-3.0,0
2023,22,stroll,2,42,18:07:20,21.667,21.667,7.0,12.0,-5.0,0
2023,22,max_verstappen,2,43,18:08:09,21.275,21.275,1.0,1.0,0.0,0
2023,22,albon,2,43,18:09:09,21.919,21.919,13.0,16.0,-3.0,0
