season,round,driver_id,constructor,grid,position,status,laps,points
2011,1,vettel,red_bull,1,1,Finished,58,25.0
2011,1,hamilton,mclaren,2,2,Finished,58,18.0
2011,1,petrov,renault,6,3,Finished,58,15.0
2011,1,alonso,ferrari,5,4,Finished,58,12.0
2011,1,webber,red_bull,3,5,Finished,58,10.0
2011,1,button,mclaren,4,6,Finished,58,8.0
2011,1,massa,ferrari,8,7,Finished,58,6.0
2011,1,buemi,toro_rosso,10,8,+1 Lap,57,4.0
2011,1,sutil,force_india,16,9,+1 Lap,57,2.0
2011,1,resta,force_india,14,10,+1 Lap,57,1.0
2011,1,alguersuari,toro_rosso,12,11,+1 Lap,57,0.0
2011,1,heidfeld,renault,18,12,+1 Lap,57,0.0
2011,1,trulli,lotus_racing,20,13,+2 Laps,56,0.0
2011,1,ambrosio,virgin,22,14,+4 Laps,54,0.0
2011,1,glock,virgin,21,15,+9 Laps,49,0.0
2011,1,barrichello,williams,17,16,Transmission,48,0.0
2011,1,rosberg,mercedes,7,17,Collision,22,0.0
2011,1,kovalainen,lotus_racing,19,18,Water leak,19,0.0
2011,1,michael_schumacher,mercedes,11,19,Collision,19,0.0
2011,1,maldonado,williams,15,20,Transmission,9,0.0
2011,1,kobayashi,sauber,9,21,Disqualified,58,0.0
2011,1,perez,sauber,13,22,Disqualified,58,0.0
2011,2,vettel,red_bull,1,1,Finished,56,25.0
2011,2,button,mclaren,4,2,Finished,56,18.0
2011,2,heidfeld,renault,6,3,Finished,56,15.0
2011,2,webber,red_bull,3,4,Finished,56,12.0
2011,2,massa,ferrari,7,5,Finished,56,10.0
2011,2,alonso,ferrari,5,6,Finished,56,8.0
2011,2,kobayashi,sauber,10,7,Finished,56,6.0
2011,2,hamilton,mclaren,2,8,Finished,56,4.0
2011,2,michael_schumacher,mercedes,11,9,Finished,56,2.0
2011,2,resta,force_india,14,10,Finished,56,1.0
2011,2,sutil,force_india,17,11,+1 Lap,55,0.0
2011,2,rosberg,mercedes,9,12,+1 Lap,55,0.0
2011,2,buemi,toro_rosso,12,13,+1 Lap,55,0.0
2011,2,alguersuari,toro_rosso,13,14,+1 Lap,55,0.0
2011,2,kovalainen,lotus_racing,19,15,+1 Lap,55,0.0
2011,2,glock,virgin,21,16,+2 Laps,54,0.0
2011,2,petrov,renault,8,17,Accident,52,0.0
2011,2,liuzzi,hrt,23,18,+10 Laps,46,0.0
2011,2,ambrosio,virgin,22,19,Accident,42,0.0
2011,2,trulli,lotus_racing,20,20,Clutch,31,0.0
2011,2,perez,sauber,16,21,Accident,23,0.0
2011,2,barrichello,williams,15,22,Gearbox,22,0.0
2011,2,karthikeyan,hrt,24,23,+42 Laps,14,0.0
2011,2,maldonado,williams,18,24,Engine misfire,8,0.0
2011,3,hamilton,mclaren,3,1,Finished,56,25.0
2011,3,vettel,red_bull,1,2,Finished,56,18.0
2011,3,webber,red_bull,18,3,Finished,56,15.0
2011,3,button,mclaren,2,4,Finished,56,12.0
2011,3,rosberg,mercedes,4,5,Finished,56,10.0
2011,3,massa,ferrari,6,6,Finished,56,8.0
2011,3,alonso,ferrari,5,7,Finished,56,6.0
2011,3,michael_schumacher,mercedes,14,8,Finished,56,4.0
2011,3,petrov,renault,10,9,Finished,56,2.0
2011,3,kobayashi,sauber,13,10,Finished,56,1.0
2011,3,resta,force_india,8,11,Finished,56,0.0
2011,3,heidfeld,renault,16,12,Finished,56,0.0
2011,3,barrichello,williams,15,13,Finished,56,0.0
2011,3,buemi,toro_rosso,9,14,Finished,56,0.0
2011,3,sutil,force_india,11,15,+1 Lap,55,0.0
2011,3,kovalainen,lotus_racing,19,16,+1 Lap,55,0.0
2011,3,perez,sauber,12,17,+1 Lap,55,0.0
2011,3,maldonado,williams,17,18,+1 Lap,55,0.0
2011,3,trulli,lotus_racing,20,19,+1 Lap,55,0.0
2011,3,ambrosio,virgin,21,20,+2 Laps,54,0.0
2011,3,glock,virgin,22,21,+2 Laps,54,0.0
2011,3,liuzzi,hrt,23,22,+2 Laps,54,0.0
2011,3,karthikeyan,hrt,24,23,+2 Laps,54,0.0
2011,3,alguersuari,toro_rosso,7,24,Wheel,9,0.0
2011,4,vettel,red_bull,1,1,Finished,58,25.0
2011,4,webber,red_bull,2,2,Finished,58,18.0
2011,4,alonso,ferrari,5,3,Finished,58,15.0
2011,4,hamilton,mclaren,4,4,Finished,58,12.0
2011,4,rosberg,mercedes,3,5,Finished,58,10.0
2011,4,button,mclaren,6,6,Finished,58,8.0
2011,4,heidfeld,renault,9,7,Finished,58,6.0
2011,4,petrov,renault,7,8,Finished,58,4.0
2011,4,buemi,toro_rosso,16,9,Finished,58,2.0
2011,4,kobayashi,sauber,24,10,Finished,58,1.0
2011,4,massa,ferrari,10,11,Finished,58,0.0
2011,4,michael_schumacher,mercedes,8,12,Finished,58,0.0
2011,4,sutil,force_india,12,13,+1 Lap,57,0.0
2011,4,perez,sauber,15,14,+1 Lap,57,0.0
2011,4,barrichello,williams,11,15,+1 Lap,57,0.0
2011,4,alguersuari,toro_rosso,17,16,+1 Lap,57,0.0
2011,4,maldonado,williams,14,17,+1 Lap,57,0.0
2011,4,trulli,lotus_racing,19,18,+1 Lap,57,0.0
2011,4,kovalainen,lotus_racing,18,19,+2 Laps,56,0.0
2011,4,ambrosio,virgin,23,20,+2 Laps,56,0.0
2011,4,karthikeyan,hrt,22,21,+3 Laps,55,0.0
2011,4,liuzzi,hrt,20,22,+5 Laps,53,0.0
2011,4,resta,force_india,13,23,Retired,44,0.0
2011,4,glock,virgin,21,24,Gearbox,0,0.0
2011,5,vettel,red_bull,2,1,Finished,66,25.0
2011,5,hamilton,mclaren,3,2,Finished,66,18.0
2011,5,button,mclaren,5,3,Finished,66,15.0
2011,5,webber,red_bull,1,4,Finished,66,12.0
2011,5,alonso,ferrari,4,5,+1 Lap,65,10.0
2011,5,michael_schumacher,mercedes,10,6,+1 Lap,65,8.0
2011,5,rosberg,mercedes,7,7,+1 Lap,65,6.0
2011,5,heidfeld,renault,24,8,+1 Lap,65,4.0
2011,5,perez,sauber,12,9,+1 Lap,65,2.0
2011,5,kobayashi,sauber,14,10,+1 Lap,65,1.0
2011,5,petrov,renault,6,11,+1 Lap,65,0.0
2011,5,resta,force_india,16,12,+1 Lap,65,0.0
2011,5,sutil,force_india,17,13,+1 Lap,65,0.0
2011,5,buemi,toro_rosso,11,14,+1 Lap,65,0.0
2011,5,maldonado,williams,9,15,+1 Lap,65,0.0
2011,5,alguersuari,toro_rosso,13,16,+2 Laps,64,0.0
2011,5,barrichello,williams,19,17,+2 Laps,64,0.0
2011,5,trulli,lotus_racing,18,18,+2 Laps,64,0.0
2011,5,glock,virgin,20,19,+3 Laps,63,0.0
2011,5,ambrosio,virgin,23,20,+4 Laps,62,0.0
2011,5,karthikeyan,hrt,22,21,+5 Laps,61,0.0
2011,5,massa,ferrari,8,22,Gearbox,58,0.0
2011,5,kovalainen,lotus_racing,15,23,Accident,48,0.0
2011,5,liuzzi,hrt,21,24,Gearbox,28,0.0
2011,6,vettel,red_bull,1,1,Finished,78,25.0
2011,6,alonso,ferrari,4,2,Finished,78,18.0
2011,6,button,mclaren,2,3,Finished,78,15.0
2011,6,webber,red_bull,3,4,Finished,78,12.0
2011,6,kobayashi,sauber,12,5,Finished,78,10.0
2011,6,hamilton,mclaren,9,6,Finished,78,8.0
2011,6,sutil,force_india,14,7,+1 Lap,77,6.0
2011,6,heidfeld,renault,15,8,+1 Lap,77,4.0
2011,6,barrichello,williams,11,9,+1 Lap,77,2.0
2011,6,buemi,toro_rosso,16,10,+1 Lap,77,1.0
2011,6,rosberg,mercedes,7,11,+2 Laps,76,0.0
2011,6,resta,force_india,13,12,+2 Laps,76,0.0
2011,6,trulli,lotus_racing,18,13,+2 Laps,76,0.0
2011,6,kovalainen,lotus_racing,17,14,+2 Laps,76,0.0
2011,6,ambrosio,virgin,21,15,+3 Laps,75,0.0
2011,6,liuzzi,hrt,23,16,+3 Laps,75,0.0
2011,6,karthikeyan,hrt,22,17,+4 Laps,74,0.0
2011,6,maldonado,williams,8,18,Accident,73,0.0
2011,6,petrov,renault,10,19,Collision,67,0.0
2011,6,alguersuari,toro_rosso,19,20,Collision,66,0.0
2011,6,massa,ferrari,6,21,Accident,32,0.0
2011,6,michael_schumacher,mercedes,5,22,Engine,32,0.0
2011,6,glock,virgin,20,23,Suspension,30,0.0
2011,6,perez,sauber,0,24,Injury,0,0.0
2011,7,button,mclaren,7,1,Finished,70,25.0
2011,7,vettel,red_bull,1,2,Finished,70,18.0
2011,7,webber,red_bull,4,3,Finished,70,15.0
2011,7,michael_schumacher,mercedes,8,4,Finished,70,12.0
2011,7,petrov,renault,10,5,Finished,70,10.0
2011,7,massa,ferrari,3,6,Finished,70,8.0
2011,7,kobayashi,sauber,13,7,Finished,70,6.0
2011,7,alguersuari,toro_rosso,24,8,Finished,70,4.0
2011,7,barrichello,williams,16,9,Finished,70,2.0
2011,7,buemi,toro_rosso,15,10,Finished,70,1.0
2011,7,rosberg,mercedes,6,11,Finished,70,0.0
2011,7,rosa,sauber,17,12,Finished,70,0.0
2011,7,liuzzi,hrt,20,13,+1 Lap,69,0.0
2011,7,ambrosio,virgin,23,14,+1 Lap,69,0.0
2011,7,glock,virgin,21,15,+1 Lap,69,0.0
2011,7,trulli,lotus_racing,18,16,+1 Lap,69,0.0
2011,7,karthikeyan,hrt,22,17,+1 Lap,69,0.0
2011,7,resta,force_india,11,18,Accident,67,0.0
2011,7,maldonado,williams,12,19,Retired,61,0.0
2011,7,heidfeld,renault,9,20,Accident,55,0.0
2011,7,sutil,force_india,14,21,Accident,49,0.0
2011,7,alonso,ferrari,2,22,Collision,36,0.0
2011,7,kovalainen,lotus_racing,19,23,Transmission,28,0.0
2011,7,hamilton,mclaren,5,24,Collision,7,0.0
2011,8,vettel,red_bull,1,1,Finished,57,25.0
2011,8,alonso,ferrari,4,2,Finished,57,18.0
2011,8,webber,red_bull,2,3,Finished,57,15.0
2011,8,hamilton,mclaren,3,4,Finished,57,12.0
2011,8,massa,ferrari,5,5,Finished,57,10.0
2011,8,button,mclaren,6,6,Finished,57,8.0
2011,8,rosberg,mercedes,7,7,Finished,57,6.0
2011,8,alguersuari,toro_rosso,18,8,+1 Lap,56,4.0
2011,8,sutil,force_india,10,9,+1 Lap,56,2.0
2011,8,heidfeld,renault,9,10,+1 Lap,56,1.0
2011,8,perez,sauber,16,11,+1 Lap,56,0.0
2011,8,barrichello,williams,13,12,+1 Lap,56,0.0
2011,8,buemi,toro_rosso,17,13,+1 Lap,56,0.0
2011,8,resta,force_india,12,14,+1 Lap,56,0.0
2011,8,petrov,renault,11,15,+1 Lap,56,0.0
2011,8,kobayashi,sauber,14,16,+1 Lap,56,0.0
2011,8,michael_schumacher,mercedes,8,17,+1 Lap,56,0.0
2011,8,maldonado,williams,15,18,+1 Lap,56,0.0
2011,8,kovalainen,lotus_racing,19,19,+2 Laps,55,0.0
2011,8,trulli,lotus_racing,20,20,+2 Laps,55,0.0
2011,8,glock,virgin,21,21,+2 Laps,55,0.0
2011,8,ambrosio,virgin,23,22,+2 Laps,55,0.0
2011,8,liuzzi,hrt,22,23,+3 Laps,54,0.0
2011,8,karthikeyan,hrt,24,24,+3 Laps,54,0.0
2011,9,alonso,ferrari,3,1,Finished,52,25.0
2011,9,vettel,red_bull,2,2,Finished,52,18.0
2011,9,webber,red_bull,1,3,Finished,52,15.0
2011,9,hamilton,mclaren,10,4,Finished,52,12.0
2011,9,massa,ferrari,4,5,Finished,52,10.0
2011,9,rosberg,mercedes,9,6,Finished,52,8.0
2011,9,perez,sauber,12,7,Finished,52,6.0
2011,9,heidfeld,renault,16,8,Finished,52,4.0
2011,9,michael_schumacher,mercedes,13,9,Finished,52,2.0
2011,9,alguersuari,toro_rosso,18,10,Finished,52,1.0
2011,9,sutil,force_india,11,11,Finished,52,0.0
2011,9,petrov,renault,14,12,Finished,52,0.0
2011,9,barrichello,williams,15,13,+1 Lap,51,0.0
2011,9,maldonado,williams,7,14,+1 Lap,51,0.0
2011,9,resta,force_india,6,15,+1 Lap,51,0.0
2011,9,glock,virgin,20,16,+2 Laps,50,0.0
2011,9,ambrosio,virgin,22,17,+2 Laps,50,0.0
2011,9,liuzzi,hrt,23,18,+2 Laps,50,0.0
2011,9,ricciardo,hrt,24,19,+3 Laps,49,0.0
2011,9,button,mclaren,5,20,Wheel nut,39,0.0
2011,9,buemi,toro_rosso,19,21,Accident,25,0.0
2011,9,kobayashi,sauber,8,22,Engine,23,0.0
2011,9,trulli,lotus_racing,21,23,Oil leak,10,0.0
2011,9,kovalainen,lotus_racing,17,24,Gearbox,2,0.0
2011,10,hamilton,mclaren,2,1,Finished,60,25.0
2011,10,alonso,ferrari,4,2,Finished,60,18.0
2011,10,webber,red_bull,1,3,Finished,60,15.0
2011,10,vettel,red_bull,3,4,Finished,60,12.0
2011,10,massa,ferrari,5,5,Finished,60,10.0
2011,10,sutil,force_india,8,6,Finished,60,8.0
2011,10,rosberg,mercedes,6,7,+1 Lap,59,6.0
2011,10,michael_schumacher,mercedes,10,8,+1 Lap,59,4.0
2011,10,kobayashi,sauber,17,9,+1 Lap,59,2.0
2011,10,petrov,renault,9,10,+1 Lap,59,1.0
2011,10,perez,sauber,15,11,+1 Lap,59,0.0
2011,10,alguersuari,toro_rosso,16,12,+1 Lap,59,0.0
2011,10,resta,force_india,12,13,+1 Lap,59,0.0
2011,10,maldonado,williams,13,14,+1 Lap,59,0.0
2011,10,buemi,toro_rosso,24,15,+1 Lap,59,0.0
2011,10,kovalainen,lotus_racing,18,16,+2 Laps,58,0.0
2011,10,glock,virgin,19,17,+3 Laps,57,0.0
2011,10,ambrosio,virgin,21,18,+3 Laps,57,0.0
2011,10,ricciardo,hrt,22,19,+3 Laps,57,0.0
2011,10,chandhok,lotus_racing,20,20,+4 Laps,56,0.0
2011,10,liuzzi,hrt,23,21,Electrical,37,0.0
2011,10,button,mclaren,7,22,Hydraulics,35,0.0
2011,10,barrichello,williams,14,23,Oil leak,16,0.0
2011,10,heidfeld,renault,11,24,Collision,9,0.0
2011,11,button,mclaren,3,1,Finished,70,25.0
2011,11,vettel,red_bull,1,2,Finished,70,18.0
2011,11,alonso,ferrari,5,3,Finished,70,15.0
2011,11,hamilton,mclaren,2,4,Finished,70,12.0
2011,11,webber,red_bull,6,5,Finished,70,10.0
2011,11,massa,ferrari,4,6,Finished,70,8.0
2011,11,resta,force_india,11,7,+1 Lap,69,6.0
2011,11,buemi,toro_rosso,23,8,+1 Lap,69,4.0
2011,11,rosberg,mercedes,7,9,+1 Lap,69,2.0
2011,11,alguersuari,toro_rosso,16,10,+1 Lap,69,1.0
2011,11,kobayashi,sauber,13,11,+1 Lap,69,0.0
2011,11,petrov,renault,12,12,+1 Lap,69,0.0
2011,11,barrichello,williams,15,13,+2 Laps,68,0.0
2011,11,sutil,force_india,8,14,+2 Laps,68,0.0
2011,11,perez,sauber,10,15,+2 Laps,68,0.0
2011,11,maldonado,williams,17,16,+2 Laps,68,0.0
2011,11,glock,virgin,20,17,+4 Laps,66,0.0
2011,11,ricciardo,hrt,22,18,+4 Laps,66,0.0
2011,11,ambrosio,virgin,24,19,+5 Laps,65,0.0
2011,11,liuzzi,hrt,21,20,+5 Laps,65,0.0
2011,11,kovalainen,lotus_racing,18,21,Water leak,55,0.0
2011,11,michael_schumacher,mercedes,9,22,Gearbox,26,0.0
2011,11,heidfeld,renault,14,23,Heat shield fire,23,0.0
2011,11,trulli,lotus_racing,19,24,Oil leak,17,0.0
2011,12,vettel,red_bull,1,1,Finished,44,25.0
2011,12,webber,red_bull,3,2,Finished,44,18.0
2011,12,button,mclaren,13,3,Finished,44,15.0
2011,12,alonso,ferrari,8,4,Finished,44,12.0
2011,12,michael_schumacher,mercedes,24,5,Finished,44,10.0
2011,12,rosberg,mercedes,5,6,Finished,44,8.0
2011,12,sutil,force_india,15,7,Finished,44,6.0
2011,12,massa,ferrari,4,8,Finished,44,4.0
2011,12,petrov,renault,10,9,Finished,44,2.0
2011,12,maldonado,williams,21,10,Finished,44,1.0
2011,12,resta,force_india,17,11,Finished,44,0.0
2011,12,kobayashi,sauber,12,12,Finished,44,0.0
2011,12,bruno_senna,renault,7,13,Finished,44,0.0
2011,12,trulli,lotus_racing,18,14,+1 Lap,43,0.0
2011,12,kovalainen,lotus_racing,16,15,+1 Lap,43,0.0
2011,12,barrichello,williams,14,16,+1 Lap,43,0.0
2011,12,ambrosio,virgin,20,17,+1 Lap,43,0.0
2011,12,glock,virgin,19,18,+1 Lap,43,0.0
2011,12,liuzzi,hrt,22,19,+1 Lap,43,0.0
2011,12,perez,sauber,9,20,Suspension,27,0.0
2011,12,ricciardo,hrt,23,21,Engine,13,0.0
2011,12,hamilton,mclaren,2,22,Collision,12,0.0
2011,12,buemi,toro_rosso,11,23,Rear wing,6,0.0
2011,12,alguersuari,toro_rosso,6,24,Collision,0,0.0
2011,13,vettel,red_bull,1,1,Finished,53,25.0
2011,13,button,mclaren,3,2,Finished,53,18.0
2011,13,alonso,ferrari,4,3,Finished,53,15.0
2011,13,hamilton,mclaren,2,4,Finished,53,12.0
2011,13,michael_schumacher,mercedes,8,5,Finished,53,10.0
2011,13,massa,ferrari,6,6,Finished,53,8.0
2011,13,alguersuari,toro_rosso,18,7,+1 Lap,52,6.0
2011,13,resta,force_india,11,8,+1 Lap,52,4.0
2011,13,bruno_senna,renault,10,9,+1 Lap,52,2.0
2011,13,buemi,toro_rosso,16,10,+1 Lap,52,1.0
2011,13,maldonado,williams,14,11,+1 Lap,52,0.0
2011,13,barrichello,williams,13,12,+1 Lap,52,0.0
2011,13,kovalainen,lotus_racing,20,13,+2 Laps,51,0.0
2011,13,trulli,lotus_racing,19,14,+2 Laps,51,0.0
2011,13,glock,virgin,21,15,+2 Laps,51,0.0
2011,13,ricciardo,hrt,23,16,+14 Laps,39,0.0
2011,13,perez,sauber,15,17,Gearbox,32,0.0
2011,13,kobayashi,sauber,17,18,Gearbox,21,0.0
2011,13,sutil,force_india,12,19,Hydraulics,9,0.0
2011,13,webber,red_bull,5,20,Accident,4,0.0
2011,13,ambrosio,virgin,22,21,Gearbox,1,0.0
2011,13,petrov,renault,7,22,Collision,0,0.0
2011,13,rosberg,mercedes,9,23,Collision,0,0.0
2011,13,liuzzi,hrt,24,24,Collision,0,0.0
2011,14,vettel,red_bull,1,1,Finished,61,25.0
2011,14,button,mclaren,3,2,Finished,61,18.0
2011,14,webber,red_bull,2,3,Finished,61,15.0
2011,14,alonso,ferrari,5,4,Finished,61,12.0
2011,14,hamilton,mclaren,4,5,Finished,61,10.0
2011,14,resta,force_india,10,6,Finished,61,8.0
2011,14,rosberg,mercedes,7,7,+1 Lap,60,6.0
2011,14,sutil,force_india,9,8,+1 Lap,60,4.0
2011,14,massa,ferrari,6,9,+1 Lap,60,2.0
2011,14,perez,sauber,11,10,+1 Lap,60,1.0
2011,14,maldonado,williams,13,11,+1 Lap,60,0.0
2011,14,buemi,toro_rosso,14,12,+1 Lap,60,0.0
2011,14,barrichello,williams,12,13,+1 Lap,60,0.0
2011,14,kobayashi,sauber,17,14,+2 Laps,59,0.0
2011,14,bruno_senna,renault,15,15,+2 Laps,59,0.0
2011,14,kovalainen,lotus_racing,19,16,+2 Laps,59,0.0
2011,14,petrov,renault,18,17,+2 Laps,59,0.0
2011,14,ambrosio,virgin,22,18,+2 Laps,59,0.0
2011,14,ricciardo,hrt,23,19,+4 Laps,57,0.0
2011,14,liuzzi,hrt,24,20,+4 Laps,57,0.0
2011,14,alguersuari,toro_rosso,16,21,Accident,56,0.0
2011,14,trulli,lotus_racing,20,22,Gearbox,47,0.0
2011,14,michael_schumacher,mercedes,8,23,Accident,28,0.0
2011,14,glock,virgin,21,24,Accident,9,0.0
2011,15,button,mclaren,2,1,Finished,53,25.0
2011,15,alonso,ferrari,5,2,Finished,53,18.0
2011,15,vettel,red_bull,1,3,Finished,53,15.0
2011,15,webber,red_bull,6,4,Finished,53,12.0
2011,15,hamilton,mclaren,3,5,Finished,53,10.0
2011,15,michael_schumacher,mercedes,8,6,Finished,53,8.0
2011,15,massa,ferrari,4,7,Finished,53,6.0
2011,15,perez,sauber,17,8,Finished,53,4.0
2011,15,petrov,renault,10,9,Finished,53,2.0
2011,15,rosberg,mercedes,23,10,Finished,53,1.0
2011,15,sutil,force_india,11,11,Finished,53,0.0
2011,15,resta,force_india,12,12,Finished,53,0.0
2011,15,kobayashi,sauber,7,13,Finished,53,0.0
2011,15,maldonado,williams,14,14,Finished,53,0.0
2011,15,alguersuari,toro_rosso,16,15,Finished,53,0.0
2011,15,bruno_senna,renault,9,16,Finished,53,0.0
2011,15,barrichello,williams,13,17,Finished,53,0.0
2011,15,kovalainen,lotus_racing,18,18,Finished,53,0.0
2011,15,trulli,lotus_racing,19,19,Finished,53,0.0
2011,15,glock,virgin,21,20,+2 Laps,51,0.0
2011,15,ambrosio,virgin,20,21,+2 Laps,51,0.0
2011,15,ricciardo,hrt,22,22,+2 Laps,51,0.0
2011,15,liuzzi,hrt,24,23,+3 Laps,50,0.0
2011,15,buemi,toro_rosso,15,24,Wheel,11,0.0
2011,16,vettel,red_bull,2,1,Finished,55,25.0
2011,16,hamilton,mclaren,1,2,Finished,55,18.0
2011,16,webber,red_bull,4,3,Finished,55,15.0
2011,16,button,mclaren,3,4,Finished,55,12.0
2011,16,alonso,ferrari,6,5,Finished,55,10.0
2011,16,massa,ferrari,5,6,Finished,55,8.0
2011,16,alguersuari,toro_rosso,11,7,Finished,55,6.0
2011,16,rosberg,mercedes,7,8,Finished,55,4.0
2011,16,buemi,toro_rosso,13,9,Finished,55,2.0
2011,16,resta,force_india,9,10,Finished,55,1.0
2011,16,sutil,force_india,10,11,Finished,55,0.0
2011,16,barrichello,williams,18,12,Finished,55,0.0
2011,16,bruno_senna,renault,15,13,+1 Lap,54,0.0
2011,16,kovalainen,lotus_racing,19,14,+1 Lap,54,0.0
2011,16,kobayashi,sauber,14,15,+1 Lap,54,0.0
2011,16,perez,sauber,17,16,+1 Lap,54,0.0
2011,16,trulli,lotus_racing,20,17,+1 Lap,54,0.0
2011,16,glock,virgin,21,18,+1 Lap,54,0.0
2011,16,ricciardo,hrt,24,19,+1 Lap,54,0.0
2011,16,ambrosio,virgin,22,20,+1 Lap,54,0.0
2011,16,liuzzi,hrt,23,21,+3 Laps,52,0.0
2011,16,maldonado,williams,16,22,Clutch,30,0.0
2011,16,petrov,renault,8,23,Collision,16,0.0
2011,16,michael_schumacher,mercedes,12,24,Collision,15,0.0
2011,17,vettel,red_bull,1,1,Finished,60,25.0
2011,17,button,mclaren,4,2,Finished,60,18.0
2011,17,alonso,ferrari,3,3,Finished,60,15.0
2011,17,webber,red_bull,2,4,Finished,60,12.0
2011,17,michael_schumacher,mercedes,11,5,Finished,60,10.0
2011,17,rosberg,mercedes,7,6,Finished,60,8.0
2011,17,hamilton,mclaren,5,7,Finished,60,6.0
2011,17,alguersuari,toro_rosso,10,8,+1 Lap,59,4.0
2011,17,sutil,force_india,8,9,+1 Lap,59,2.0
2011,17,perez,sauber,20,10,+1 Lap,59,1.0
2011,17,petrov,renault,16,11,+1 Lap,59,0.0
2011,17,bruno_senna,renault,14,12,+1 Lap,59,0.0
2011,17,resta,force_india,12,13,+1 Lap,59,0.0
2011,17,kovalainen,lotus_racing,18,14,+2 Laps,58,0.0
2011,17,barrichello,williams,15,15,+2 Laps,58,0.0
2011,17,ambrosio,virgin,21,16,+3 Laps,57,0.0
2011,17,karthikeyan,hrt,24,17,+3 Laps,57,0.0
2011,17,ricciardo,hrt,23,18,+3 Laps,57,0.0
2011,17,trulli,lotus_racing,19,19,+5 Laps,55,0.0
2011,17,massa,ferrari,6,20,Suspension,32,0.0
2011,17,buemi,toro_rosso,9,21,Engine,24,0.0
2011,17,maldonado,williams,13,22,Gearbox,12,0.0
2011,17,glock,virgin,22,23,Collision,2,0.0
2011,17,kobayashi,sauber,17,24,Collision,0,0.0
2011,18,hamilton,mclaren,2,1,Finished,55,25.0
2011,18,alonso,ferrari,5,2,Finished,55,18.0
2011,18,button,mclaren,3,3,Finished,55,15.0
2011,18,webber,red_bull,4,4,Finished,55,12.0
2011,18,massa,ferrari,6,5,Finished,55,10.0
2011,18,rosberg,mercedes,7,6,Finished,55,8.0
2011,18,michael_schumacher,mercedes,8,7,Finished,55,6.0
2011,18,sutil,force_india,9,8,Finished,55,4.0
2011,18,resta,force_india,10,9,Finished,55,2.0
2011,18,kobayashi,sauber,16,10,+1 Lap,54,1.0
2011,18,perez,sauber,11,11,+1 Lap,54,0.0
2011,18,barrichello,williams,24,12,+1 Lap,54,0.0
2011,18,petrov,renault,12,13,+1 Lap,54,0.0
2011,18,maldonado,williams,23,14,+1 Lap,54,0.0
2011,18,alguersuari,toro_rosso,15,15,+1 Lap,54,0.0
2011,18,bruno_senna,renault,14,16,+1 Lap,54,0.0
2011,18,kovalainen,lotus_racing,17,17,+1 Lap,54,0.0
2011,18,trulli,lotus_racing,18,18,+2 Laps,53,0.0
2011,18,glock,virgin,19,19,+2 Laps,53,0.0
2011,18,liuzzi,hrt,22,20,+2 Laps,53,0.0
2011,18,ricciardo,hrt,20,21,Mechanical,48,0.0
2011,18,buemi,toro_rosso,13,22,Hydraulics,19,0.0
2011,18,ambrosio,virgin,21,23,Brakes,18,0.0
2011,18,vettel,red_bull,1,24,Puncture,1,0.0
2011,19,webber,red_bull,2,1,Finished,71,25.0
2011,19,vettel,red_bull,1,2,Finished,71,18.0
2011,19,button,mclaren,3,3,Finished,71,15.0
2011,19,alonso,ferrari,5,4,Finished,71,12.0
2011,19,massa,ferrari,7,5,Finished,71,10.0
2011,19,sutil,force_india,8,6,+1 Lap,70,8.0
2011,19,rosberg,mercedes,6,7,+1 Lap,70,6.0
2011,19,resta,force_india,11,8,+1 Lap,70,4.0
2011,19,kobayashi,sauber,16,9,+1 Lap,70,2.0
2011,19,petrov,renault,15,10,+1 Lap,70,1.0
2011,19,alguersuari,toro_rosso,13,11,+1 Lap,70,0.0
2011,19,buemi,toro_rosso,14,12,+1 Lap,70,0.0
2011,19,perez,sauber,17,13,+1 Lap,70,0.0
2011,19,barrichello,williams,12,14,+1 Lap,70,0.0
2011,19,michael_schumacher,mercedes,10,15,+1 Lap,70,0.0
2011,19,kovalainen,lotus_racing,19,16,+2 Laps,69,0.0
2011,19,bruno_senna,renault,9,17,+2 Laps,69,0.0
2011,19,trulli,lotus_racing,20,18,+2 Laps,69,0.0
2011,19,ambrosio,virgin,23,19,+3 Laps,68,0.0
2011,19,ricciardo,hrt,22,20,+3 Laps,68,0.0
2011,19,liuzzi,hrt,21,21,Retired,61,0.0
2011,19,hamilton,mclaren,4,22,Gearbox,46,0.0
2011,19,maldonado,williams,18,23,Retired,26,0.0
2011,19,glock,virgin,24,24,Retired,21,0.0
2012,1,button,mclaren,2,1,Finished,58,25.0
2012,1,vettel,red_bull,6,2,Finished,58,18.0
2012,1,hamilton,mclaren,1,3,Finished,58,15.0
2012,1,webber,red_bull,5,4,Finished,58,12.0
2012,1,alonso,ferrari,12,5,Finished,58,10.0
2012,1,kobayashi,sauber,13,6,Finished,58,8.0
2012,1,raikkonen,lotus_f1,17,7,Finished,58,6.0
2012,1,perez,sauber,22,8,Finished,58,4.0
2012,1,ricciardo,toro_rosso,10,9,Finished,58,2.0
2012,1,resta,force_india,15,10,Finished,58,1.0
2012,1,vergne,toro_rosso,11,11,Finished,58,0.0
2012,1,rosberg,mercedes,7,12,Finished,58,0.0
2012,1,maldonado,williams,8,13,Accident,57,0.0
2012,1,glock,marussia,20,14,+1 Lap,57,0.0
2012,1,pic,marussia,21,15,+5 Laps,53,0.0
2012,1,bruno_senna,williams,14,16,Collision,52,0.0
2012,1,massa,ferrari,16,17,Collision,46,0.0
2012,1,kovalainen,caterham,18,18,Suspension,38,0.0
2012,1,petrov,caterham,19,19,Steering,34,0.0
2012,1,michael_schumacher,mercedes,4,20,Gearbox,10,0.0
2012,1,grosjean,lotus_f1,3,21,Collision,1,0.0
2012,1,hulkenberg,force_india,9,22,Collision,0,0.0
2012,2,alonso,ferrari,8,1,Finished,56,25.0
2012,2,perez,sauber,9,2,Finished,56,18.0
2012,2,hamilton,mclaren,1,3,Finished,56,15.0
2012,2,webber,red_bull,4,4,Finished,56,12.0
2012,2,raikkonen,lotus_f1,10,5,Finished,56,10.0
2012,2,bruno_senna,williams,13,6,Finished,56,8.0
2012,2,resta,force_india,14,7,Finished,56,6.0
2012,2,vergne,toro_rosso,18,8,Finished,56,4.0
2012,2,hulkenberg,force_india,16,9,Finished,56,2.0
2012,2,michael_schumacher,mercedes,3,10,Finished,56,1.0
2012,2,vettel,red_bull,5,11,Finished,56,0.0
2012,2,ricciardo,toro_rosso,15,12,Finished,56,0.0
2012,2,rosberg,mercedes,7,13,Finished,56,0.0
2012,2,button,mclaren,2,14,Finished,56,0.0
2012,2,massa,ferrari,12,15,Finished,56,0.0
2012,2,petrov,caterham,19,16,+1 Lap,55,0.0
2012,2,glock,marussia,20,17,+1 Lap,55,0.0
2012,2,kovalainen,caterham,24,18,+1 Lap,55,0.0
2012,2,maldonado,williams,11,19,Engine,54,0.0
2012,2,pic,marussia,21,20,+2 Laps,54,0.0
2012,2,karthikeyan,hrt,23,21,+2 Laps,54,0.0
2012,2,rosa,hrt,22,22,+2 Laps,54,0.0
2012,2,kobayashi,sauber,17,23,Retired,46,0.0
2012,2,grosjean,lotus_f1,6,24,Collision,3,0.0
2012,3,rosberg,mercedes,1,1,Finished,56,25.0
2012,3,button,mclaren,5,2,Finished,56,18.0
2012,3,hamilton,mclaren,7,3,Finished,56,15.0
2012,3,webber,red_bull,6,4,Finished,56,12.0
2012,3,vettel,red_bull,11,5,Finished,56,10.0
2012,3,grosjean,lotus_f1,10,6,Finished,56,8.0
2012,3,bruno_senna,williams,14,7,Finished,56,6.0
2012,3,maldonado,williams,13,8,Finished,56,4.0
2012,3,alonso,ferrari,9,9,Finished,56,2.0
2012,3,kobayashi,sauber,3,10,Finished,56,1.0
2012,3,perez,sauber,8,11,Finished,56,0.0
2012,3,resta,force_india,15,12,Finished,56,0.0
2012,3,massa,ferrari,12,13,Finished,56,0.0
2012,3,raikkonen,lotus_f1,4,14,Finished,56,0.0
2012,3,hulkenberg,force_india,16,15,Finished,56,0.0
2012,3,vergne,toro_rosso,24,16,Finished,56,0.0
2012,3,ricciardo,toro_rosso,17,17,Finished,56,0.0
2012,3,petrov,caterham,19,18,+1 Lap,55,0.0
2012,3,glock,marussia,20,19,+1 Lap,55,0.0
2012,3,pic,marussia,21,20,+1 Lap,55,0.0
2012,3,rosa,hrt,22,21,+1 Lap,55,0.0
2012,3,karthikeyan,hrt,23,22,+2 Laps,54,0.0
2012,3,kovalainen,caterham,18,23,+3 Laps,53,0.0
2012,3,michael_schumacher,mercedes,2,24,Wheel nut,12,0.0
2012,4,vettel,red_bull,1,1,Finished,57,25.0
2012,4,raikkonen,lotus_f1,11,2,Finished,57,18.0
2012,4,grosjean,lotus_f1,7,3,Finished,57,15.0
2012,4,webber,red_bull,3,4,Finished,57,12.0
2012,4,rosberg,mercedes,5,5,Finished,57,10.0
2012,4,resta,force_india,10,6,Finished,57,8.0
2012,4,alonso,ferrari,9,7,Finished,57,6.0
2012,4,hamilton,mclaren,2,8,Finished,57,4.0
2012,4,massa,ferrari,14,9,Finished,57,2.0
2012,4,michael_schumacher,mercedes,22,10,Finished,57,1.0
2012,4,perez,sauber,8,11,Finished,57,0.0
2012,4,hulkenberg,force_india,13,12,Finished,57,0.0
2012,4,kobayashi,sauber,12,13,Finished,57,0.0
2012,4,vergne,toro_rosso,17,14,Finished,57,0.0
2012,4,ricciardo,toro_rosso,6,15,+1 Lap,56,0.0
2012,4,petrov,caterham,18,16,+1 Lap,56,0.0
2012,4,kovalainen,caterham,16,17,+1 Lap,56,0.0
2012,4,button,mclaren,4,18,Exhaust,55,0.0
2012,4,glock,marussia,23,19,+2 Laps,55,0.0
2012,4,rosa,hrt,20,20,+2 Laps,55,0.0
2012,4,karthikeyan,hrt,24,21,+2 Laps,55,0.0
2012,4,bruno_senna,williams,15,22,Vibrations,54,0.0
2012,4,maldonado,williams,21,23,Puncture,25,0.0
2012,4,pic,marussia,19,24,Engine,24,0.0
2012,5,maldonado,williams,1,1,Finished,66,25.0
2012,5,alonso,ferrari,2,2,Finished,66,18.0
2012,5,raikkonen,lotus_f1,4,3,Finished,66,15.0
2012,5,grosjean,lotus_f1,3,4,Finished,66,12.0
2012,5,kobayashi,sauber,9,5,Finished,66,10.0
2012,5,vettel,red_bull,7,6,Finished,66,8.0
2012,5,rosberg,mercedes,6,7,Finished,66,6.0
2012,5,hamilton,mclaren,24,8,Finished,66,4.0
2012,5,button,mclaren,10,9,Finished,66,2.0
2012,5,hulkenberg,force_india,13,10,+1 Lap,65,1.0
2012,5,webber,red_bull,11,11,+1 Lap,65,0.0
2012,5,vergne,toro_rosso,14,12,+1 Lap,65,0.0
2012,5,ricciardo,toro_rosso,15,13,+1 Lap,65,0.0
2012,5,resta,force_india,12,14,+1 Lap,65,0.0
2012,5,massa,ferrari,16,15,+1 Lap,65,0.0
2012,5,kovalainen,caterham,19,16,+1 Lap,65,0.0
2012,5,petrov,caterham,18,17,+1 Lap,65,0.0
2012,5,glock,marussia,21,18,+2 Laps,64,0.0
2012,5,rosa,hrt,22,19,+3 Laps,63,0.0
2012,5,perez,sauber,5,20,Wheel nut,37,0.0
2012,5,pic,marussia,20,21,Mechanical,35,0.0
2012,5,karthikeyan,hrt,23,22,Mechanical,22,0.0
2012,5,bruno_senna,williams,17,23,Collision,12,0.0
2012,5,michael_schumacher,mercedes,8,24,Collision,12,0.0
2012,6,webber,red_bull,1,1,Finished,78,25.0
2012,6,rosberg,mercedes,2,2,Finished,78,18.0
2012,6,alonso,ferrari,5,3,Finished,78,15.0
2012,6,vettel,red_bull,9,4,Finished,78,12.0
2012,6,hamilton,mclaren,3,5,Finished,78,10.0
2012,6,massa,ferrari,7,6,Finished,78,8.0
2012,6,resta,force_india,14,7,Finished,78,6.0
2012,6,hulkenberg,force_india,10,8,Finished,78,4.0
2012,6,raikkonen,lotus_f1,8,9,Finished,78,2.0
2012,6,bruno_senna,williams,13,10,Finished,78,1.0
2012,6,perez,sauber,23,11,+1 Lap,77,0.0
2012,6,vergne,toro_rosso,16,12,+1 Lap,77,0.0
2012,6,kovalainen,caterham,17,13,+1 Lap,77,0.0
2012,6,glock,marussia,19,14,+1 Lap,77,0.0
2012,6,karthikeyan,hrt,22,15,+2 Laps,76,0.0
2012,6,button,mclaren,12,16,Collision,70,0.0
2012,6,ricciardo,toro_rosso,15,17,Retired,65,0.0
2012,6,pic,marussia,21,18,Retired,64,0.0
2012,6,michael_schumacher,mercedes,6,19,Fuel pressure,63,0.0
2012,6,petrov,caterham,18,20,Electrical,15,0.0
2012,6,kobayashi,sauber,11,21,Accident,5,0.0
2012,6,rosa,hrt,20,22,Accident,0,0.0
2012,6,maldonado,williams,24,23,Accident,0,0.0
2012,6,grosjean,lotus_f1,4,24,Accident,0,0.0
2012,7,hamilton,mclaren,2,1,Finished,70,25.0
2012,7,grosjean,lotus_f1,7,2,Finished,70,18.0
2012,7,perez,sauber,15,3,Finished,70,15.0
2012,7,vettel,red_bull,1,4,Finished,70,12.0
2012,7,alonso,ferrari,3,5,Finished,70,10.0
2012,7,rosberg,mercedes,5,6,Finished,70,8.0
2012,7,webber,red_bull,4,7,Finished,70,6.0
2012,7,raikkonen,lotus_f1,12,8,Finished,70,4.0
2012,7,kobayashi,sauber,11,9,Finished,70,2.0
2012,7,massa,ferrari,6,10,Finished,70,1.0
2012,7,resta,force_india,8,11,Finished,70,0.0
2012,7,hulkenberg,force_india,13,12,Finished,70,0.0
2012,7,maldonado,williams,22,13,Finished,70,0.0
2012,7,ricciardo,toro_rosso,14,14,Finished,70,0.0
2012,7,vergne,toro_rosso,19,15,+1 Lap,69,0.0
2012,7,button,mclaren,10,16,+1 Lap,69,0.0
2012,7,bruno_senna,williams,16,17,+1 Lap,69,0.0
2012,7,kovalainen,caterham,17,18,+1 Lap,69,0.0
2012,7,petrov,caterham,18,19,+1 Lap,69,0.0
2012,7,pic,marussia,23,20,+3 Laps,69,0.0
2012,7,glock,marussia,21,21,Suspension,56,0.0
2012,7,michael_schumacher,mercedes,9,22,Rear wing,43,0.0
2012,7,rosa,hrt,20,23,Brakes,24,0.0
2012,7,karthikeyan,hrt,24,24,Suspension,22,0.0
2012,8,alonso,ferrari,11,1,Finished,57,25.0
2012,8,raikkonen,lotus_f1,5,2,Finished,57,18.0
2012,8,michael_schumacher,mercedes,12,3,Finished,57,15.0
2012,8,webber,red_bull,19,4,Finished,57,12.0
2012,8,hulkenberg,force_india,8,5,Finished,57,10.0
2012,8,rosberg,mercedes,6,6,Finished,57,8.0
2012,8,resta,force_india,10,7,Finished,57,6.0
2012,8,button,mclaren,9,8,Finished,57,4.0
2012,8,perez,sauber,15,9,Finished,57,2.0
2012,8,bruno_senna,williams,14,10,Finished,57,1.0
2012,8,ricciardo,toro_rosso,17,11,Finished,57,0.0
2012,8,maldonado,williams,3,12,Finished,57,0.0
2012,8,petrov,caterham,20,13,Finished,57,0.0
2012,8,kovalainen,caterham,16,14,Finished,57,0.0
2012,8,pic,marussia,23,15,Finished,57,0.0
2012,8,massa,ferrari,13,16,+1 Lap,56,0.0
2012,8,rosa,hrt,21,17,+1 Lap,56,0.0
2012,8,karthikeyan,hrt,22,18,+1 Lap,56,0.0
2012,8,hamilton,mclaren,2,19,Collision,55,0.0
2012,8,grosjean,lotus_f1,4,20,Electronics,40,0.0
2012,8,vettel,red_bull,1,21,Gearbox,33,0.0
2012,8,kobayashi,sauber,7,22,Collision,33,0.0
2012,8,vergne,toro_rosso,18,23,Collision,26,0.0
2012,8,glock,marussia,0,24,Withdrew,0,0.0
2012,9,webber,red_bull,2,1,Finished,52,25.0
2012,9,alonso,ferrari,1,2,Finished,52,18.0
2012,9,vettel,red_bull,4,3,Finished,52,15.0
2012,9,massa,ferrari,5,4,Finished,52,12.0
2012,9,raikkonen,lotus_f1,6,5,Finished,52,10.0
2012,9,grosjean,lotus_f1,9,6,Finished,52,8.0
2012,9,michael_schumacher,mercedes,3,7,Finished,52,6.0
2012,9,hamilton,mclaren,8,8,Finished,52,4.0
2012,9,bruno_senna,williams,13,9,Finished,52,2.0
2012,9,button,mclaren,16,10,Finished,52,1.0
2012,9,kobayashi,sauber,17,11,Finished,52,0.0
2012,9,hulkenberg,force_india,14,12,Finished,52,0.0
2012,9,ricciardo,toro_rosso,12,13,Finished,52,0.0
2012,9,vergne,toro_rosso,23,14,Finished,52,0.0
2012,9,rosberg,mercedes,11,15,Finished,52,0.0
2012,9,maldonado,williams,7,16,+1 Lap,51,0.0
2012,9,kovalainen,caterham,19,17,+1 Lap,51,0.0
2012,9,glock,marussia,20,18,+1 Lap,51,0.0
2012,9,pic,marussia,24,19,+1 Lap,51,0.0
2012,9,rosa,hrt,21,20,+2 Laps,50,0.0
2012,9,karthikeyan,hrt,22,21,+2 Laps,50,0.0
2012,9,perez,sauber,15,22,Collision,11,0.0
2012,9,resta,force_india,10,23,Collision,2,0.0
2012,9,petrov,caterham,18,24,Engine,0,0.0
2012,10,alonso,ferrari,1,1,Finished,67,25.0
2012,10,button,mclaren,6,2,Finished,67,18.0
2012,10,raikkonen,lotus_f1,10,3,Finished,67,15.0
2012,10,kobayashi,sauber,12,4,Finished,67,12.0
2012,10,vettel,red_bull,2,5,Finished,67,10.0
2012,10,perez,sauber,17,6,Finished,67,8.0
2012,10,michael_schumacher,mercedes,3,7,Finished,67,6.0
2012,10,webber,red_bull,8,8,Finished,67,4.0
2012,10,hulkenberg,force_india,4,9,Finished,67,2.0
2012,10,rosberg,mercedes,21,10,Finished,67,1.0
2012,10,resta,force_india,9,11,Finished,67,0.0
2012,10,massa,ferrari,13,12,Finished,67,0.0
2012,10,ricciardo,toro_rosso,11,13,Finished,67,0.0
2012,10,vergne,toro_rosso,15,14,Finished,67,0.0
2012,10,maldonado,williams,5,15,+1 Lap,66,0.0
2012,10,petrov,caterham,18,16,+1 Lap,66,0.0
2012,10,bruno_senna,williams,14,17,+1 Lap,66,0.0
2012,10,grosjean,lotus_f1,19,18,+1 Lap,66,0.0
2012,10,kovalainen,caterham,16,19,+2 Laps,65,0.0
2012,10,pic,marussia,20,20,+2 Laps,65,0.0
2012,10,rosa,hrt,23,21,+3 Laps,64,0.0
2012,10,glock,marussia,22,22,+3 Laps,64,0.0
2012,10,karthikeyan,hrt,24,23,+3 Laps,64,0.0
2012,10,hamilton,mclaren,7,24,Puncture,56,0.0
2012,11,hamilton,mclaren,1,1,Finished,69,25.0
2012,11,raikkonen,lotus_f1,5,2,Finished,69,18.0
2012,11,grosjean,lotus_f1,2,3,Finished,69,15.0
2012,11,vettel,red_bull,3,4,Finished,69,12.0
2012,11,alonso,ferrari,6,5,Finished,69,10.0
2012,11,button,mclaren,4,6,Finished,69,8.0
2012,11,bruno_senna,williams,9,7,Finished,69,6.0
2012,11,webber,red_bull,11,8,Finished,69,4.0
2012,11,massa,ferrari,7,9,Finished,69,2.0
2012,11,rosberg,mercedes,13,10,Finished,69,1.0
2012,11,hulkenberg,force_india,10,11,Finished,69,0.0
2012,11,resta,force_india,12,12,Finished,69,0.0
2012,11,maldonado,williams,8,13,Finished,69,0.0
2012,11,perez,sauber,14,14,Finished,69,0.0
2012,11,ricciardo,toro_rosso,18,15,+1 Lap,68,0.0
2012,11,vergne,toro_rosso,16,16,+1 Lap,68,0.0
2012,11,kovalainen,caterham,19,17,+1 Lap,68,0.0
2012,11,kobayashi,sauber,15,18,+2 Laps,67,0.0
2012,11,petrov,caterham,20,19,+2 Laps,67,0.0
2012,11,pic,marussia,21,20,+2 Laps,67,0.0
2012,11,glock,marussia,22,21,+3 Laps,66,0.0
2012,11,rosa,hrt,23,22,+3 Laps,66,0.0
2012,11,karthikeyan,hrt,24,23,Suspension,60,0.0
2012,11,michael_schumacher,mercedes,17,24,+11 Laps,58,0.0
2012,12,button,mclaren,1,1,Finished,44,25.0
2012,12,vettel,red_bull,10,2,Finished,44,18.0
2012,12,raikkonen,lotus_f1,3,3,Finished,44,15.0
2012,12,hulkenberg,force_india,11,4,Finished,44,12.0
2012,12,massa,ferrari,14,5,Finished,44,10.0
2012,12,webber,red_bull,12,6,Finished,44,8.0
2012,12,michael_schumacher,mercedes,13,7,Finished,44,6.0
2012,12,vergne,toro_rosso,15,8,Finished,44,4.0
2012,12,ricciardo,toro_rosso,16,9,Finished,44,2.0
2012,12,resta,force_india,9,10,Finished,44,1.0
2012,12,rosberg,mercedes,23,11,Finished,44,0.0
2012,12,bruno_senna,williams,17,12,Finished,44,0.0
2012,12,kobayashi,sauber,2,13,Finished,44,0.0
2012,12,petrov,caterham,19,14,+1 Lap,43,0.0
2012,12,glock,marussia,20,15,+1 Lap,43,0.0
2012,12,pic,marussia,22,16,+1 Lap,43,0.0
2012,12,kovalainen,caterham,18,17,+1 Lap,43,0.0
2012,12,rosa,hrt,21,18,+1 Lap,43,0.0
2012,12,karthikeyan,hrt,24,19,Spun off,29,0.0
2012,12,maldonado,williams,6,20,Collision,4,0.0
2012,12,perez,sauber,4,21,Collision,0,0.0
2012,12,alonso,ferrari,5,22,Collision,0,0.0
2012,12,hamilton,mclaren,7,23,Collision,0,0.0
2012,12,grosjean,lotus_f1,8,24,Collision,0,0.0
2012,13,hamilton,mclaren,1,1,Finished,53,25.0
2012,13,perez,sauber,12,2,Finished,53,18.0
2012,13,alonso,ferrari,10,3,Finished,53,15.0
2012,13,massa,ferrari,3,4,Finished,53,12.0
2012,13,raikkonen,lotus_f1,7,5,Finished,53,10.0
2012,13,michael_schumacher,mercedes,4,6,Finished,53,8.0
2012,13,rosberg,mercedes,6,7,Finished,53,6.0
2012,13,resta,force_india,9,8,Finished,53,4.0
2012,13,kobayashi,sauber,8,9,Finished,53,2.0
2012,13,bruno_senna,williams,13,10,Finished,53,1.0
2012,13,maldonado,williams,22,11,Finished,53,0.0
2012,13,ricciardo,toro_rosso,14,12,Finished,53,0.0
2012,13,ambrosio,lotus_f1,15,13,Finished,53,0.0
2012,13,kovalainen,caterham,17,14,+1 Lap,52,0.0
2012,13,petrov,caterham,18,15,+1 Lap,52,0.0
2012,13,pic,marussia,20,16,+1 Lap,52,0.0
2012,13,glock,marussia,19,17,+1 Lap,52,0.0
2012,13,rosa,hrt,23,18,+1 Lap,52,0.0
2012,13,karthikeyan,hrt,21,19,+1 Lap,52,0.0
2012,13,webber,red_bull,11,20,Vibrations,51,0.0
2012,13,hulkenberg,force_india,24,21,Brakes,50,0.0
2012,13,vettel,red_bull,5,22,Alternator,47,0.0
2012,13,button,mclaren,2,23,Fuel pressure,32,0.0
2012,13,vergne,toro_rosso,16,24,Suspension,8,0.0
2012,14,vettel,red_bull,3,1,Finished,59,25.0
2012,14,button,mclaren,4,2,Finished,59,18.0
2012,14,alonso,ferrari,5,3,Finished,59,15.0
2012,14,resta,force_india,6,4,Finished,59,12.0
2012,14,rosberg,mercedes,10,5,Finished,59,10.0
2012,14,raikkonen,lotus_f1,12,6,Finished,59,8.0
2012,14,grosjean,lotus_f1,8,7,Finished,59,6.0
2012,14,massa,ferrari,13,8,Finished,59,4.0
2012,14,ricciardo,toro_rosso,15,9,Finished,59,2.0
2012,14,perez,sauber,14,10,Finished,59,1.0
2012,14,webber,red_bull,7,11,Finished,59,0.0
2012,14,glock,marussia,20,12,Finished,59,0.0
2012,14,kobayashi,sauber,17,13,Finished,59,0.0
2012,14,hulkenberg,force_india,11,14,Finished,59,0.0
2012,14,kovalainen,caterham,19,15,Finished,59,0.0
2012,14,pic,marussia,21,16,Finished,59,0.0
2012,14,rosa,hrt,24,17,+1 Lap,58,0.0
2012,14,bruno_senna,williams,22,18,Retired,57,0.0
2012,14,petrov,caterham,18,19,+2 Laps,57,0.0
2012,14,vergne,toro_rosso,16,20,Collision,38,0.0
2012,14,michael_schumacher,mercedes,9,21,Collision,38,0.0
2012,14,maldonado,williams,2,22,Hydraulics,36,0.0
2012,14,karthikeyan,hrt,23,23,Accident,30,0.0
2012,14,hamilton,mclaren,1,24,Gearbox,22,0.0
2012,15,vettel,red_bull,1,1,Finished,53,25.0
2012,15,massa,ferrari,10,2,Finished,53,18.0
2012,15,kobayashi,sauber,3,3,Finished,53,15.0
2012,15,button,mclaren,8,4,Finished,53,12.0
2012,15,hamilton,mclaren,9,5,Finished,53,10.0
2012,15,raikkonen,lotus_f1,7,6,Finished,53,8.0
2012,15,hulkenberg,force_india,15,7,Finished,53,6.0
2012,15,maldonado,williams,12,8,Finished,53,4.0
2012,15,webber,red_bull,2,9,Finished,53,2.0
2012,15,ricciardo,toro_rosso,14,10,Finished,53,1.0
2012,15,michael_schumacher,mercedes,23,11,Finished,53,0.0
2012,15,resta,force_india,11,12,Finished,53,0.0
2012,15,vergne,toro_rosso,19,13,Finished,53,0.0
2012,15,bruno_senna,williams,16,14,Finished,53,0.0
2012,15,kovalainen,caterham,17,15,+1 Lap,52,0.0
2012,15,glock,marussia,18,16,+1 Lap,52,0.0
2012,15,petrov,caterham,22,17,+1 Lap,52,0.0
2012,15,rosa,hrt,20,18,+1 Lap,52,0.0
2012,15,grosjean,lotus_f1,4,19,+2 Laps,51,0.0
2012,15,pic,marussia,21,20,Engine,37,0.0
2012,15,karthikeyan,hrt,24,21,Vibrations,32,0.0
2012,15,perez,sauber,5,22,Spun off,18,0.0
2012,15,alonso,ferrari,6,23,Collision,0,0.0
2012,15,rosberg,mercedes,13,24,Collision,0,0.0
2012,16,vettel,red_bull,2,1,Finished,55,25.0
2012,16,webber,red_bull,1,2,Finished,55,18.0
2012,16,alonso,ferrari,4,3,Finished,55,15.0
2012,16,massa,ferrari,6,4,Finished,55,12.0
2012,16,raikkonen,lotus_f1,5,5,Finished,55,10.0
2012,16,hulkenberg,force_india,8,6,Finished,55,8.0
2012,16,grosjean,lotus_f1,7,7,Finished,55,6.0
2012,16,vergne,toro_rosso,16,8,Finished,55,4.0
2012,16,ricciardo,toro_rosso,21,9,Finished,55,2.0
2012,16,hamilton,mclaren,3,10,Finished,55,1.0
2012,16,perez,sauber,12,11,Finished,55,0.0
2012,16,resta,force_india,14,12,Finished,55,0.0
2012,16,michael_schumacher,mercedes,10,13,Finished,55,0.0
2012,16,maldonado,williams,15,14,Finished,55,0.0
2012,16,bruno_senna,williams,17,15,Finished,55,0.0
2012,16,petrov,caterham,18,16,+1 Lap,54,0.0
2012,16,kovalainen,caterham,19,17,+1 Lap,54,0.0
2012,16,glock,marussia,20,18,+1 Lap,54,0.0
2012,16,pic,marussia,24,19,+2 Laps,53,0.0
2012,16,karthikeyan,hrt,23,20,+2 Laps,53,0.0
2012,16,rosa,hrt,22,21,Throttle,16,0.0
2012,16,kobayashi,sauber,13,22,Collision damage,16,0.0
2012,16,rosberg,mercedes,9,23,Collision,1,0.0
2012,16,button,mclaren,11,24,Collision,0,0.0
2012,17,vettel,red_bull,1,1,Finished,60,25.0
2012,17,alonso,ferrari,5,2,Finished,60,18.0
2012,17,webber,red_bull,2,3,Finished,60,15.0
2012,17,hamilton,mclaren,3,4,Finished,60,12.0
2012,17,button,mclaren,4,5,Finished,60,10.0
2012,17,massa,ferrari,6,6,Finished,60,8.0
2012,17,raikkonen,lotus_f1,7,7,Finished,60,6.0
2012,17,hulkenberg,force_india,12,8,Finished,60,4.0
2012,17,grosjean,lotus_f1,11,9,Finished,60,2.0
2012,17,bruno_senna,williams,13,10,Finished,60,1.0
2012,17,rosberg,mercedes,10,11,Finished,60,0.0
2012,17,resta,force_india,16,12,Finished,60,0.0
2012,17,ricciardo,toro_rosso,15,13,Finished,60,0.0
2012,17,kobayashi,sauber,17,14,Finished,60,0.0
2012,17,vergne,toro_rosso,18,15,+1 Lap,59,0.0
2012,17,maldonado,williams,9,16,+1 Lap,59,0.0
2012,17,petrov,caterham,19,17,+1 Lap,59,0.0
2012,17,kovalainen,caterham,20,18,+1 Lap,59,0.0
2012,17,pic,marussia,24,19,+1 Lap,59,0.0
2012,17,glock,marussia,21,20,+2 Laps,58,0.0
2012,17,karthikeyan,hrt,23,21,+2 Laps,58,0.0
2012,17,michael_schumacher,mercedes,14,22,Retired,55,0.0
2012,17,rosa,hrt,22,23,Accident,43,0.0
2012,17,perez,sauber,8,24,Accident,21,0.0
2012,18,raikkonen,lotus_f1,4,1,Finished,55,25.0
2012,18,alonso,ferrari,6,2,Finished,55,18.0
2012,18,vettel,red_bull,24,3,Finished,55,15.0
2012,18,button,mclaren,5,4,Finished,55,12.0
2012,18,maldonado,williams,3,5,Finished,55,10.0
2012,18,kobayashi,sauber,15,6,Finished,55,8.0
2012,18,massa,ferrari,8,7,Finished,55,6.0
2012,18,bruno_senna,williams,14,8,Finished,55,4.0
2012,18,resta,force_india,12,9,Finished,55,2.0
2012,18,ricciardo,toro_rosso,16,10,Finished,55,1.0
2012,18,michael_schumacher,mercedes,13,11,Finished,55,0.0
2012,18,vergne,toro_rosso,17,12,Finished,55,0.0
2012,18,kovalainen,caterham,18,13,Finished,55,0.0
2012,18,glock,marussia,21,14,Finished,55,0.0
2012,18,perez,sauber,11,15,Finished,55,0.0
2012,18,petrov,caterham,20,16,Finished,55,0.0
2012,18,rosa,hrt,22,17,Finished,55,0.0
2012,18,pic,marussia,19,18,Retired,41,0.0
2012,18,grosjean,lotus_f1,9,19,Collision,37,0.0
2012,18,webber,red_bull,2,20,Collision,37,0.0
2012,18,hamilton,mclaren,1,21,Electrical,19,0.0
2012,18,karthikeyan,hrt,23,22,Collision,7,0.0
2012,18,rosberg,mercedes,7,23,Collision,7,0.0
2012,18,hulkenberg,force_india,10,24,Collision,0,0.0
2012,19,hamilton,mclaren,2,1,Finished,56,25.0
2012,19,vettel,red_bull,1,2,Finished,56,18.0
2012,19,alonso,ferrari,7,3,Finished,56,15.0
2012,19,massa,ferrari,11,4,Finished,56,12.0
2012,19,button,mclaren,12,5,Finished,56,10.0
2012,19,raikkonen,lotus_f1,4,6,Finished,56,8.0
2012,19,grosjean,lotus_f1,8,7,Finished,56,6.0
2012,19,hulkenberg,force_india,6,8,Finished,56,4.0
2012,19,maldonado,williams,9,9,Finished,56,2.0
2012,19,bruno_senna,williams,10,10,Finished,56,1.0
2012,19,perez,sauber,15,11,Finished,56,0.0
2012,19,ricciardo,toro_rosso,18,12,Finished,56,0.0
2012,19,rosberg,mercedes,17,13,Finished,56,0.0
2012,19,kobayashi,sauber,16,14,+1 Lap,55,0.0
2012,19,resta,force_india,13,15,+1 Lap,55,0.0
2012,19,michael_schumacher,mercedes,5,16,+1 Lap,55,0.0
2012,19,petrov,caterham,21,17,+1 Lap,55,0.0
2012,19,kovalainen,caterham,22,18,+1 Lap,55,0.0
2012,19,glock,marussia,19,19,+1 Lap,55,0.0
2012,19,pic,marussia,20,20,+2 Laps,54,0.0
2012,19,rosa,hrt,23,21,+2 Laps,54,0.0
2012,19,karthikeyan,hrt,24,22,+2 Laps,54,0.0
2012,19,webber,red_bull,3,23,Alternator,16,0.0
2012,19,vergne,toro_rosso,14,24,Suspension,14,0.0
2012,20,button,mclaren,2,1,Finished,71,25.0
2012,20,alonso,ferrari,7,2,Finished,71,18.0
2012,20,massa,ferrari,5,3,Finished,71,15.0
2012,20,webber,red_bull,3,4,Finished,71,12.0
2012,20,hulkenberg,force_india,6,5,Finished,71,10.0
2012,20,vettel,red_bull,4,6,Finished,71,8.0
2012,20,michael_schumacher,mercedes,13,7,Finished,71,6.0
2012,20,vergne,toro_rosso,17,8,Finished,71,4.0
2012,20,kobayashi,sauber,14,9,Finished,71,2.0
2012,20,raikkonen,lotus_f1,8,10,+1 Lap,70,1.0
2012,20,petrov,caterham,19,11,+1 Lap,70,0.0
2012,20,pic,marussia,22,12,+1 Lap,70,0.0
2012,20,ricciardo,toro_rosso,15,13,+1 Lap,70,0.0
2012,20,kovalainen,caterham,20,14,+1 Lap,70,0.0
2012,20,rosberg,mercedes,9,15,+1 Lap,70,0.0
2012,20,glock,marussia,21,16,+1 Lap,70,0.0
2012,20,rosa,hrt,24,17,+2 Laps,69,0.0
2012,20,karthikeyan,hrt,23,18,+2 Laps,69,0.0
2012,20,resta,force_india,10,19,Accident,68,0.0
2012,20,hamilton,mclaren,1,20,Collision,54,0.0
2012,20,grosjean,lotus_f1,18,21,Accident,5,0.0
2012,20,maldonado,williams,16,22,Collision,1,0.0
2012,20,bruno_senna,williams,11,23,Collision,0,0.0
2012,20,perez,sauber,12,24,Collision,0,0.0
2013,1,raikkonen,lotus_f1,7,1,Finished,58,25.0
2013,1,alonso,ferrari,5,2,Finished,58,18.0
2013,1,vettel,red_bull,1,3,Finished,58,15.0
2013,1,massa,ferrari,4,4,Finished,58,12.0
2013,1,hamilton,mercedes,3,5,Finished,58,10.0
2013,1,webber,red_bull,2,6,Finished,58,8.0
2013,1,sutil,force_india,12,7,Finished,58,6.0
2013,1,resta,force_india,9,8,Finished,58,4.0
2013,1,button,mclaren,10,9,Finished,58,2.0
2013,1,grosjean,lotus_f1,8,10,Finished,58,1.0
2013,1,perez,mclaren,15,11,Finished,58,0.0
2013,1,vergne,toro_rosso,13,12,Finished,58,0.0
2013,1,gutierrez,sauber,18,13,+1 Lap,57,0.0
2013,1,bottas,williams,16,14,+1 Lap,57,0.0
2013,1,jules_bianchi,marussia,19,15,+1 Lap,57,0.0
2013,1,pic,caterham,22,16,+2 Laps,56,0.0
2013,1,chilton,marussia,20,17,+2 Laps,56,0.0
2013,1,garde,caterham,21,18,+2 Laps,56,0.0
2013,1,ricciardo,toro_rosso,14,19,Hydraulics,39,0.0
2013,1,rosberg,mercedes,6,20,Electrical,26,0.0
2013,1,maldonado,williams,17,21,Spun off,24,0.0
2013,1,hulkenberg,sauber,11,22,Fuel system,0,0.0
2013,2,vettel,red_bull,1,1,Finished,56,25.0
2013,2,webber,red_bull,5,2,Finished,56,18.0
2013,2,hamilton,mercedes,4,3,Finished,56,15.0
2013,2,rosberg,mercedes,6,4,Finished,56,12.0
2013,2,massa,ferrari,2,5,Finished,56,10.0
2013,2,grosjean,lotus_f1,11,6,Finished,56,8.0
2013,2,raikkonen,lotus_f1,10,7,Finished,56,6.0
2013,2,hulkenberg,sauber,12,8,Finished,56,4.0
2013,2,perez,mclaren,9,9,Finished,56,2.0
2013,2,vergne,toro_rosso,17,10,Finished,56,1.0
2013,2,bottas,williams,18,11,Finished,56,0.0
2013,2,gutierrez,sauber,14,12,+1 Lap,55,0.0
2013,2,jules_bianchi,marussia,19,13,+1 Lap,55,0.0
2013,2,pic,caterham,20,14,+1 Lap,55,0.0
2013,2,garde,caterham,22,15,+1 Lap,55,0.0
2013,2,chilton,marussia,21,16,+2 Laps,54,0.0
2013,2,button,mclaren,7,17,Withdrew,53,0.0
2013,2,ricciardo,toro_rosso,13,18,Retired,51,0.0
2013,2,maldonado,williams,16,19,Retired,45,0.0
2013,2,sutil,force_india,8,20,Wheel nut,27,0.0
2013,2,resta,force_india,15,21,Wheel nut,22,0.0
2013,2,alonso,ferrari,3,22,Collision,1,0.0
2013,3,alonso,ferrari,3,1,Finished,56,25.0
2013,3,raikkonen,lotus_f1,2,2,Finished,56,18.0
2013,3,hamilton,mercedes,1,3,Finished,56,15.0
2013,3,vettel,red_bull,9,4,Finished,56,12.0
2013,3,button,mclaren,8,5,Finished,56,10.0
2013,3,massa,ferrari,5,6,Finished,56,8.0
2013,3,ricciardo,toro_rosso,7,7,Finished,56,6.0
2013,3,resta,force_india,11,8,Finished,56,4.0
2013,3,grosjean,lotus_f1,6,9,Finished,56,2.0
2013,3,hulkenberg,sauber,10,10,Finished,56,1.0
2013,3,perez,mclaren,12,11,Finished,56,0.0
2013,3,vergne,toro_rosso,15,12,Finished,56,0.0
2013,3,bottas,williams,16,13,Finished,56,0.0
2013,3,maldonado,williams,14,14,Finished,56,0.0
2013,3,jules_bianchi,marussia,18,15,+1 Lap,55,0.0
2013,3,pic,caterham,20,16,+1 Lap,55,0.0
2013,3,chilton,marussia,19,17,+1 Lap,55,0.0
2013,3,garde,caterham,21,18,+1 Lap,55,0.0
2013,3,rosberg,mercedes,4,19,Suspension,21,0.0
2013,3,webber,red_bull,22,20,Wheel,15,0.0
2013,3,sutil,force_india,13,21,Collision,5,0.0
2013,3,gutierrez,sauber,17,22,Collision,4,0.0
2013,4,vettel,red_bull,2,1,Finished,57,25.0
2013,4,raikkonen,lotus_f1,8,2,Finished,57,18.0
2013,4,grosjean,lotus_f1,11,3,Finished,57,15.0
2013,4,resta,force_india,5,4,Finished,57,12.0
2013,4,hamilton,mercedes,9,5,Finished,57,10.0
2013,4,perez,mclaren,12,6,Finished,57,8.0
2013,4,webber,red_bull,7,7,Finished,57,6.0
2013,4,alonso,ferrari,3,8,Finished,57,4.0
2013,4,rosberg,mercedes,1,9,Finished,57,2.0
2013,4,button,mclaren,10,10,Finished,57,1.0
2013,4,maldonado,williams,17,11,Finished,57,0.0
2013,4,hulkenberg,sauber,14,12,Finished,57,0.0
2013,4,sutil,force_india,6,13,Finished,57,0.0
2013,4,bottas,williams,15,14,Finished,57,0.0
2013,4,massa,ferrari,4,15,Finished,57,0.0
2013,4,ricciardo,toro_rosso,13,16,+1 Lap,56,0.0
2013,4,pic,caterham,18,17,+1 Lap,56,0.0
2013,4,gutierrez,sauber,22,18,+1 Lap,56,0.0
2013,4,jules_bianchi,marussia,19,19,+1 Lap,56,0.0
2013,4,chilton,marussia,21,20,+1 Lap,56,0.0
2013,4,garde,caterham,20,21,+2 Laps,55,0.0
2013,4,vergne,toro_rosso,16,22,Puncture,16,0.0
2013,5,alonso,ferrari,5,1,Finished,66,25.0
2013,5,raikkonen,lotus_f1,4,2,Finished,66,18.0
2013,5,massa,ferrari,9,3,Finished,66,15.0
2013,5,vettel,red_bull,3,4,Finished,66,12.0
2013,5,webber,red_bull,7,5,Finished,66,10.0
2013,5,rosberg,mercedes,1,6,Finished,66,8.0
2013,5,resta,force_india,10,7,Finished,66,6.0
2013,5,button,mclaren,14,8,Finished,66,4.0
2013,5,perez,mclaren,8,9,Finished,66,2.0
2013,5,ricciardo,toro_rosso,11,10,+1 Lap,65,1.0
2013,5,gutierrez,sauber,19,11,+1 Lap,65,0.0
2013,5,hamilton,mercedes,2,12,+1 Lap,65,0.0
2013,5,sutil,force_india,13,13,+1 Lap,65,0.0
2013,5,maldonado,williams,17,14,+1 Lap,65,0.0
2013,5,hulkenberg,sauber,15,15,+1 Lap,65,0.0
2013,5,bottas,williams,16,16,+1 Lap,65,0.0
2013,5,pic,caterham,22,17,+1 Lap,65,0.0
2013,5,jules_bianchi,marussia,20,18,+2 Laps,64,0.0
2013,5,chilton,marussia,21,19,+2 Laps,64,0.0
2013,5,vergne,toro_rosso,12,20,Accident,52,0.0
2013,5,garde,caterham,18,21,Wheel,21,0.0
2013,5,grosjean,lotus_f1,6,22,Suspension,8,0.0
2013,6,rosberg,mercedes,1,1,Finished,78,25.0
2013,6,vettel,red_bull,3,2,Finished,78,18.0
2013,6,webber,red_bull,4,3,Finished,78,15.0
2013,6,hamilton,mercedes,2,4,Finished,78,12.0
2013,6,sutil,force_india,8,5,Finished,78,10.0
2013,6,button,mclaren,9,6,Finished,78,8.0
2013,6,alonso,ferrari,6,7,Finished,78,6.0
2013,6,vergne,toro_rosso,10,8,Finished,78,4.0
2013,6,resta,force_india,17,9,Finished,78,2.0
2013,6,raikkonen,lotus_f1,5,10,Finished,78,1.0
2013,6,hulkenberg,sauber,11,11,Finished,78,0.0
2013,6,bottas,williams,14,12,Finished,78,0.0
2013,6,gutierrez,sauber,19,13,Finished,78,0.0
2013,6,chilton,marussia,22,14,Finished,78,0.0
2013,6,garde,caterham,15,15,Finished,78,0.0
2013,6,perez,mclaren,7,16,Suspension,72,0.0
2013,6,grosjean,lotus_f1,13,17,Collision,63,0.0
2013,6,ricciardo,toro_rosso,12,18,Collision,61,0.0
2013,6,jules_bianchi,marussia,20,19,Brakes,58,0.0
2013,6,maldonado,williams,16,20,Collision,44,0.0
2013,6,massa,ferrari,21,21,Accident,28,0.0
2013,6,pic,caterham,18,22,Gearbox,7,0.0
2013,7,vettel,red_bull,1,1,Finished,70,25.0
2013,7,alonso,ferrari,6,2,Finished,70,18.0
2013,7,hamilton,mercedes,2,3,Finished,70,15.0
2013,7,webber,red_bull,5,4,Finished,70,12.0
2013,7,rosberg,mercedes,4,5,Finished,70,10.0
2013,7,vergne,toro_rosso,7,6,+1 Lap,69,8.0
2013,7,resta,force_india,17,7,+1 Lap,69,6.0
2013,7,massa,ferrari,16,8,+1 Lap,69,4.0
2013,7,raikkonen,lotus_f1,10,9,+1 Lap,69,2.0
2013,7,sutil,force_india,8,10,+1 Lap,69,1.0
2013,7,perez,mclaren,12,11,+1 Lap,69,0.0
2013,7,button,mclaren,14,12,+1 Lap,69,0.0
2013,7,grosjean,lotus_f1,22,13,+1 Lap,69,0.0
2013,7,bottas,williams,3,14,+1 Lap,69,0.0
2013,7,ricciardo,toro_rosso,11,15,+2 Laps,68,0.0
2013,7,maldonado,williams,13,16,+2 Laps,68,0.0
2013,7,jules_bianchi,marussia,19,17,+2 Laps,68,0.0
2013,7,pic,caterham,18,18,+3 Laps,67,0.0
2013,7,chilton,marussia,20,19,+3 Laps,67,0.0
2013,7,gutierrez,sauber,15,20,Accident,63,0.0
2013,7,hulkenberg,sauber,9,21,Collision,45,0.0
2013,7,garde,caterham,21,22,Collision,43,0.0
2013,8,rosberg,mercedes,2,1,Finished,52,25.0
2013,8,webber,red_bull,4,2,Finished,52,18.0
2013,8,alonso,ferrari,9,3,Finished,52,15.0
2013,8,hamilton,mercedes,1,4,Finished,52,12.0
2013,8,raikkonen,lotus_f1,8,5,Finished,52,10.0
2013,8,massa,ferrari,11,6,Finished,52,8.0
2013,8,sutil,force_india,6,7,Finished,52,6.0
2013,8,ricciardo,toro_rosso,5,8,Finished,52,4.0
2013,8,resta,force_india,21,9,Finished,52,2.0
2013,8,hulkenberg,sauber,14,10,Finished,52,1.0
2013,8,maldonado,williams,15,11,Finished,52,0.0
2013,8,bottas,williams,16,12,Finished,52,0.0
2013,8,button,mclaren,10,13,Finished,52,0.0
2013,8,gutierrez,sauber,17,14,Finished,52,0.0
2013,8,pic,caterham,18,15,Finished,52,0.0
2013,8,jules_bianchi,marussia,19,16,Finished,52,0.0
2013,8,chilton,marussia,20,17,Finished,52,0.0
2013,8,garde,caterham,22,18,Finished,52,0.0
2013,8,grosjean,lotus_f1,7,19,Retired,51,0.0
2013,8,perez,mclaren,13,20,Wheel,46,0.0
2013,8,vettel,red_bull,3,21,Gearbox,41,0.0
2013,8,vergne,toro_rosso,12,22,Tyre,35,0.0
2013,9,vettel,red_bull,2,1,Finished,60,25.0
2013,9,raikkonen,lotus_f1,4,2,Finished,60,18.0
2013,9,grosjean,lotus_f1,5,3,Finished,60,15.0
2013,9,alonso,ferrari,8,4,Finished,60,12.0
2013,9,hamilton,mercedes,1,5,Finished,60,10.0
2013,9,button,mclaren,9,6,Finished,60,8.0
2013,9,webber,red_bull,3,7,Finished,60,6.0
2013,9,perez,mclaren,13,8,Finished,60,4.0
2013,9,rosberg,mercedes,11,9,Finished,60,2.0
2013,9,hulkenberg,sauber,10,10,Finished,60,1.0
2013,9,resta,force_india,12,11,Finished,60,0.0
2013,9,ricciardo,toro_rosso,6,12,Finished,60,0.0
2013,9,sutil,force_india,15,13,Finished,60,0.0
2013,9,gutierrez,sauber,14,14,Finished,60,0.0
2013,9,maldonado,williams,18,15,Finished,60,0.0
2013,9,bottas,williams,17,16,+1 Lap,59,0.0
2013,9,pic,caterham,22,17,+1 Lap,59,0.0
2013,9,garde,caterham,20,18,+1 Lap,59,0.0
2013,9,chilton,marussia,21,19,+1 Lap,59,0.0
2013,9,vergne,toro_rosso,16,20,Hydraulics,22,0.0
2013,9,jules_bianchi,marussia,19,21,Engine,21,0.0
2013,9,massa,ferrari,7,22,Spun off,3,0.0
2013,10,hamilton,mercedes,1,1,Finished,70,25.0
2013,10,raikkonen,lotus_f1,6,2,Finished,70,18.0
2013,10,vettel,red_bull,2,3,Finished,70,15.0
2013,10,webber,red_bull,10,4,Finished,70,12.0
2013,10,alonso,ferrari,5,5,Finished,70,10.0
2013,10,grosjean,lotus_f1,3,6,Finished,70,8.0
2013,10,button,mclaren,13,7,Finished,70,6.0
2013,10,massa,ferrari,7,8,Finished,70,4.0
2013,10,perez,mclaren,9,9,+1 Lap,69,2.0
2013,10,maldonado,williams,15,10,+1 Lap,69,1.0
2013,10,hulkenberg,sauber,12,11,+1 Lap,69,0.0
2013,10,vergne,toro_rosso,14,12,+1 Lap,69,0.0
2013,10,ricciardo,toro_rosso,8,13,+1 Lap,69,0.0
2013,10,garde,caterham,20,14,+2 Laps,68,0.0
2013,10,pic,caterham,19,15,+2 Laps,68,0.0
2013,10,jules_bianchi,marussia,21,16,+3 Laps,67,0.0
2013,10,chilton,marussia,22,17,+3 Laps,67,0.0
2013,10,resta,force_india,18,18,Hydraulics,66,0.0
2013,10,rosberg,mercedes,4,19,Engine,64,0.0
2013,10,bottas,williams,16,20,Hydraulics,42,0.0
2013,10,gutierrez,sauber,17,21,Transmission,28,0.0
2013,10,sutil,force_india,11,22,Hydraulics,19,0.0
2013,11,vettel,red_bull,2,1,Finished,44,25.0
2013,11,alonso,ferrari,9,2,Finished,44,18.0
2013,11,hamilton,mercedes,1,3,Finished,44,15.0
2013,11,rosberg,mercedes,4,4,Finished,44,12.0
2013,11,webber,red_bull,3,5,Finished,44,10.0
2013,11,button,mclaren,6,6,Finished,44,8.0
2013,11,massa,ferrari,10,7,Finished,44,6.0
2013,11,grosjean,lotus_f1,7,8,Finished,44,4.0
2013,11,sutil,force_india,12,9,Finished,44,2.0
2013,11,ricciardo,toro_rosso,19,10,Finished,44,1.0
2013,11,perez,mclaren,13,11,Finished,44,0.0
2013,11,vergne,toro_rosso,18,12,Finished,44,0.0
2013,11,hulkenberg,sauber,11,13,Finished,44,0.0
2013,11,gutierrez,sauber,21,14,Finished,44,0.0
2013,11,bottas,williams,20,15,Finished,44,0.0
2013,11,garde,caterham,14,16,+1 Lap,43,0.0
2013,11,maldonado,williams,17,17,+1 Lap,43,0.0
2013,11,jules_bianchi,marussia,15,18,+1 Lap,43,0.0
2013,11,chilton,marussia,16,19,+2 Laps,42,0.0
2013,11,resta,force_india,5,20,Collision,26,0.0
2013,11,raikkonen,lotus_f1,8,21,Brakes,25,0.0
2013,11,pic,caterham,22,22,Oil leak,8,0.0
2013,12,vettel,red_bull,1,1,Finished,53,25.0
2013,12,alonso,ferrari,5,2,Finished,53,18.0
2013,12,webber,red_bull,2,3,Finished,53,15.0
2013,12,massa,ferrari,4,4,Finished,53,12.0
2013,12,hulkenberg,sauber,3,5,Finished,53,10.0
2013,12,rosberg,mercedes,6,6,Finished,53,8.0
2013,12,ricciardo,toro_rosso,7,7,Finished,53,6.0
2013,12,grosjean,lotus_f1,13,8,Finished,53,4.0
2013,12,hamilton,mercedes,12,9,Finished,53,2.0
2013,12,button,mclaren,9,10,Finished,53,1.0
2013,12,raikkonen,lotus_f1,11,11,Finished,53,0.0
2013,12,perez,mclaren,8,12,Finished,53,0.0
2013,12,gutierrez,sauber,16,13,Finished,53,0.0
2013,12,maldonado,williams,14,14,Finished,53,0.0
2013,12,bottas,williams,18,15,Finished,53,0.0
2013,12,sutil,force_india,17,16,+1 Lap,52,0.0
2013,12,pic,caterham,20,17,+1 Lap,52,0.0
2013,12,garde,caterham,19,18,+1 Lap,52,0.0
2013,12,jules_bianchi,marussia,21,19,+1 Lap,52,0.0
2013,12,chilton,marussia,22,20,+1 Lap,52,0.0
2013,12,vergne,toro_rosso,10,21,Transmission,14,0.0
2013,12,resta,force_india,15,22,Accident,0,0.0
2013,13,vettel,red_bull,1,1,Finished,61,25.0
2013,13,alonso,ferrari,7,2,Finished,61,18.0
2013,13,raikkonen,lotus_f1,13,3,Finished,61,15.0
2013,13,rosberg,mercedes,2,4,Finished,61,12.0
2013,13,hamilton,mercedes,5,5,Finished,61,10.0
2013,13,massa,ferrari,6,6,Finished,61,8.0
2013,13,button,mclaren,8,7,Finished,61,6.0
2013,13,perez,mclaren,14,8,Finished,61,4.0
2013,13,hulkenberg,sauber,11,9,Finished,61,2.0
2013,13,sutil,force_india,15,10,Finished,61,1.0
2013,13,maldonado,williams,18,11,Finished,61,0.0
2013,13,gutierrez,sauber,10,12,Finished,61,0.0
2013,13,bottas,williams,16,13,Finished,61,0.0
2013,13,vergne,toro_rosso,12,14,Finished,61,0.0
2013,13,webber,red_bull,4,15,Water pressure,60,0.0
2013,13,garde,caterham,20,16,+1 Lap,60,0.0
2013,13,chilton,marussia,22,17,+1 Lap,60,0.0
2013,13,jules_bianchi,marussia,21,18,+1 Lap,60,0.0
2013,13,pic,caterham,19,19,+1 Lap,60,0.0
2013,13,resta,force_india,17,20,Accident,54,0.0
2013,13,grosjean,lotus_f1,3,21,Pneumatics,37,0.0
2013,13,ricciardo,toro_rosso,9,22,Accident,23,0.0
2013,14,vettel,red_bull,1,1,Finished,55,25.0
2013,14,raikkonen,lotus_f1,9,2,Finished,55,18.0
2013,14,grosjean,lotus_f1,3,3,Finished,55,15.0
2013,14,hulkenberg,sauber,7,4,Finished,55,12.0
2013,14,hamilton,mercedes,2,5,Finished,55,10.0
2013,14,alonso,ferrari,5,6,Finished,55,8.0
2013,14,rosberg,mercedes,4,7,Finished,55,6.0
2013,14,button,mclaren,11,8,Finished,55,4.0
2013,14,massa,ferrari,6,9,Finished,55,2.0
2013,14,perez,mclaren,10,10,Finished,55,1.0
2013,14,gutierrez,sauber,8,11,Finished,55,0.0
2013,14,bottas,williams,17,12,Finished,55,0.0
2013,14,maldonado,williams,18,13,Finished,55,0.0
2013,14,pic,caterham,19,14,Finished,55,0.0
2013,14,garde,caterham,20,15,Finished,55,0.0
2013,14,jules_bianchi,marussia,22,16,Finished,55,0.0
2013,14,chilton,marussia,21,17,Finished,55,0.0
2013,14,vergne,toro_rosso,16,18,+2 Laps,53,0.0
2013,14,ricciardo,toro_rosso,12,19,+3 Laps,52,0.0
2013,14,sutil,force_india,14,20,Collision,50,0.0
2013,14,webber,red_bull,13,21,Collision,36,0.0
2013,14,resta,force_india,15,22,Spun off,24,0.0
2013,15,vettel,red_bull,2,1,Finished,53,25.0
2013,15,webber,red_bull,1,2,Finished,53,18.0
2013,15,grosjean,lotus_f1,4,3,Finished,53,15.0
2013,15,alonso,ferrari,8,4,Finished,53,12.0
2013,15,raikkonen,lotus_f1,9,5,Finished,53,10.0
2013,15,hulkenberg,sauber,7,6,Finished,53,8.0
2013,15,gutierrez,sauber,14,7,Finished,53,6.0
2013,15,rosberg,mercedes,6,8,Finished,53,4.0
2013,15,button,mclaren,10,9,Finished,53,2.0
2013,15,massa,ferrari,5,10,Finished,53,1.0
2013,15,resta,force_india,12,11,Finished,53,0.0
2013,15,vergne,toro_rosso,17,12,+1 Lap,52,0.0
2013,15,ricciardo,toro_rosso,16,13,+1 Lap,52,0.0
2013,15,sutil,force_india,22,14,+1 Lap,52,0.0
2013,15,perez,mclaren,11,15,+1 Lap,52,0.0
2013,15,maldonado,williams,15,16,+1 Lap,52,0.0
2013,15,bottas,williams,13,17,+1 Lap,52,0.0
2013,15,pic,caterham,20,18,+1 Lap,52,0.0
2013,15,chilton,marussia,18,19,+1 Lap,52,0.0
2013,15,hamilton,mercedes,3,20,Puncture,7,0.0
2013,15,garde,caterham,19,21,Accident,0,0.0
2013,15,jules_bianchi,marussia,21,22,Accident,0,0.0
2013,16,vettel,red_bull,1,1,Finished,60,25.0
2013,16,rosberg,mercedes,2,2,Finished,60,18.0
2013,16,grosjean,lotus_f1,17,3,Finished,60,15.0
2013,16,massa,ferrari,5,4,Finished,60,12.0
2013,16,perez,mclaren,9,5,Finished,60,10.0
2013,16,hamilton,mercedes,3,6,Finished,60,8.0
2013,16,raikkonen,lotus_f1,6,7,Finished,60,6.0
2013,16,resta,force_india,12,8,Finished,60,4.0
2013,16,sutil,force_india,13,9,Finished,60,2.0
2013,16,ricciardo,toro_rosso,11,10,Finished,60,1.0
2013,16,alonso,ferrari,8,11,Finished,60,0.0
2013,16,maldonado,williams,18,12,Finished,60,0.0
2013,16,vergne,toro_rosso,14,13,+1 Lap,59,0.0
2013,16,button,mclaren,10,14,+1 Lap,59,0.0
2013,16,gutierrez,sauber,16,15,+1 Lap,59,0.0
2013,16,bottas,williams,15,16,+1 Lap,59,0.0
2013,16,chilton,marussia,22,17,+2 Laps,58,0.0
2013,16,jules_bianchi,marussia,19,18,+2 Laps,58,0.0
2013,16,hulkenberg,sauber,7,19,Mechanical,54,0.0
2013,16,webber,red_bull,4,20,Alternator,39,0.0
2013,16,pic,caterham,21,21,Hydraulics,35,0.0
2013,16,garde,caterham,20,22,Collision,1,0.0
2013,17,vettel,red_bull,2,1,Finished,55,25.0
2013,17,webber,red_bull,1,2,Finished,55,18.0
2013,17,rosberg,mercedes,3,3,Finished,55,15.0
2013,17,grosjean,lotus_f1,6,4,Finished,55,12.0
2013,17,alonso,ferrari,10,5,Finished,55,10.0
2013,17,resta,force_india,11,6,Finished,55,8.0
2013,17,hamilton,mercedes,4,7,Finished,55,6.0
2013,17,massa,ferrari,7,8,Finished,55,4.0
2013,17,perez,mclaren,8,9,Finished,55,2.0
2013,17,sutil,force_india,17,10,Finished,55,1.0
2013,17,maldonado,williams,14,11,Finished,55,0.0
2013,17,button,mclaren,12,12,Finished,55,0.0
2013,17,gutierrez,sauber,16,13,Finished,55,0.0
2013,17,hulkenberg,sauber,5,14,+1 Lap,54,0.0
2013,17,bottas,williams,15,15,+1 Lap,54,0.0
2013,17,ricciardo,toro_rosso,9,16,+1 Lap,54,0.0
2013,17,vergne,toro_rosso,13,17,+1 Lap,54,0.0
2013,17,garde,caterham,18,18,+1 Lap,54,0.0
2013,17,pic,caterham,19,19,+1 Lap,54,0.0
2013,17,jules_bianchi,marussia,21,20,+2 Laps,53,0.0
2013,17,chilton,marussia,20,21,+2 Laps,53,0.0
2013,17,raikkonen,lotus_f1,22,22,Accident,0,0.0
2013,18,vettel,red_bull,1,1,Finished,56,25.0
2013,18,grosjean,lotus_f1,3,2,Finished,56,18.0
2013,18,webber,red_bull,2,3,Finished,56,15.0
2013,18,hamilton,mercedes,5,4,Finished,56,12.0
2013,18,alonso,ferrari,6,5,Finished,56,10.0
2013,18,hulkenberg,sauber,4,6,Finished,56,8.0
2013,18,perez,mclaren,7,7,Finished,56,6.0
2013,18,bottas,williams,9,8,Finished,56,4.0
2013,18,rosberg,mercedes,12,9,Finished,56,2.0
2013,18,button,mclaren,15,10,Finished,56,1.0
2013,18,ricciardo,toro_rosso,10,11,Finished,56,0.0
2013,18,vergne,toro_rosso,14,12,Finished,56,0.0
2013,18,massa,ferrari,13,13,Finished,56,0.0
2013,18,gutierrez,sauber,20,14,Finished,56,0.0
2013,18,kovalainen,lotus_f1,8,15,Finished,56,0.0
2013,18,resta,force_india,11,16,Finished,56,0.0
2013,18,maldonado,williams,17,17,+1 Lap,55,0.0
2013,18,jules_bianchi,marussia,19,18,+1 Lap,55,0.0
2013,18,garde,caterham,18,19,+1 Lap,55,0.0
2013,18,pic,caterham,22,20,+1 Lap,55,0.0
2013,18,chilton,marussia,21,21,+2 Laps,54,0.0
2013,18,sutil,force_india,16,22,Accident,0,0.0
2013,19,vettel,red_bull,1,1,Finished,71,25.0
2013,19,webber,red_bull,4,2,Finished,71,18.0
2013,19,alonso,ferrari,3,3,Finished,71,15.0
2013,19,button,mclaren,14,4,Finished,71,12.0
2013,19,rosberg,mercedes,2,5,Finished,71,10.0
2013,19,perez,mclaren,19,6,Finished,71,8.0
2013,19,massa,ferrari,9,7,Finished,71,6.0
2013,19,hulkenberg,sauber,10,8,Finished,71,4.0
2013,19,hamilton,mercedes,5,9,Finished,71,2.0
2013,19,ricciardo,toro_rosso,7,10,+1 Lap,70,1.0
2013,19,resta,force_india,12,11,+1 Lap,70,0.0
2013,19,gutierrez,sauber,17,12,+1 Lap,70,0.0
2013,19,sutil,force_india,15,13,+1 Lap,70,0.0
2013,19,kovalainen,lotus_f1,11,14,+1 Lap,70,0.0
2013,19,vergne,toro_rosso,8,15,+1 Lap,70,0.0
2013,19,maldonado,williams,16,16,+1 Lap,70,0.0
2013,19,jules_bianchi,marussia,21,17,+2 Laps,69,0.0
2013,19,garde,caterham,20,18,+2 Laps,69,0.0
2013,19,chilton,marussia,22,19,+2 Laps,69,0.0
2013,19,pic,caterham,18,20,Mechanical,58,0.0
2013,19,bottas,williams,13,21,Accident,45,0.0
2013,19,grosjean,lotus_f1,6,22,Engine,2,0.0
2014,1,rosberg,mercedes,3,1,Finished,57,25.0
2014,1,kevin_magnussen,mclaren,4,2,Finished,57,18.0
2014,1,button,mclaren,10,3,Finished,57,15.0
2014,1,alonso,ferrari,5,4,Finished,57,12.0
2014,1,bottas,williams,15,5,Finished,57,10.0
2014,1,hulkenberg,force_india,7,6,Finished,57,8.0
2014,1,raikkonen,ferrari,11,7,Finished,57,6.0
2014,1,vergne,toro_rosso,6,8,Finished,57,4.0
2014,1,kvyat,toro_rosso,8,9,Finished,57,2.0
2014,1,perez,force_india,16,10,Finished,57,1.0
2014,1,sutil,sauber,13,11,+1 Lap,56,0.0
2014,1,gutierrez,sauber,20,12,+1 Lap,56,0.0
2014,1,chilton,marussia,17,13,+2 Laps,55,0.0
2014,1,jules_bianchi,marussia,18,14,+8 Laps,49,0.0
2014,1,grosjean,lotus_f1,22,15,ERS,43,0.0
2014,1,maldonado,lotus_f1,21,16,ERS,29,0.0
2014,1,ericsson,caterham,19,17,Oil pressure,27,0.0
2014,1,vettel,red_bull,12,18,Engine,3,0.0
2014,1,hamilton,mercedes,1,19,Engine,2,0.0
2014,1,massa,williams,9,20,Collision,0,0.0
2014,1,kobayashi,caterham,14,21,Collision,0,0.0
2014,1,ricciardo,red_bull,2,22,Disqualified,57,0.0
2014,2,hamilton,mercedes,1,1,Finished,56,25.0
2014,2,rosberg,mercedes,3,2,Finished,56,18.0
2014,2,vettel,red_bull,2,3,Finished,56,15.0
2014,2,alonso,ferrari,4,4,Finished,56,12.0
2014,2,hulkenberg,force_india,7,5,Finished,56,10.0
2014,2,button,mclaren,10,6,Finished,56,8.0
2014,2,massa,williams,13,7,Finished,56,6.0
2014,2,bottas,williams,18,8,Finished,56,4.0
2014,2,kevin_magnussen,mclaren,8,9,+1 Lap,55,2.0
2014,2,kvyat,toro_rosso,11,10,+1 Lap,55,1.0
2014,2,grosjean,lotus_f1,15,11,+1 Lap,55,0.0
2014,2,raikkonen,ferrari,6,12,+1 Lap,55,0.0
2014,2,kobayashi,caterham,20,13,+1 Lap,55,0.0
2014,2,ericsson,caterham,22,14,+2 Laps,54,0.0
2014,2,chilton,marussia,21,15,+2 Laps,54,0.0
2014,2,ricciardo,red_bull,5,16,Technical,49,0.0
2014,2,gutierrez,sauber,12,17,Gearbox,35,0.0
2014,2,sutil,sauber,17,18,Electrical,32,0.0
2014,2,vergne,toro_rosso,9,19,Power Unit,18,0.0
2014,2,jules_bianchi,marussia,19,20,Brakes,8,0.0
2014,2,maldonado,lotus_f1,16,21,Engine,7,0.0
2014,2,perez,force_india,14,22,Withdrew,0,0.0
2014,3,hamilton,mercedes,2,1,Finished,57,25.0
2014,3,rosberg,mercedes,1,2,Finished,57,18.0
2014,3,perez,force_india,4,3,Finished,57,15.0
2014,3,ricciardo,red_bull,13,4,Finished,57,12.0
2014,3,hulkenberg,force_india,11,5,Finished,57,10.0
2014,3,vettel,red_bull,10,6,Finished,57,8.0
2014,3,massa,williams,7,7,Finished,57,6.0
2014,3,bottas,williams,3,8,Finished,57,4.0
2014,3,alonso,ferrari,9,9,Finished,57,2.0
2014,3,raikkonen,ferrari,5,10,Finished,57,1.0
2014,3,kvyat,toro_rosso,12,11,Finished,57,0.0
2014,3,grosjean,lotus_f1,16,12,Finished,57,0.0
2014,3,chilton,marussia,21,13,Finished,57,0.0
2014,3,maldonado,lotus_f1,17,14,Finished,57,0.0
2014,3,kobayashi,caterham,18,15,Finished,57,0.0
2014,3,jules_bianchi,marussia,19,16,+1 Lap,56,0.0
2014,3,button,mclaren,6,17,Clutch,55,0.0
2014,3,kevin_magnussen,mclaren,8,18,Clutch,40,0.0
2014,3,gutierrez,sauber,15,19,Collision,39,0.0
2014,3,ericsson,caterham,20,20,Retired,33,0.0
2014,3,vergne,toro_rosso,14,21,Retired,18,0.0
2014,3,sutil,sauber,22,22,Collision,17,0.0
2014,4,hamilton,mercedes,1,1,Finished,54,25.0
2014,4,rosberg,mercedes,4,2,Finished,54,18.0
2014,4,alonso,ferrari,5,3,Finished,54,15.0
2014,4,ricciardo,red_bull,2,4,Finished,54,12.0
2014,4,vettel,red_bull,3,5,Finished,54,10.0
2014,4,hulkenberg,force_india,8,6,Finished,54,8.0
2014,4,bottas,williams,7,7,Finished,54,6.0
2014,4,raikkonen,ferrari,11,8,Finished,54,4.0
2014,4,perez,force_india,16,9,Finished,54,2.0
2014,4,kvyat,toro_rosso,13,10,+1 Lap,53,1.0
2014,4,button,mclaren,12,11,+1 Lap,53,0.0
2014,4,vergne,toro_rosso,9,12,+1 Lap,53,0.0
2014,4,kevin_magnussen,mclaren,15,13,+1 Lap,53,0.0
2014,4,maldonado,lotus_f1,22,14,+1 Lap,53,0.0
2014,4,massa,williams,6,15,+1 Lap,53,0.0
2014,4,gutierrez,sauber,17,16,+1 Lap,53,0.0
2014,4,jules_bianchi,marussia,19,17,+1 Lap,53,0.0
2014,4,kobayashi,caterham,18,18,+1 Lap,53,0.0
2014,4,chilton,marussia,21,19,+2 Laps,52,0.0
2014,4,ericsson,caterham,20,20,+2 Laps,52,0.0
2014,4,grosjean,lotus_f1,10,21,Gearbox,28,0.0
2014,4,sutil,sauber,14,22,Engine,5,0.0
2014,5,hamilton,mercedes,1,1,Finished,66,25.0
2014,5,rosberg,mercedes,2,2,Finished,66,18.0
2014,5,ricciardo,red_bull,3,3,Finished,66,15.0
2014,5,vettel,red_bull,15,4,Finished,66,12.0
2014,5,bottas,williams,4,5,Finished,66,10.0
2014,5,alonso,ferrari,7,6,Finished,66,8.0
2014,5,raikkonen,ferrari,6,7,+1 Lap,65,6.0
2014,5,grosjean,lotus_f1,5,8,+1 Lap,65,4.0
2014,5,perez,force_india,11,9,+1 Lap,65,2.0
2014,5,hulkenberg,force_india,10,10,+1 Lap,65,1.0
2014,5,button,mclaren,8,11,+1 Lap,65,0.0
2014,5,kevin_magnussen,mclaren,14,12,+1 Lap,65,0.0
2014,5,massa,williams,9,13,+1 Lap,65,0.0
2014,5,kvyat,toro_rosso,12,14,+1 Lap,65,0.0
2014,5,maldonado,lotus_f1,22,15,+1 Lap,65,0.0
2014,5,gutierrez,sauber,13,16,+1 Lap,65,0.0
2014,5,sutil,sauber,16,17,+1 Lap,65,0.0
2014,5,jules_bianchi,marussia,18,18,+2 Laps,64,0.0
2014,5,chilton,marussia,17,19,+2 Laps,64,0.0
2014,5,ericsson,caterham,19,20,+2 Laps,64,0.0
2014,5,kobayashi,caterham,20,21,Brakes,34,0.0
2014,5,vergne,toro_rosso,21,22,Exhaust,24,0.0
2014,6,rosberg,mercedes,1,1,Finished,78,25.0
2014,6,hamilton,mercedes,2,2,Finished,78,18.0
2014,6,ricciardo,red_bull,3,3,Finished,78,15.0
2014,6,alonso,ferrari,5,4,Finished,78,12.0
2014,6,hulkenberg,force_india,11,5,+1 Lap,77,10.0
2014,6,button,mclaren,12,6,+1 Lap,77,8.0
2014,6,massa,williams,16,7,+1 Lap,77,6.0
2014,6,grosjean,lotus_f1,14,8,+1 Lap,77,4.0
2014,6,jules_bianchi,marussia,21,9,+1 Lap,77,2.0
2014,6,kevin_magnussen,mclaren,8,10,+1 Lap,77,1.0
2014,6,ericsson,caterham,22,11,+1 Lap,77,0.0
2014,6,raikkonen,ferrari,6,12,+1 Lap,77,0.0
2014,6,kobayashi,caterham,20,13,+2 Laps,75,0.0
2014,6,chilton,marussia,19,14,+3 Laps,75,0.0
2014,6,gutierrez,sauber,17,15,Accident,59,0.0
2014,6,bottas,williams,13,16,Engine,55,0.0
2014,6,vergne,toro_rosso,7,17,Engine,50,0.0
2014,6,sutil,sauber,18,18,Accident,23,0.0
2014,6,kvyat,toro_rosso,9,19,Mechanical,10,0.0
2014,6,vettel,red_bull,4,20,Turbo,5,0.0
2014,6,perez,force_india,10,21,Collision,0,0.0
2014,6,maldonado,lotus_f1,15,22,Withdrew,0,0.0
2014,7,ricciardo,red_bull,6,1,Finished,70,25.0
2014,7,rosberg,mercedes,1,2,Finished,70,18.0
2014,7,vettel,red_bull,3,3,Finished,70,15.0
2014,7,button,mclaren,9,4,Finished,70,12.0
2014,7,hulkenberg,force_india,11,5,Finished,70,10.0
2014,7,alonso,ferrari,7,6,Finished,70,8.0
2014,7,bottas,williams,4,7,Finished,70,6.0
2014,7,vergne,toro_rosso,8,8,Finished,70,4.0
2014,7,kevin_magnussen,mclaren,12,9,Finished,70,2.0
2014,7,raikkonen,ferrari,10,10,Finished,70,1.0
2014,7,perez,force_india,13,11,Collision,69,0.0
2014,7,massa,williams,5,12,Collision,69,0.0
2014,7,sutil,sauber,16,13,+1 Lap,69,0.0
2014,7,gutierrez,sauber,22,14,ERS,64,0.0
2014,7,grosjean,lotus_f1,14,15,Rear wing,59,0.0
2014,7,kvyat,toro_rosso,15,16,Drivetrain,47,0.0
2014,7,hamilton,mercedes,2,17,Brakes,46,0.0
2014,7,kobayashi,caterham,21,18,Suspension,23,0.0
2014,7,maldonado,lotus_f1,17,19,Power Unit,21,0.0
2014,7,ericsson,caterham,20,20,Turbo,7,0.0
2014,7,chilton,marussia,18,21,Collision,0,0.0
2014,7,jules_bianchi,marussia,19,22,Collision,0,0.0
2014,8,rosberg,mercedes,3,1,Finished,71,25.0
2014,8,hamilton,mercedes,9,2,Finished,71,18.0
2014,8,bottas,williams,2,3,Finished,71,15.0
2014,8,massa,williams,1,4,Finished,71,12.0
2014,8,alonso,ferrari,4,5,Finished,71,10.0
2014,8,perez,force_india,15,6,Finished,71,8.0
2014,8,kevin_magnussen,mclaren,6,7,Finished,71,6.0
2014,8,ricciardo,red_bull,5,8,Finished,71,4.0
2014,8,hulkenberg,force_india,10,9,Finished,71,2.0
2014,8,raikkonen,ferrari,8,10,Finished,71,1.0
2014,8,button,mclaren,11,11,Finished,71,0.0
2014,8,maldonado,lotus_f1,13,12,+1 Lap,70,0.0
2014,8,sutil,sauber,16,13,+1 Lap,70,0.0
2014,8,grosjean,lotus_f1,22,14,+1 Lap,70,0.0
2014,8,jules_bianchi,marussia,18,15,+2 Laps,69,0.0
2014,8,kobayashi,caterham,19,16,+2 Laps,69,0.0
2014,8,chilton,marussia,21,17,+2 Laps,69,0.0
2014,8,ericsson,caterham,20,18,+2 Laps,69,0.0
2014,8,gutierrez,sauber,17,19,+2 Laps,69,0.0
2014,8,vergne,toro_rosso,14,20,Brakes,59,0.0
2014,8,vettel,red_bull,12,21,Electrical,34,0.0
2014,8,kvyat,toro_rosso,7,22,Suspension,24,0.0
2014,9,hamilton,mercedes,6,1,Finished,52,25.0
2014,9,bottas,williams,14,2,Finished,52,18.0
2014,9,ricciardo,red_bull,8,3,Finished,52,15.0
2014,9,button,mclaren,3,4,Finished,52,12.0
2014,9,vettel,red_bull,2,5,Finished,52,10.0
2014,9,alonso,ferrari,16,6,Finished,52,8.0
2014,9,kevin_magnussen,mclaren,5,7,Finished,52,6.0
2014,9,hulkenberg,force_india,4,8,Finished,52,4.0
2014,9,kvyat,toro_rosso,9,9,Finished,52,2.0
2014,9,vergne,toro_rosso,10,10,+1 Lap,51,1.0
2014,9,perez,force_india,7,11,+1 Lap,51,0.0
2014,9,grosjean,lotus_f1,11,12,+1 Lap,51,0.0
2014,9,sutil,sauber,13,13,+1 Lap,51,0.0
2014,9,jules_bianchi,marussia,12,14,+1 Lap,51,0.0
2014,9,kobayashi,caterham,22,15,+2 Laps,50,0.0
2014,9,chilton,marussia,17,16,+2 Laps,50,0.0
2014,9,maldonado,lotus_f1,20,17,+3 Laps,49,0.0
2014,9,rosberg,mercedes,1,18,Gearbox,28,0.0
2014,9,ericsson,caterham,21,19,Suspension,11,0.0
2014,9,gutierrez,sauber,19,20,Collision,9,0.0
2014,9,massa,williams,15,21,Collision,0,0.0
2014,9,raikkonen,ferrari,18,22,Collision,0,0.0
2014,10,rosberg,mercedes,1,1,Finished,67,25.0
2014,10,bottas,williams,2,2,Finished,67,18.0
2014,10,hamilton,mercedes,20,3,Finished,67,15.0
2014,10,vettel,red_bull,6,4,Finished,67,12.0
2014,10,alonso,ferrari,7,5,Finished,67,10.0
2014,10,ricciardo,red_bull,5,6,Finished,67,8.0
2014,10,hulkenberg,force_india,9,7,Finished,67,6.0
2014,10,button,mclaren,11,8,Finished,67,4.0
2014,10,kevin_magnussen,mclaren,4,9,+1 Lap,66,2.0
2014,10,perez,force_india,10,10,+1 Lap,66,1.0
2014,10,raikkonen,ferrari,12,11,+1 Lap,66,0.0
2014,10,maldonado,lotus_f1,18,12,+1 Lap,66,0.0
2014,10,vergne,toro_rosso,13,13,+1 Lap,66,0.0
2014,10,gutierrez,sauber,16,14,+1 Lap,66,0.0
2014,10,jules_bianchi,marussia,17,15,+1 Lap,66,0.0
2014,10,kobayashi,caterham,19,16,+2 Laps,65,0.0
2014,10,chilton,marussia,21,17,+2 Laps,65,0.0
2014,10,ericsson,caterham,22,18,+2 Laps,65,0.0
2014,10,sutil,sauber,15,19,Brakes,47,0.0
2014,10,kvyat,toro_rosso,8,20,Oil leak,44,0.0
2014,10,grosjean,lotus_f1,14,21,Water leak,26,0.0
2014,10,massa,williams,3,22,Collision,0,0.0
2014,11,ricciardo,red_bull,4,1,Finished,70,25.0
2014,11,alonso,ferrari,5,2,Finished,70,18.0
2014,11,hamilton,mercedes,22,3,Finished,70,15.0
2014,11,rosberg,mercedes,1,4,Finished,70,12.0
2014,11,massa,williams,6,5,Finished,70,10.0
2014,11,raikkonen,ferrari,16,6,Finished,70,8.0
2014,11,vettel,red_bull,2,7,Finished,70,6.0
2014,11,bottas,williams,3,8,Finished,70,4.0
2014,11,vergne,toro_rosso,8,9,Finished,70,2.0
2014,11,button,mclaren,7,10,Finished,70,1.0
2014,11,sutil,sauber,11,11,Finished,70,0.0
2014,11,kevin_magnussen,mclaren,21,12,Finished,70,0.0
2014,11,maldonado,lotus_f1,20,13,Finished,70,0.0
2014,11,kvyat,toro_rosso,10,14,+1 Lap,69,0.0
2014,11,jules_bianchi,marussia,15,15,+1 Lap,69,0.0
2014,11,chilton,marussia,18,16,+1 Lap,69,0.0
2014,11,gutierrez,sauber,13,17,Retired,33,0.0
2014,11,kobayashi,caterham,17,18,Retired,26,0.0
2014,11,perez,force_india,12,19,Accident,23,0.0
2014,11,hulkenberg,force_india,9,20,Accident,16,0.0
2014,11,grosjean,lotus_f1,14,21,Accident,11,0.0
2014,11,ericsson,caterham,19,22,Accident,8,0.0
2014,12,ricciardo,red_bull,5,1,Finished,44,25.0
2014,12,rosberg,mercedes,1,2,Finished,44,18.0
2014,12,bottas,williams,6,3,Finished,44,15.0
2014,12,raikkonen,ferrari,8,4,Finished,44,12.0
2014,12,vettel,red_bull,3,5,Finished,44,10.0
2014,12,button,mclaren,10,6,Finished,44,8.0
2014,12,alonso,ferrari,4,7,Finished,44,6.0
2014,12,perez,force_india,13,8,Finished,44,4.0
2014,12,kvyat,toro_rosso,11,9,Finished,44,2.0
2014,12,hulkenberg,force_india,18,10,Finished,44,1.0
2014,12,vergne,toro_rosso,12,11,Finished,44,0.0
2014,12,kevin_magnussen,mclaren,7,12,Finished,44,0.0
2014,12,massa,williams,9,13,Finished,44,0.0
2014,12,sutil,sauber,14,14,Finished,44,0.0
2014,12,gutierrez,sauber,20,15,Finished,44,0.0
2014,12,chilton,marussia,19,16,+1 Lap,43,0.0
2014,12,ericsson,caterham,22,17,+1 Lap,43,0.0
2014,12,jules_bianchi,marussia,16,18,Gearbox,39,0.0
2014,12,hamilton,mercedes,2,19,Retired,38,0.0
2014,12,grosjean,lotus_f1,15,20,Retired,33,0.0
2014,12,maldonado,lotus_f1,17,21,Mechanical,1,0.0
2014,12,lotterer,caterham,21,22,Power Unit,1,0.0
2014,13,hamilton,mercedes,1,1,Finished,53,25.0
2014,13,rosberg,mercedes,2,2,Finished,53,18.0
2014,13,massa,williams,4,3,Finished,53,15.0
2014,13,bottas,williams,3,4,Finished,53,12.0
2014,13,ricciardo,red_bull,9,5,Finished,53,10.0
2014,13,vettel,red_bull,8,6,Finished,53,8.0
2014,13,perez,force_india,10,7,Finished,53,6.0
2014,13,button,mclaren,6,8,Finished,53,4.0
2014,13,raikkonen,ferrari,11,9,Finished,53,2.0
2014,13,kevin_magnussen,mclaren,5,10,Finished,53,1.0
2014,13,kvyat,toro_rosso,21,11,Finished,53,0.0
2014,13,hulkenberg,force_india,13,12,Finished,53,0.0
2014,13,vergne,toro_rosso,12,13,Finished,53,0.0
2014,13,maldonado,lotus_f1,16,14,+1 Lap,52,0.0
2014,13,sutil,sauber,14,15,+1 Lap,52,0.0
2014,13,grosjean,lotus_f1,17,16,+1 Lap,52,0.0
2014,13,kobayashi,caterham,18,17,+1 Lap,52,0.0
2014,13,jules_bianchi,marussia,19,18,+1 Lap,52,0.0
2014,13,gutierrez,sauber,15,19,+2 Laps,51,0.0
2014,13,ericsson,caterham,22,20,+2 Laps,51,0.0
2014,13,alonso,ferrari,7,21,Engine,28,0.0
2014,13,chilton,marussia,20,22,Accident,5,0.0
2014,14,hamilton,mercedes,1,1,Finished,60,25.0
2014,14,vettel,red_bull,4,2,Finished,60,18.0
2014,14,ricciardo,red_bull,3,3,Finished,60,15.0
2014,14,alonso,ferrari,5,4,Finished,60,12.0
2014,14,massa,williams,6,5,Finished,60,10.0
2014,14,vergne,toro_rosso,12,6,Finished,60,8.0
2014,14,perez,force_india,15,7,Finished,60,6.0
2014,14,raikkonen,ferrari,7,8,Finished,60,4.0
2014,14,hulkenberg,force_india,13,9,Finished,60,2.0
2014,14,kevin_magnussen,mclaren,9,10,Finished,60,1.0
2014,14,bottas,williams,8,11,Finished,60,0.0
2014,14,maldonado,lotus_f1,18,12,Finished,60,0.0
2014,14,grosjean,lotus_f1,16,13,Finished,60,0.0
2014,14,kvyat,toro_rosso,10,14,Finished,60,0.0
2014,14,ericsson,caterham,22,15,Finished,60,0.0
2014,14,jules_bianchi,marussia,19,16,Finished,60,0.0
2014,14,chilton,marussia,21,17,+1 Lap,59,0.0
2014,14,button,mclaren,11,18,Retired,52,0.0
2014,14,sutil,sauber,17,19,Water pressure,40,0.0
2014,14,gutierrez,sauber,14,20,Electrical,17,0.0
2014,14,rosberg,mercedes,2,21,Electrical,13,0.0
2014,14,kobayashi,caterham,20,22,Power Unit,0,0.0
2014,15,hamilton,mercedes,2,1,Finished,44,25.0
2014,15,rosberg,mercedes,1,2,Finished,44,18.0
2014,15,vettel,red_bull,9,3,Finished,44,15.0
2014,15,ricciardo,red_bull,6,4,Finished,44,12.0
2014,15,button,mclaren,8,5,Finished,44,10.0
2014,15,bottas,williams,3,6,Finished,44,8.0
2014,15,massa,williams,4,7,Finished,44,6.0
2014,15,hulkenberg,force_india,13,8,Finished,44,4.0
2014,15,vergne,toro_rosso,20,9,Finished,44,2.0
2014,15,perez,force_india,11,10,+1 Lap,43,1.0
2014,15,kvyat,toro_rosso,12,11,+1 Lap,43,0.0
2014,15,raikkonen,ferrari,10,12,+1 Lap,43,0.0
2014,15,gutierrez,sauber,15,13,+1 Lap,43,0.0
2014,15,kevin_magnussen,mclaren,7,14,+1 Lap,43,0.0
2014,15,grosjean,lotus_f1,16,15,+1 Lap,43,0.0
2014,15,maldonado,lotus_f1,22,16,+1 Lap,43,0.0
2014,15,ericsson,caterham,17,17,+1 Lap,43,0.0
2014,15,chilton,marussia,21,18,+1 Lap,43,0.0
2014,15,kobayashi,caterham,19,19,+1 Lap,43,0.0
2014,15,jules_bianchi,marussia,18,20,Accident,41,0.0
2014,15,sutil,sauber,14,21,Accident,40,0.0
2014,15,alonso,ferrari,5,22,Electronics,2,0.0
2014,16,hamilton,mercedes,1,1,Finished,53,25.0
2014,16,rosberg,mercedes,2,2,Finished,53,18.0
2014,16,bottas,williams,3,3,Finished,53,15.0
2014,16,button,mclaren,4,4,Finished,53,12.0
2014,16,kevin_magnussen,mclaren,11,5,Finished,53,10.0
2014,16,alonso,ferrari,7,6,Finished,53,8.0
2014,16,ricciardo,red_bull,6,7,Finished,53,6.0
2014,16,vettel,red_bull,10,8,Finished,53,4.0
2014,16,raikkonen,ferrari,8,9,Finished,53,2.0
2014,16,perez,force_india,12,10,Finished,53,1.0
2014,16,massa,williams,18,11,Finished,53,0.0
2014,16,hulkenberg,force_india,17,12,Finished,53,0.0
2014,16,vergne,toro_rosso,9,13,Finished,53,0.0
2014,16,kvyat,toro_rosso,5,14,+1 Lap,52,0.0
2014,16,gutierrez,sauber,13,15,+1 Lap,52,0.0
2014,16,sutil,sauber,14,16,+1 Lap,52,0.0
2014,16,grosjean,lotus_f1,15,17,+1 Lap,52,0.0
2014,16,maldonado,lotus_f1,21,18,+1 Lap,52,0.0
2014,16,ericsson,caterham,16,19,+2 Laps,51,0.0
2014,16,kobayashi,caterham,19,20,Brakes,21,0.0
2014,16,chilton,marussia,20,21,Suspension,9,0.0
2014,17,hamilton,mercedes,2,1,Finished,56,25.0
2014,17,rosberg,mercedes,1,2,Finished,56,18.0
2014,17,ricciardo,red_bull,5,3,Finished,56,15.0
2014,17,massa,williams,4,4,Finished,56,12.0
2014,17,bottas,williams,3,5,Finished,56,10.0
2014,17,alonso,ferrari,6,6,Finished,56,8.0
2014,17,vettel,red_bull,18,7,Finished,56,6.0
2014,17,kevin_magnussen,mclaren,7,8,Finished,56,4.0
2014,17,maldonado,lotus_f1,10,9,Finished,56,2.0
2014,17,vergne,toro_rosso,14,10,Finished,56,1.0
2014,17,grosjean,lotus_f1,16,11,+1 Lap,55,0.0
2014,17,button,mclaren,12,12,+1 Lap,55,0.0
2014,17,raikkonen,ferrari,8,13,+1 Lap,55,0.0
2014,17,gutierrez,sauber,15,14,+1 Lap,55,0.0
2014,17,kvyat,toro_rosso,17,15,+1 Lap,55,0.0
2014,17,hulkenberg,force_india,13,16,Engine,16,0.0
2014,17,perez,force_india,11,17,Collision damage,1,0.0
2014,17,sutil,sauber,9,18,Collision,0,0.0
2014,18,rosberg,mercedes,1,1,Finished,71,25.0
2014,18,hamilton,mercedes,2,2,Finished,71,18.0
2014,18,massa,williams,3,3,Finished,71,15.0
2014,18,button,mclaren,5,4,Finished,71,12.0
2014,18,vettel,red_bull,6,5,Finished,71,10.0
2014,18,alonso,ferrari,8,6,Finished,71,8.0
2014,18,raikkonen,ferrari,10,7,Finished,71,6.0
2014,18,hulkenberg,force_india,12,8,Finished,71,4.0
2014,18,kevin_magnussen,mclaren,7,9,Finished,71,2.0
2014,18,bottas,williams,4,10,+1 Lap,70,1.0
2014,18,kvyat,toro_rosso,17,11,+1 Lap,70,0.0
2014,18,maldonado,lotus_f1,16,12,+1 Lap,70,0.0
2014,18,vergne,toro_rosso,15,13,+1 Lap,70,0.0
2014,18,gutierrez,sauber,11,14,+1 Lap,70,0.0
2014,18,perez,force_india,18,15,+1 Lap,70,0.0
2014,18,sutil,sauber,13,16,+1 Lap,70,0.0
2014,18,grosjean,lotus_f1,14,17,+8 Laps,63,0.0
2014,18,ricciardo,red_bull,9,18,Suspension,39,0.0
2014,19,hamilton,mercedes,2,1,Finished,55,50.0
2014,19,massa,williams,4,2,Finished,55,36.0
2014,19,bottas,williams,3,3,Finished,55,30.0
2014,19,ricciardo,red_bull,20,4,Finished,55,24.0
2014,19,button,mclaren,6,5,Finished,55,20.0
2014,19,hulkenberg,force_india,12,6,Finished,55,16.0
2014,19,perez,force_india,11,7,Finished,55,12.0
2014,19,vettel,red_bull,19,8,Finished,55,8.0
2014,19,alonso,ferrari,8,9,Finished,55,4.0
2014,19,raikkonen,ferrari,7,10,Finished,55,2.0
2014,19,kevin_magnussen,mclaren,9,11,Finished,55,0.0
2014,19,vergne,toro_rosso,10,12,Finished,55,0.0
2014,19,grosjean,lotus_f1,18,13,+1 Lap,54,0.0
2014,19,rosberg,mercedes,1,14,+1 Lap,54,0.0
2014,19,gutierrez,sauber,14,15,+1 Lap,54,0.0
2014,19,sutil,sauber,13,16,+1 Lap,54,0.0
2014,19,stevens,caterham,17,17,+1 Lap,54,0.0
2014,19,kobayashi,caterham,16,18,Retired,42,0.0
2014,19,maldonado,lotus_f1,15,19,Power Unit,26,0.0
2014,19,kvyat,toro_rosso,5,20,Power Unit,14,0.0
2015,1,hamilton,mercedes,1,1,Finished,58,25.0
2015,1,rosberg,mercedes,2,2,Finished,58,18.0
2015,1,vettel,ferrari,4,3,Finished,58,15.0
2015,1,massa,williams,3,4,Finished,58,12.0
2015,1,nasr,sauber,10,5,Finished,58,10.0
2015,1,ricciardo,red_bull,6,6,+1 Lap,57,8.0
2015,1,hulkenberg,force_india,13,7,+1 Lap,57,6.0
2015,1,ericsson,sauber,15,8,+1 Lap,57,4.0
2015,1,sainz,toro_rosso,7,9,+1 Lap,57,2.0
2015,1,perez,force_india,14,10,+1 Lap,57,1.0
2015,1,button,mclaren,16,11,+2 Laps,56,0.0
2015,1,raikkonen,ferrari,5,12,Wheel,40,0.0
2015,1,max_verstappen,toro_rosso,11,13,Engine,32,0.0
2015,1,grosjean,lotus_f1,8,14,Power loss,0,0.0
2015,1,maldonado,lotus_f1,9,15,Accident,0,0.0
2015,1,kvyat,red_bull,12,16,Withdrew,0,0.0
2015,1,kevin_magnussen,mclaren,17,17,Withdrew,0,0.0
2015,1,bottas,williams,0,18,Withdrew,0,0.0
2015,2,vettel,ferrari,2,1,Finished,56,25.0
2015,2,hamilton,mercedes,1,2,Finished,56,18.0
2015,2,rosberg,mercedes,3,3,Finished,56,15.0
2015,2,raikkonen,ferrari,11,4,Finished,56,12.0
2015,2,bottas,williams,8,5,Finished,56,10.0
2015,2,massa,williams,7,6,Finished,56,8.0
2015,2,max_verstappen,toro_rosso,6,7,Finished,56,6.0
2015,2,sainz,toro_rosso,15,8,+1 Lap,55,4.0
2015,2,kvyat,red_bull,5,9,+1 Lap,55,2.0
2015,2,ricciardo,red_bull,4,10,+1 Lap,55,1.0
2015,2,grosjean,lotus_f1,10,11,+1 Lap,55,0.0
2015,2,nasr,sauber,16,12,+1 Lap,55,0.0
2015,2,perez,force_india,14,13,+1 Lap,55,0.0
2015,2,hulkenberg,force_india,13,14,+1 Lap,55,0.0
2015,2,merhi,manor,19,15,+3 Laps,53,0.0
2015,2,maldonado,lotus_f1,12,16,Retired,47,0.0
2015,2,button,mclaren,17,17,Turbo,41,0.0
2015,2,alonso,mclaren,18,18,ERS,21,0.0
2015,2,ericsson,sauber,9,19,Spun off,3,0.0
2015,2,stevens,manor,0,20,Fuel system,0,0.0
2015,3,hamilton,mercedes,1,1,Finished,56,25.0
2015,3,rosberg,mercedes,2,2,Finished,56,18.0
2015,3,vettel,ferrari,3,3,Finished,56,15.0
2015,3,raikkonen,ferrari,6,4,Finished,56,12.0
2015,3,massa,williams,4,5,Finished,56,10.0
2015,3,bottas,williams,5,6,Finished,56,8.0
2015,3,grosjean,lotus_f1,8,7,Finished,56,6.0
2015,3,nasr,sauber,9,8,Finished,56,4.0
2015,3,ricciardo,red_bull,7,9,Finished,56,2.0
2015,3,ericsson,sauber,10,10,+1 Lap,55,1.0
2015,3,perez,force_india,15,11,+1 Lap,55,0.0
2015,3,alonso,mclaren,18,12,+1 Lap,55,0.0
2015,3,sainz,toro_rosso,14,13,+1 Lap,55,0.0
2015,3,button,mclaren,17,14,+1 Lap,55,0.0
2015,3,stevens,manor,19,15,+2 Laps,54,0.0
2015,3,merhi,manor,20,16,+2 Laps,54,0.0
2015,3,max_verstappen,toro_rosso,13,17,Transmission,52,0.0
2015,3,maldonado,lotus_f1,11,18,Brakes,49,0.0
2015,3,kvyat,red_bull,12,19,Power Unit,15,0.0
2015,3,hulkenberg,force_india,16,20,Gearbox,9,0.0
2015,4,hamilton,mercedes,1,1,Finished,57,25.0
2015,4,raikkonen,ferrari,4,2,Finished,57,18.0
2015,4,rosberg,mercedes,3,3,Finished,57,15.0
2015,4,bottas,williams,5,4,Finished,57,12.0
2015,4,vettel,ferrari,2,5,Finished,57,10.0
2015,4,ricciardo,red_bull,7,6,Finished,57,8.0
2015,4,grosjean,lotus_f1,10,7,Finished,57,6.0
2015,4,perez,force_india,11,8,+1 Lap,56,4.0
2015,4,kvyat,red_bull,17,9,+1 Lap,56,2.0
2015,4,massa,williams,6,10,+1 Lap,56,1.0
2015,4,alonso,mclaren,14,11,+1 Lap,56,0.0
2015,4,nasr,sauber,12,12,+1 Lap,56,0.0
2015,4,hulkenberg,force_india,8,13,+1 Lap,56,0.0
2015,4,ericsson,sauber,13,14,+1 Lap,56,0.0
2015,4,maldonado,lotus_f1,16,15,+1 Lap,56,0.0
2015,4,stevens,manor,18,16,+2 Laps,55,0.0
2015,4,merhi,manor,19,17,+3 Laps,54,0.0
2015,4,max_verstappen,toro_rosso,15,18,Electrical,34,0.0
2015,4,sainz,toro_rosso,9,19,Engine,29,0.0
2015,4,button,mclaren,20,20,ERS,0,0.0
2015,5,rosberg,mercedes,1,1,Finished,66,25.0
2015,5,hamilton,mercedes,2,2,Finished,66,18.0
2015,5,vettel,ferrari,3,3,Finished,66,15.0
2015,5,bottas,williams,4,4,Finished,66,12.0
2015,5,raikkonen,ferrari,7,5,Finished,66,10.0
2015,5,massa,williams,9,6,Finished,66,8.0
2015,5,ricciardo,red_bull,10,7,+1 Lap,65,6.0
2015,5,grosjean,lotus_f1,11,8,+1 Lap,65,4.0
2015,5,sainz,toro_rosso,5,9,+1 Lap,65,2.0
2015,5,kvyat,red_bull,8,10,+1 Lap,65,1.0
2015,5,max_verstappen,toro_rosso,6,11,+1 Lap,65,0.0
2015,5,nasr,sauber,15,12,+1 Lap,65,0.0
2015,5,perez,force_india,18,13,+1 Lap,65,0.0
2015,5,ericsson,sauber,16,14,+1 Lap,65,0.0
2015,5,hulkenberg,force_india,17,15,+1 Lap,65,0.0
2015,5,button,mclaren,14,16,+1 Lap,65,0.0
2015,5,stevens,manor,19,17,+3 Laps,63,0.0
2015,5,merhi,manor,20,18,+4 Laps,62,0.0
2015,5,maldonado,lotus_f1,12,19,Accident,45,0.0
2015,5,alonso,mclaren,13,20,Brakes,26,0.0
2015,6,rosberg,mercedes,2,1,Finished,78,25.0
2015,6,vettel,ferrari,3,2,Finished,78,18.0
2015,6,hamilton,mercedes,1,3,Finished,78,15.0
2015,6,kvyat,red_bull,5,4,Finished,78,12.0
2015,6,ricciardo,red_bull,4,5,Finished,78,10.0
2015,6,raikkonen,ferrari,6,6,Finished,78,8.0
2015,6,perez,force_india,7,7,Finished,78,6.0
2015,6,button,mclaren,10,8,Finished,78,4.0
2015,6,nasr,sauber,14,9,Finished,78,2.0
2015,6,sainz,toro_rosso,0,10,Finished,78,1.0
2015,6,hulkenberg,force_india,11,11,Finished,78,0.0
2015,6,grosjean,lotus_f1,15,12,Finished,78,0.0
2015,6,ericsson,sauber,17,13,Finished,78,0.0
2015,6,bottas,williams,16,14,Finished,78,0.0
2015,6,massa,williams,12,15,+1 Lap,77,0.0
2015,6,merhi,manor,19,16,+2 Laps,76,0.0
2015,6,stevens,manor,18,17,+2 Laps,76,0.0
2015,6,max_verstappen,toro_rosso,9,18,Accident,62,0.0
2015,6,alonso,mclaren,13,19,Gearbox,41,0.0
2015,6,maldonado,lotus_f1,8,20,Brakes,5,0.0
2015,7,hamilton,mercedes,1,1,Finished,70,25.0
2015,7,rosberg,mercedes,2,2,Finished,70,18.0
2015,7,bottas,williams,4,3,Finished,70,15.0
2015,7,raikkonen,ferrari,3,4,Finished,70,12.0
2015,7,vettel,ferrari,18,5,Finished,70,10.0
2015,7,massa,williams,15,6,Finished,70,8.0
2015,7,maldonado,lotus_f1,6,7,Finished,70,6.0
2015,7,hulkenberg,force_india,7,8,+1 Lap,69,4.0
2015,7,kvyat,red_bull,8,9,+1 Lap,69,2.0
2015,7,grosjean,lotus_f1,5,10,+1 Lap,69,1.0
2015,7,perez,force_india,10,11,+1 Lap,69,0.0
2015,7,sainz,toro_rosso,11,12,+1 Lap,69,0.0
2015,7,ricciardo,red_bull,9,13,+1 Lap,69,0.0
2015,7,ericsson,sauber,12,14,+1 Lap,69,0.0
2015,7,max_verstappen,toro_rosso,19,15,+1 Lap,69,0.0
2015,7,nasr,sauber,14,16,+2 Laps,68,0.0
2015,7,stevens,manor,17,17,+4 Laps,66,0.0
2015,7,merhi,manor,16,18,Retired,57,0.0
2015,7,button,mclaren,20,19,Retired,54,0.0
2015,7,alonso,mclaren,13,20,Engine,44,0.0
2015,8,rosberg,mercedes,2,1,Finished,71,25.0
2015,8,hamilton,mercedes,1,2,Finished,71,18.0
2015,8,massa,williams,4,3,Finished,71,15.0
2015,8,vettel,ferrari,3,4,Finished,71,12.0
2015,8,bottas,williams,6,5,Finished,71,10.0
2015,8,hulkenberg,force_india,5,6,Finished,71,8.0
2015,8,maldonado,lotus_f1,10,7,+1 Lap,70,6.0
2015,8,max_verstappen,toro_rosso,7,8,+1 Lap,70,4.0
2015,8,perez,force_india,13,9,+1 Lap,70,2.0
2015,8,ricciardo,red_bull,18,10,+1 Lap,70,1.0
2015,8,nasr,sauber,8,11,+1 Lap,70,0.0
2015,8,kvyat,red_bull,15,12,+1 Lap,70,0.0
2015,8,ericsson,sauber,11,13,+2 Laps,69,0.0
2015,8,merhi,manor,16,14,+3 Laps,68,0.0
2015,8,grosjean,lotus_f1,9,15,Gearbox,35,0.0
2015,8,sainz,toro_rosso,12,16,Power loss,35,0.0
2015,8,button,mclaren,20,17,Retired,8,0.0
2015,8,stevens,manor,17,18,Oil leak,1,0.0
2015,8,raikkonen,ferrari,14,19,Collision,0,0.0
2015,8,alonso,mclaren,19,20,Collision,0,0.0
2015,9,hamilton,mercedes,1,1,Finished,52,25.0
2015,9,rosberg,mercedes,2,2,Finished,52,18.0
2015,9,vettel,ferrari,6,3,Finished,52,15.0
2015,9,massa,williams,3,4,Finished,52,12.0
2015,9,bottas,williams,4,5,Finished,52,10.0
2015,9,kvyat,red_bull,7,6,Finished,52,8.0
2015,9,hulkenberg,force_india,9,7,Finished,52,6.0
2015,9,raikkonen,ferrari,5,8,+1 Lap,51,4.0
2015,9,perez,force_india,11,9,+1 Lap,51,2.0
2015,9,alonso,mclaren,17,10,+1 Lap,51,1.0
2015,9,ericsson,sauber,15,11,+1 Lap,51,0.0
2015,9,merhi,manor,20,12,+3 Laps,49,0.0
2015,9,stevens,manor,19,13,+3 Laps,49,0.0
2015,9,sainz,toro_rosso,8,14,Electrical,31,0.0
2015,9,ricciardo,red_bull,10,15,Electrical,21,0.0
2015,9,max_verstappen,toro_rosso,13,16,Spun off,3,0.0
2015,9,grosjean,lotus_f1,12,17,Collision,0,0.0
2015,9,maldonado,lotus_f1,14,18,Collision,0,0.0
2015,9,button,mclaren,18,19,Collision,0,0.0
2015,9,nasr,sauber,16,20,Gearbox,0,0.0
2015,10,vettel,ferrari,3,1,Finished,69,25.0
2015,10,kvyat,red_bull,7,2,Finished,69,18.0
2015,10,ricciardo,red_bull,4,3,Finished,69,15.0
2015,10,max_verstappen,toro_rosso,9,4,Finished,69,12.0
2015,10,alonso,mclaren,15,5,Finished,69,10.0
2015,10,hamilton,mercedes,1,6,Finished,69,8.0
2015,10,grosjean,lotus_f1,10,7,Finished,69,6.0
2015,10,rosberg,mercedes,2,8,Finished,69,4.0
2015,10,button,mclaren,16,9,Finished,69,2.0
2015,10,ericsson,sauber,17,10,Finished,69,1.0
2015,10,nasr,sauber,18,11,Finished,69,0.0
2015,10,massa,williams,8,12,Finished,69,0.0
2015,10,bottas,williams,6,13,Finished,69,0.0
2015,10,maldonado,lotus_f1,14,14,Finished,69,0.0
2015,10,merhi,manor,19,15,+2 Laps,67,0.0
2015,10,stevens,manor,20,16,+4 Laps,65,0.0
2015,10,sainz,toro_rosso,12,17,Electrical,60,0.0
2015,10,raikkonen,ferrari,5,18,Power Unit,55,0.0
2015,10,perez,force_india,13,19,Suspension,53,0.0
2015,10,hulkenberg,force_india,11,20,Front wing,41,0.0
2015,11,hamilton,mercedes,1,1,Finished,43,25.0
2015,11,rosberg,mercedes,2,2,Finished,43,18.0
2015,11,grosjean,lotus_f1,9,3,Finished,43,15.0
2015,11,kvyat,red_bull,12,4,Finished,43,12.0
2015,11,perez,force_india,4,5,Finished,43,10.0
2015,11,massa,williams,6,6,Finished,43,8.0
2015,11,raikkonen,ferrari,16,7,Finished,43,6.0
2015,11,max_verstappen,toro_rosso,18,8,Finished,43,4.0
2015,11,bottas,williams,3,9,Power Unit,43,2.0
2015,11,ericsson,sauber,13,10,Finished,43,1.0
2015,11,nasr,sauber,14,11,Finished,43,0.0
2015,11,vettel,ferrari,8,12,Tyre,42,0.0
2015,11,alonso,mclaren,20,13,+1 Lap,42,0.0
2015,11,button,mclaren,19,14,+1 Lap,42,0.0
2015,11,merhi,manor,17,15,+1 Lap,42,0.0
2015,11,stevens,manor,15,16,+1 Lap,42,0.0
2015,11,sainz,toro_rosso,10,17,Power Unit,32,0.0
2015,11,ricciardo,red_bull,5,18,Power Unit,19,0.0
2015,11,maldonado,lotus_f1,7,19,Engine,2,0.0
2015,11,hulkenberg,force_india,11,20,Power loss,0,0.0
2015,12,hamilton,mercedes,1,1,Finished,53,25.0
2015,12,vettel,ferrari,3,2,Finished,53,18.0
2015,12,massa,williams,5,3,Finished,53,15.0
2015,12,bottas,williams,6,4,Finished,53,12.0
2015,12,raikkonen,ferrari,2,5,Finished,53,10.0
2015,12,perez,force_india,7,6,Finished,53,8.0
2015,12,hulkenberg,force_india,9,7,+1 Lap,52,6.0
2015,12,ricciardo,red_bull,19,8,+1 Lap,52,4.0
2015,12,ericsson,sauber,12,9,+1 Lap,52,2.0
2015,12,kvyat,red_bull,18,10,+1 Lap,52,1.0
2015,12,sainz,toro_rosso,17,11,+1 Lap,52,0.0
2015,12,max_verstappen,toro_rosso,20,12,+1 Lap,52,0.0
2015,12,nasr,sauber,17,13,+1 Lap,52,0.0
2015,12,button,mclaren,15,14,+1 Lap,52,0.0
2015,12,stevens,manor,13,15,+2 Laps,51,0.0
2015,12,merhi,manor,14,16,+2 Laps,51,0.0
2015,12,rosberg,mercedes,4,17,+3 Laps,50,0.0
2015,12,alonso,mclaren,16,18,+6 Laps,47,0.0
2015,12,grosjean,lotus_f1,8,19,Collision damage,1,0.0
2015,12,maldonado,lotus_f1,10,20,Collision damage,1,0.0
2015,13,vettel,ferrari,1,1,Finished,61,25.0
2015,13,ricciardo,red_bull,2,2,Finished,61,18.0
2015,13,raikkonen,ferrari,3,3,Finished,61,15.0
2015,13,rosberg,mercedes,6,4,Finished,61,12.0
2015,13,bottas,williams,7,5,Finished,61,10.0
2015,13,kvyat,red_bull,4,6,Finished,61,8.0
2015,13,perez,force_india,13,7,Finished,61,6.0
2015,13,max_verstappen,toro_rosso,8,8,Finished,61,4.0
2015,13,sainz,toro_rosso,14,9,Finished,61,2.0
2015,13,nasr,sauber,16,10,Finished,61,1.0
2015,13,ericsson,sauber,17,11,Finished,61,0.0
2015,13,maldonado,lotus_f1,18,12,Finished,61,0.0
2015,13,grosjean,lotus_f1,10,13,Tyre,59,0.0
2015,13,rossi,manor,20,14,+2 Laps,59,0.0
2015,13,stevens,manor,19,15,+2 Laps,59,0.0
2015,13,button,mclaren,15,16,Gearbox,52,0.0
2015,13,alonso,mclaren,12,17,Gearbox,33,0.0
2015,13,hamilton,mercedes,5,18,Throttle,32,0.0
2015,13,massa,williams,9,19,Gearbox,30,0.0
2015,13,hulkenberg,force_india,11,20,Collision,12,0.0
2015,14,hamilton,mercedes,2,1,Finished,53,25.0
2015,14,rosberg,mercedes,1,2,Finished,53,18.0
2015,14,vettel,ferrari,4,3,Finished,53,15.0
2015,14,raikkonen,ferrari,6,4,Finished,53,12.0
2015,14,bottas,williams,3,5,Finished,53,10.0
2015,14,hulkenberg,force_india,13,6,Finished,53,8.0
2015,14,grosjean,lotus_f1,8,7,Finished,53,6.0
2015,14,maldonado,lotus_f1,11,8,Finished,53,4.0
2015,14,max_verstappen,toro_rosso,17,9,Finished,53,2.0
2015,14,sainz,toro_rosso,10,10,+1 Lap,52,1.0
2015,14,alonso,mclaren,12,11,+1 Lap,52,0.0
2015,14,perez,force_india,9,12,+1 Lap,52,0.0
2015,14,kvyat,red_bull,20,13,+1 Lap,52,0.0
2015,14,ericsson,sauber,15,14,+1 Lap,52,0.0
2015,14,ricciardo,red_bull,7,15,+1 Lap,52,0.0
2015,14,button,mclaren,14,16,+1 Lap,52,0.0
2015,14,massa,williams,5,17,+2 Laps,51,0.0
2015,14,rossi,manor,19,18,+2 Laps,51,0.0
2015,14,stevens,manor,18,19,+3 Laps,50,0.0
2015,14,nasr,sauber,16,20,Retired,49,0.0
2015,15,hamilton,mercedes,2,1,Finished,53,25.0
2015,15,vettel,ferrari,4,2,Finished,53,18.0
2015,15,perez,force_india,7,3,Finished,53,15.0
2015,15,massa,williams,15,4,Finished,53,12.0
2015,15,kvyat,red_bull,11,5,Finished,53,10.0
2015,15,nasr,sauber,12,6,Finished,53,8.0
2015,15,maldonado,lotus_f1,14,7,Finished,53,6.0
2015,15,raikkonen,ferrari,5,8,Finished,53,4.0
2015,15,button,mclaren,13,9,Finished,53,2.0
2015,15,max_verstappen,toro_rosso,9,10,Finished,53,1.0
2015,15,alonso,mclaren,19,11,Finished,53,0.0
2015,15,bottas,williams,3,12,Collision,52,0.0
2015,15,merhi,manor,18,13,+1 Lap,52,0.0
2015,15,stevens,manor,17,14,+2 Laps,51,0.0
2015,15,ricciardo,red_bull,10,15,Suspension,47,0.0
2015,15,sainz,toro_rosso,20,16,Brakes,45,0.0
2015,15,grosjean,lotus_f1,8,17,Accident,11,0.0
2015,15,rosberg,mercedes,1,18,Throttle,7,0.0
2015,15,hulkenberg,force_india,6,19,Collision,0,0.0
2015,15,ericsson,sauber,17,20,Collision,0,0.0
2015,16,hamilton,mercedes,2,1,Finished,56,25.0
2015,16,rosberg,mercedes,1,2,Finished,56,18.0
2015,16,vettel,ferrari,13,3,Finished,56,15.0
2015,16,max_verstappen,toro_rosso,8,4,Finished,56,12.0
2015,16,perez,force_india,5,5,Finished,56,10.0
2015,16,button,mclaren,11,6,Finished,56,8.0
2015,16,sainz,toro_rosso,20,7,Finished,56,6.0
2015,16,maldonado,lotus_f1,12,8,Finished,56,4.0
2015,16,nasr,sauber,15,9,Finished,56,2.0
2015,16,ricciardo,red_bull,3,10,Finished,56,1.0
2015,16,alonso,mclaren,9,11,Finished,56,0.0
2015,16,rossi,manor,17,12,Finished,56,0.0
2015,16,kvyat,red_bull,4,13,Accident,41,0.0
2015,16,hulkenberg,force_india,6,14,Accident,35,0.0
2015,16,ericsson,sauber,14,15,Retired,25,0.0
2015,16,raikkonen,ferrari,18,16,Brake duct,25,0.0
2015,16,massa,williams,7,17,Retired,23,0.0
2015,16,grosjean,lotus_f1,10,18,Retired,10,0.0
2015,16,bottas,williams,16,19,Retired,5,0.0
2015,16,stevens,manor,19,20,Retired,1,0.0
2015,17,rosberg,mercedes,1,1,Finished,71,25.0
2015,17,hamilton,mercedes,2,2,Finished,71,18.0
2015,17,bottas,williams,6,3,Finished,71,15.0
2015,17,kvyat,red_bull,4,4,Finished,71,12.0
2015,17,ricciardo,red_bull,5,5,Finished,71,10.0
2015,17,massa,williams,7,6,Finished,71,8.0
2015,17,hulkenberg,force_india,10,7,Finished,71,6.0
2015,17,perez,force_india,9,8,Finished,71,4.0
2015,17,max_verstappen,toro_rosso,8,9,Finished,71,2.0
2015,17,grosjean,lotus_f1,12,10,Finished,71,1.0
2015,17,maldonado,lotus_f1,13,11,Finished,71,0.0
2015,17,ericsson,sauber,14,12,Finished,71,0.0
2015,17,sainz,toro_rosso,11,13,Finished,71,0.0
2015,17,button,mclaren,20,14,Finished,71,0.0
2015,17,rossi,manor,16,15,+2 Laps,69,0.0
2015,17,stevens,manor,17,16,+2 Laps,69,0.0
2015,17,nasr,sauber,15,17,Brakes,57,0.0
2015,17,vettel,ferrari,3,18,Accident,50,0.0
2015,17,raikkonen,ferrari,19,19,Collision,21,0.0
2015,17,alonso,mclaren,18,20,Retired,1,0.0
2015,18,rosberg,mercedes,1,1,Finished,71,25.0
2015,18,hamilton,mercedes,2,2,Finished,71,18.0
2015,18,vettel,ferrari,3,3,Finished,71,15.0
2015,18,raikkonen,ferrari,4,4,Finished,71,12.0
2015,18,bottas,williams,7,5,+1 Lap,70,10.0
2015,18,hulkenberg,force_india,5,6,+1 Lap,70,8.0
2015,18,kvyat,red_bull,6,7,+1 Lap,70,6.0
2015,18,grosjean,lotus_f1,14,8,+1 Lap,70,4.0
2015,18,max_verstappen,toro_rosso,9,9,+1 Lap,70,2.0
2015,18,maldonado,lotus_f1,15,10,+1 Lap,70,1.0
2015,18,ricciardo,red_bull,19,11,+1 Lap,70,0.0
2015,18,perez,force_india,11,12,+1 Lap,70,0.0
2015,18,nasr,sauber,13,13,+1 Lap,70,0.0
2015,18,button,mclaren,16,14,+1 Lap,70,0.0
2015,18,alonso,mclaren,20,15,+1 Lap,70,0.0
2015,18,ericsson,sauber,12,16,+2 Laps,69,0.0
2015,18,stevens,manor,18,17,+4 Laps,67,0.0
2015,18,rossi,manor,17,18,+4 Laps,67,0.0
2015,18,sainz,toro_rosso,10,19,Retired,0,0.0
2015,18,massa,williams,8,20,Excluded,70,0.0
2015,19,rosberg,mercedes,1,1,Finished,55,25.0
2015,19,hamilton,mercedes,2,2,Finished,55,18.0
2015,19,raikkonen,ferrari,3,3,Finished,55,15.0
2015,19,vettel,ferrari,15,4,Finished,55,12.0
2015,19,perez,force_india,4,5,Finished,55,10.0
2015,19,ricciardo,red_bull,5,6,Finished,55,8.0
2015,19,hulkenberg,force_india,7,7,Finished,55,6.0
2015,19,massa,williams,8,8,Finished,55,4.0
2015,19,grosjean,lotus_f1,18,9,Finished,55,2.0
2015,19,kvyat,red_bull,9,10,Finished,55,1.0
2015,19,sainz,toro_rosso,10,11,Finished,55,0.0
2015,19,button,mclaren,12,12,+1 Lap,54,0.0
2015,19,bottas,williams,6,13,+1 Lap,54,0.0
2015,19,ericsson,sauber,17,14,+1 Lap,54,0.0
2015,19,nasr,sauber,14,15,+1 Lap,54,0.0
2015,19,max_verstappen,toro_rosso,11,16,+1 Lap,54,0.0
2015,19,alonso,mclaren,16,17,+2 Laps,53,0.0
2015,19,stevens,manor,19,18,+2 Laps,53,0.0
2015,19,merhi,manor,20,19,+3 Laps,52,0.0
2015,19,maldonado,lotus_f1,13,20,Collision,0,0.0
2016,1,rosberg,mercedes,2,1,Finished,57,25.0
2016,1,hamilton,mercedes,1,2,Finished,57,18.0
2016,1,vettel,ferrari,3,3,Finished,57,15.0
2016,1,ricciardo,red_bull,8,4,Finished,57,12.0
2016,1,massa,williams,6,5,Finished,57,10.0
2016,1,grosjean,haas,19,6,Finished,57,8.0
2016,1,hulkenberg,force_india,10,7,Finished,57,6.0
2016,1,bottas,williams,16,8,Finished,57,4.0
2016,1,sainz,toro_rosso,7,9,Finished,57,2.0
2016,1,max_verstappen,toro_rosso,5,10,Finished,57,1.0
2016,1,jolyon_palmer,renault,13,11,Finished,57,0.0
2016,1,kevin_magnussen,renault,14,12,Finished,57,0.0
2016,1,perez,force_india,9,13,Finished,57,0.0
2016,1,button,mclaren,12,14,+1 Lap,56,0.0
2016,1,nasr,sauber,17,15,+1 Lap,56,0.0
2016,1,wehrlein,manor,21,16,+1 Lap,56,0.0
2016,1,ericsson,sauber,15,17,Engine,38,0.0
2016,1,raikkonen,ferrari,4,18,Engine,21,0.0
2016,1,haryanto,manor,22,19,Mechanical,17,0.0
2016,1,gutierrez,haas,20,20,Collision,16,0.0
2016,1,alonso,mclaren,11,21,Collision,16,0.0
2016,1,kvyat,red_bull,18,22,Retired,0,0.0
2016,2,rosberg,mercedes,2,1,Finished,57,25.0
2016,2,raikkonen,ferrari,4,2,Finished,57,18.0
2016,2,hamilton,mercedes,1,3,Finished,57,15.0
2016,2,ricciardo,red_bull,5,4,Finished,57,12.0
2016,2,grosjean,haas,9,5,Finished,57,10.0
2016,2,max_verstappen,toro_rosso,10,6,Finished,57,8.0
2016,2,kvyat,red_bull,15,7,+1 Lap,56,6.0
2016,2,massa,williams,7,8,+1 Lap,56,4.0
2016,2,bottas,williams,6,9,+1 Lap,56,2.0
2016,2,vandoorne,mclaren,12,10,+1 Lap,56,1.0
2016,2,kevin_magnussen,renault,22,11,+1 Lap,56,0.0
2016,2,ericsson,sauber,17,12,+1 Lap,56,0.0
2016,2,wehrlein,manor,16,13,+1 Lap,56,0.0
2016,2,nasr,sauber,21,14,+1 Lap,56,0.0
2016,2,hulkenberg,force_india,8,15,+1 Lap,56,0.0
2016,2,perez,force_india,18,16,+1 Lap,56,0.0
2016,2,haryanto,manor,20,17,+1 Lap,56,0.0
2016,2,sainz,toro_rosso,11,18,Retired,29,0.0
2016,2,gutierrez,haas,13,19,Retired,9,0.0
2016,2,button,mclaren,14,20,Power Unit,6,0.0
2016,2,vettel,ferrari,3,21,Engine,0,0.0
2016,2,jolyon_palmer,renault,19,22,Hydraulics,0,0.0
2016,3,rosberg,mercedes,1,1,Finished,56,25.0
2016,3,vettel,ferrari,4,2,Finished,56,18.0
2016,3,kvyat,red_bull,6,3,Finished,56,15.0
2016,3,ricciardo,red_bull,2,4,Finished,56,12.0
2016,3,raikkonen,ferrari,3,5,Finished,56,10.0
2016,3,massa,williams,10,6,Finished,56,8.0
2016,3,hamilton,mercedes,22,7,Finished,56,6.0
2016,3,max_verstappen,toro_rosso,9,8,Finished,56,4.0
2016,3,sainz,toro_rosso,8,9,Finished,56,2.0
2016,3,bottas,williams,5,10,Finished,56,1.0
2016,3,perez,force_india,7,11,Finished,56,0.0
2016,3,alonso,mclaren,11,12,Finished,56,0.0
2016,3,button,mclaren,12,13,Finished,56,0.0
2016,3,gutierrez,haas,18,14,+1 Lap,55,0.0
2016,3,hulkenberg,force_india,13,15,+1 Lap,55,0.0
2016,3,ericsson,sauber,15,16,+1 Lap,55,0.0
2016,3,kevin_magnussen,renault,17,17,+1 Lap,55,0.0
2016,3,wehrlein,manor,21,18,+1 Lap,55,0.0
2016,3,grosjean,haas,14,19,+1 Lap,55,0.0
2016,3,nasr,sauber,16,20,+1 Lap,55,0.0
2016,3,haryanto,manor,20,21,+1 Lap,55,0.0
2016,3,jolyon_palmer,renault,19,22,+1 Lap,55,0.0
2016,4,rosberg,mercedes,1,1,Finished,53,25.0
2016,4,hamilton,mercedes,10,2,Finished,53,18.0
2016,4,raikkonen,ferrari,3,3,Finished,53,15.0
2016,4,bottas,williams,2,4,Finished,53,12.0
2016,4,massa,williams,4,5,Finished,53,10.0
2016,4,alonso,mclaren,14,6,+1 Lap,52,8.0
2016,4,kevin_magnussen,renault,17,7,+1 Lap,52,6.0
2016,4,grosjean,haas,15,8,+1 Lap,52,4.0
2016,4,perez,force_india,6,9,+1 Lap,52,2.0
2016,4,button,mclaren,12,10,+1 Lap,52,1.0
2016,4,ricciardo,red_bull,5,11,+1 Lap,52,0.0
2016,4,sainz,toro_rosso,11,12,+1 Lap,52,0.0
2016,4,jolyon_palmer,renault,18,13,+1 Lap,52,0.0
2016,4,ericsson,sauber,22,14,+1 Lap,52,0.0
2016,4,kvyat,red_bull,8,15,+1 Lap,52,0.0
2016,4,nasr,sauber,19,16,+1 Lap,52,0.0
2016,4,gutierrez,haas,16,17,+1 Lap,52,0.0
2016,4,wehrlein,manor,20,18,+2 Laps,51,0.0
2016,4,max_verstappen,toro_rosso,9,19,Power Unit,33,0.0
2016,4,vettel,ferrari,7,20,Collision,0,0.0
2016,4,hulkenberg,force_india,13,21,Collision,0,0.0
2016,4,haryanto,manor,21,22,Collision,0,0.0
2016,5,max_verstappen,red_bull,4,1,Finished,66,25.0
2016,5,raikkonen,ferrari,5,2,Finished,66,18.0
2016,5,vettel,ferrari,6,3,Finished,66,15.0
2016,5,ricciardo,red_bull,3,4,Finished,66,12.0
2016,5,bottas,williams,7,5,Finished,66,10.0
2016,5,sainz,toro_rosso,8,6,Finished,66,8.0
2016,5,perez,force_india,9,7,Finished,66,6.0
2016,5,massa,williams,18,8,Finished,66,4.0
2016,5,button,mclaren,12,9,+1 Lap,65,2.0
2016,5,kvyat,toro_rosso,13,10,+1 Lap,65,1.0
2016,5,gutierrez,haas,16,11,+1 Lap,65,0.0
2016,5,ericsson,sauber,19,12,+1 Lap,65,0.0
2016,5,jolyon_palmer,renault,17,13,+1 Lap,65,0.0
2016,5,kevin_magnussen,renault,15,14,+1 Lap,65,0.0
2016,5,nasr,sauber,20,15,+1 Lap,65,0.0
2016,5,wehrlein,manor,21,16,+1 Lap,65,0.0
2016,5,haryanto,manor,22,17,+1 Lap,65,0.0
2016,5,grosjean,haas,14,18,Engine,56,0.0
2016,5,alonso,mclaren,10,19,Engine,45,0.0
2016,5,hulkenberg,force_india,11,20,Engine,20,0.0
2016,5,hamilton,mercedes,1,21,Collision,0,0.0
2016,5,rosberg,mercedes,2,22,Collision,0,0.0
2016,6,hamilton,mercedes,3,1,Finished,78,25.0
2016,6,ricciardo,red_bull,1,2,Finished,78,18.0
2016,6,perez,force_india,7,3,Finished,78,15.0
2016,6,vettel,ferrari,4,4,Finished,78,12.0
2016,6,alonso,mclaren,9,5,Finished,78,10.0
2016,6,hulkenberg,force_india,5,6,Finished,78,8.0
2016,6,rosberg,mercedes,2,7,Finished,78,6.0
2016,6,sainz,toro_rosso,6,8,+1 Lap,77,4.0
2016,6,button,mclaren,13,9,+1 Lap,77,2.0
2016,6,massa,williams,14,10,+1 Lap,77,1.0
2016,6,gutierrez,haas,12,11,+1 Lap,77,0.0
2016,6,bottas,williams,10,12,+1 Lap,77,0.0
2016,6,grosjean,haas,15,13,+2 Laps,76,0.0
2016,6,wehrlein,manor,20,14,+2 Laps,76,0.0
2016,6,haryanto,manor,19,15,+4 Laps,74,0.0
2016,6,ericsson,sauber,17,16,Collision,51,0.0
2016,6,nasr,sauber,0,17,Retired,48,0.0
2016,6,max_verstappen,red_bull,0,18,Accident,34,0.0
2016,6,kevin_magnussen,renault,16,19,Retired,32,0.0
2016,6,kvyat,toro_rosso,8,20,Accident,18,0.0
2016,6,raikkonen,ferrari,11,21,Accident,10,0.0
2016,6,jolyon_palmer,renault,18,22,Accident,7,0.0
2016,7,hamilton,mercedes,1,1,Finished,70,25.0
2016,7,vettel,ferrari,3,2,Finished,70,18.0
2016,7,bottas,williams,7,3,Finished,70,15.0
2016,7,max_verstappen,red_bull,5,4,Finished,70,12.0
2016,7,rosberg,mercedes,2,5,Finished,70,10.0
2016,7,raikkonen,ferrari,6,6,Finished,70,8.0
2016,7,ricciardo,red_bull,4,7,Finished,70,6.0
2016,7,hulkenberg,force_india,9,8,+1 Lap,69,4.0
2016,7,sainz,toro_rosso,20,9,+1 Lap,69,2.0
2016,7,perez,force_india,11,10,+1 Lap,69,1.0
2016,7,alonso,mclaren,10,11,+1 Lap,69,0.0
2016,7,kvyat,toro_rosso,15,12,+1 Lap,69,0.0
2016,7,gutierrez,haas,13,13,+2 Laps,68,0.0
2016,7,grosjean,haas,14,14,+2 Laps,68,0.0
2016,7,ericsson,sauber,21,15,+2 Laps,68,0.0
2016,7,kevin_magnussen,renault,22,16,+2 Laps,68,0.0
2016,7,wehrlein,manor,17,17,+2 Laps,68,0.0
2016,7,nasr,sauber,18,18,+2 Laps,68,0.0
2016,7,haryanto,manor,19,19,+2 Laps,68,0.0
2016,7,massa,williams,8,20,Retired,35,0.0
2016,7,jolyon_palmer,renault,16,21,Retired,16,0.0
2016,7,button,mclaren,12,22,Power Unit,9,0.0
2016,8,rosberg,mercedes,1,1,Finished,51,25.0
2016,8,vettel,ferrari,3,2,Finished,51,18.0
2016,8,perez,force_india,7,3,Finished,51,15.0
2016,8,raikkonen,ferrari,4,4,Finished,51,12.0
2016,8,hamilton,mercedes,10,5,Finished,51,10.0
2016,8,bottas,williams,8,6,Finished,51,8.0
2016,8,ricciardo,red_bull,2,7,Finished,51,6.0
2016,8,max_verstappen,red_bull,9,8,Finished,51,4.0
2016,8,hulkenberg,force_india,12,9,Finished,51,2.0
2016,8,massa,williams,5,10,Finished,51,1.0
2016,8,button,mclaren,19,11,Finished,51,0.0
2016,8,nasr,sauber,15,12,+1 Lap,50,0.0
2016,8,grosjean,haas,11,13,+1 Lap,50,0.0
2016,8,kevin_magnussen,renault,22,14,+1 Lap,50,0.0
2016,8,jolyon_palmer,renault,21,15,+1 Lap,50,0.0
2016,8,gutierrez,haas,14,16,+1 Lap,50,0.0
2016,8,ericsson,sauber,20,17,+1 Lap,50,0.0
2016,8,haryanto,manor,16,18,+2 Laps,49,0.0
2016,8,alonso,mclaren,13,19,Gearbox,42,0.0
2016,8,wehrlein,manor,17,20,Brakes,39,0.0
2016,8,sainz,toro_rosso,18,21,Suspension,31,0.0
2016,8,kvyat,toro_rosso,6,22,Suspension,6,0.0
2016,9,hamilton,mercedes,1,1,Finished,71,25.0
2016,9,max_verstappen,red_bull,8,2,Finished,71,18.0
2016,9,raikkonen,ferrari,4,3,Finished,71,15.0
2016,9,rosberg,mercedes,6,4,Finished,71,12.0
2016,9,ricciardo,red_bull,5,5,Finished,71,10.0
2016,9,button,mclaren,3,6,Finished,71,8.0
2016,9,grosjean,haas,13,7,Finished,71,6.0
2016,9,sainz,toro_rosso,15,8,Finished,71,4.0
2016,9,bottas,williams,7,9,+1 Lap,70,2.0
2016,9,wehrlein,manor,12,10,+1 Lap,70,1.0
2016,9,gutierrez,haas,11,11,+1 Lap,70,0.0
2016,9,jolyon_palmer,renault,19,12,+1 Lap,70,0.0
2016,9,nasr,sauber,21,13,+1 Lap,70,0.0
2016,9,kevin_magnussen,renault,17,14,+1 Lap,70,0.0
2016,9,ericsson,sauber,18,15,+1 Lap,70,0.0
2016,9,haryanto,manor,20,16,+1 Lap,70,0.0
2016,9,perez,force_india,16,17,Brakes,69,0.0
2016,9,alonso,mclaren,14,18,Battery,64,0.0
2016,9,hulkenberg,force_india,2,19,Brakes,64,0.0
2016,9,massa,williams,0,20,Brakes,63,0.0
2016,9,vettel,ferrari,9,21,Tyre,26,0.0
2016,9,kvyat,toro_rosso,0,22,Retired,2,0.0
2016,10,hamilton,mercedes,1,1,Finished,52,25.0
2016,10,max_verstappen,red_bull,3,2,Finished,52,18.0
2016,10,rosberg,mercedes,2,3,Finished,52,15.0
2016,10,ricciardo,red_bull,4,4,Finished,52,12.0
2016,10,raikkonen,ferrari,5,5,Finished,52,10.0
2016,10,perez,force_india,10,6,Finished,52,8.0
2016,10,hulkenberg,force_india,8,7,Finished,52,6.0
2016,10,sainz,toro_rosso,7,8,Finished,52,4.0
2016,10,vettel,ferrari,11,9,Finished,52,2.0
2016,10,kvyat,toro_rosso,15,10,Finished,52,1.0
2016,10,massa,williams,12,11,+1 Lap,51,0.0
2016,10,button,mclaren,17,12,+1 Lap,51,0.0
2016,10,alonso,mclaren,9,13,+1 Lap,51,0.0
2016,10,bottas,williams,6,14,+1 Lap,51,0.0
2016,10,nasr,sauber,21,15,+1 Lap,51,0.0
2016,10,gutierrez,haas,14,16,+1 Lap,51,0.0
2016,10,kevin_magnussen,renault,16,17,Gearbox,49,0.0
2016,10,jolyon_palmer,renault,18,18,Gearbox,37,0.0
2016,10,haryanto,manor,19,19,Spun off,24,0.0
2016,10,grosjean,haas,13,20,Retired,17,0.0
2016,10,ericsson,sauber,22,21,Power Unit,11,0.0
2016,10,wehrlein,manor,20,22,Spun off,6,0.0
2016,11,hamilton,mercedes,2,1,Finished,70,25.0
2016,11,rosberg,mercedes,1,2,Finished,70,18.0
2016,11,ricciardo,red_bull,3,3,Finished,70,15.0
2016,11,vettel,ferrari,5,4,Finished,70,12.0
2016,11,max_verstappen,red_bull,4,5,Finished,70,10.0
2016,11,raikkonen,ferrari,14,6,Finished,70,8.0
2016,11,alonso,mclaren,7,7,+1 Lap,69,6.0
2016,11,sainz,toro_rosso,6,8,+1 Lap,69,4.0
2016,11,bottas,williams,10,9,+1 Lap,69,2.0
2016,11,hulkenberg,force_india,9,10,+1 Lap,69,1.0
2016,11,perez,force_india,13,11,+1 Lap,69,0.0
2016,11,jolyon_palmer,renault,17,12,+1 Lap,69,0.0
2016,11,gutierrez,haas,15,13,+1 Lap,69,0.0
2016,11,grosjean,haas,11,14,+1 Lap,69,0.0
2016,11,kevin_magnussen,renault,19,15,+1 Lap,69,0.0
2016,11,kvyat,toro_rosso,12,16,+1 Lap,69,0.0
2016,11,nasr,sauber,16,17,+1 Lap,69,0.0
2016,11,massa,williams,18,18,+2 Laps,68,0.0
2016,11,wehrlein,manor,20,19,+2 Laps,68,0.0
2016,11,ericsson,sauber,22,20,+2 Laps,68,0.0
2016,11,haryanto,manor,21,21,+2 Laps,68,0.0
2016,11,button,mclaren,8,22,Oil leak,60,0.0
2016,12,hamilton,mercedes,2,1,Finished,67,25.0
2016,12,ricciardo,red_bull,3,2,Finished,67,18.0
2016,12,max_verstappen,red_bull,4,3,Finished,67,15.0
2016,12,rosberg,mercedes,1,4,Finished,67,12.0
2016,12,vettel,ferrari,6,5,Finished,67,10.0
2016,12,raikkonen,ferrari,5,6,Finished,67,8.0
2016,12,hulkenberg,force_india,8,7,Finished,67,6.0
2016,12,button,mclaren,12,8,+1 Lap,66,4.0
2016,12,bottas,williams,7,9,+1 Lap,66,2.0
2016,12,perez,force_india,9,10,+1 Lap,66,1.0
2016,12,gutierrez,haas,11,11,+1 Lap,66,0.0
2016,12,alonso,mclaren,13,12,+1 Lap,66,0.0
2016,12,grosjean,haas,20,13,+1 Lap,66,0.0
2016,12,sainz,toro_rosso,15,14,+1 Lap,66,0.0
2016,12,kvyat,toro_rosso,18,15,+1 Lap,66,0.0
2016,12,kevin_magnussen,renault,16,16,+1 Lap,66,0.0
2016,12,wehrlein,manor,17,17,+2 Laps,65,0.0
2016,12,ericsson,sauber,22,18,+2 Laps,65,0.0
2016,12,jolyon_palmer,renault,14,19,+2 Laps,65,0.0
2016,12,haryanto,manor,19,20,+2 Laps,65,0.0
2016,12,nasr,sauber,21,21,Power Unit,57,0.0
2016,12,massa,williams,10,22,Suspension,36,0.0
2016,13,rosberg,mercedes,1,1,Finished,44,25.0
2016,13,ricciardo,red_bull,5,2,Finished,44,18.0
2016,13,hamilton,mercedes,21,3,Finished,44,15.0
2016,13,hulkenberg,force_india,7,4,Finished,44,12.0
2016,13,perez,force_india,6,5,Finished,44,10.0
2016,13,vettel,ferrari,4,6,Finished,44,8.0
2016,13,alonso,mclaren,22,7,Finished,44,6.0
2016,13,bottas,williams,8,8,Finished,44,4.0
2016,13,raikkonen,ferrari,3,9,Finished,44,2.0
2016,13,massa,williams,10,10,Finished,44,1.0
2016,13,max_verstappen,red_bull,2,11,Finished,44,0.0
2016,13,gutierrez,haas,18,12,Finished,44,0.0
2016,13,grosjean,haas,11,13,Finished,44,0.0
2016,13,kvyat,toro_rosso,19,14,Finished,44,0.0
2016,13,jolyon_palmer,renault,13,15,Finished,44,0.0
2016,13,ocon,manor,17,16,+1 Lap,43,0.0
2016,13,nasr,sauber,16,17,+1 Lap,43,0.0
2016,13,kevin_magnussen,renault,12,18,Accident,5,0.0
2016,13,ericsson,sauber,20,19,Gearbox,3,0.0
2016,13,sainz,toro_rosso,14,20,Puncture,1,0.0
2016,13,button,mclaren,9,21,Collision damage,1,0.0
2016,13,wehrlein,manor,15,22,Collision damage,0,0.0
2016,14,rosberg,mercedes,2,1,Finished,53,25.0
2016,14,hamilton,mercedes,1,2,Finished,53,18.0
2016,14,vettel,ferrari,3,3,Finished,53,15.0
2016,14,raikkonen,ferrari,4,4,Finished,53,12.0
2016,14,ricciardo,red_bull,6,5,Finished,53,10.0
2016,14,bottas,williams,5,6,Finished,53,8.0
2016,14,max_verstappen,red_bull,7,7,Finished,53,6.0
2016,14,perez,force_india,8,8,Finished,53,4.0
2016,14,massa,williams,11,9,Finished,53,2.0
2016,14,hulkenberg,force_india,9,10,Finished,53,1.0
2016,14,grosjean,haas,17,11,+1 Lap,52,0.0
2016,14,button,mclaren,14,12,+1 Lap,52,0.0
2016,14,gutierrez,haas,10,13,+1 Lap,52,0.0
2016,14,alonso,mclaren,12,14,+1 Lap,52,0.0
2016,14,sainz,toro_rosso,15,15,+1 Lap,52,0.0
2016,14,ericsson,sauber,19,16,+1 Lap,52,0.0
2016,14,kevin_magnussen,renault,21,17,+1 Lap,52,0.0
2016,14,ocon,manor,22,18,+2 Laps,51,0.0
2016,14,kvyat,toro_rosso,16,19,Battery,36,0.0
2016,14,wehrlein,manor,13,20,Oil leak,26,0.0
2016,14,jolyon_palmer,renault,20,21,Collision damage,7,0.0
2016,14,nasr,sauber,18,22,Collision damage,6,0.0
2016,15,rosberg,mercedes,1,1,Finished,61,25.0
2016,15,ricciardo,red_bull,2,2,Finished,61,18.0
2016,15,hamilton,mercedes,3,3,Finished,61,15.0
2016,15,raikkonen,ferrari,5,4,Finished,61,12.0
2016,15,vettel,ferrari,22,5,Finished,61,10.0
2016,15,max_verstappen,red_bull,4,6,Finished,61,8.0
2016,15,alonso,mclaren,9,7,Finished,61,6.0
2016,15,perez,force_india,17,8,Finished,61,4.0
2016,15,kvyat,toro_rosso,7,9,Finished,61,2.0
2016,15,kevin_magnussen,renault,15,10,Finished,61,1.0
2016,15,gutierrez,haas,13,11,+1 Lap,60,0.0
2016,15,massa,williams,11,12,+1 Lap,60,0.0
2016,15,nasr,sauber,16,13,+1 Lap,60,0.0
2016,15,sainz,toro_rosso,6,14,+1 Lap,60,0.0
2016,15,jolyon_palmer,renault,18,15,+1 Lap,60,0.0
2016,15,wehrlein,manor,19,16,+1 Lap,60,0.0
2016,15,ericsson,sauber,14,17,+1 Lap,60,0.0
2016,15,ocon,manor,21,18,+2 Laps,59,0.0
2016,15,button,mclaren,12,19,Brakes,43,0.0
2016,15,bottas,williams,10,20,Overheating,35,0.0
2016,15,hulkenberg,force_india,8,21,Collision,0,0.0
2016,15,grosjean,haas,20,22,Withdrew,0,0.0
2016,16,ricciardo,red_bull,4,1,Finished,56,25.0
2016,16,max_verstappen,red_bull,3,2,Finished,56,18.0
2016,16,rosberg,mercedes,2,3,Finished,56,15.0
2016,16,raikkonen,ferrari,6,4,Finished,56,12.0
2016,16,bottas,williams,11,5,Finished,56,10.0
2016,16,perez,force_india,7,6,Finished,56,8.0
2016,16,alonso,mclaren,22,7,Finished,56,6.0
2016,16,hulkenberg,force_india,8,8,Finished,56,4.0
2016,16,button,mclaren,9,9,Finished,56,2.0
2016,16,jolyon_palmer,renault,19,10,Finished,56,1.0
2016,16,sainz,toro_rosso,16,11,Finished,56,0.0
2016,16,ericsson,sauber,17,12,+1 Lap,55,0.0
2016,16,massa,williams,10,13,+1 Lap,55,0.0
2016,16,kvyat,toro_rosso,15,14,+1 Lap,55,0.0
2016,16,wehrlein,manor,21,15,+1 Lap,55,0.0
2016,16,ocon,manor,20,16,+1 Lap,55,0.0
2016,16,nasr,sauber,18,17,Brakes,46,0.0
2016,16,hamilton,mercedes,1,18,Engine,40,0.0
2016,16,gutierrez,haas,13,19,Wheel nut,39,0.0
2016,16,kevin_magnussen,renault,14,20,Power loss,17,0.0
2016,16,grosjean,haas,12,21,Brakes,7,0.0
2016,16,vettel,ferrari,5,22,Collision,0,0.0
2016,17,rosberg,mercedes,1,1,Finished,53,25.0
2016,17,max_verstappen,red_bull,3,2,Finished,53,18.0
2016,17,hamilton,mercedes,2,3,Finished,53,15.0
2016,17,vettel,ferrari,6,4,Finished,53,12.0
2016,17,raikkonen,ferrari,8,5,Finished,53,10.0
2016,17,ricciardo,red_bull,4,6,Finished,53,8.0
2016,17,perez,force_india,5,7,Finished,53,6.0
2016,17,hulkenberg,force_india,9,8,Finished,53,4.0
2016,17,massa,williams,12,9,Finished,53,2.0
2016,17,bottas,williams,11,10,Finished,53,1.0
2016,17,grosjean,haas,7,11,Finished,53,0.0
2016,17,jolyon_palmer,renault,16,12,+1 Lap,52,0.0
2016,17,kvyat,toro_rosso,13,13,+1 Lap,52,0.0
2016,17,kevin_magnussen,renault,17,14,+1 Lap,52,0.0
2016,17,ericsson,sauber,18,15,+1 Lap,52,0.0
2016,17,alonso,mclaren,15,16,+1 Lap,52,0.0
2016,17,sainz,toro_rosso,14,17,+1 Lap,52,0.0
2016,17,button,mclaren,22,18,+1 Lap,52,0.0
2016,17,nasr,sauber,19,19,+1 Lap,52,0.0
2016,17,gutierrez,haas,10,20,+1 Lap,52,0.0
2016,17,ocon,manor,20,21,+1 Lap,52,0.0
2016,17,wehrlein,manor,21,22,+1 Lap,52,0.0
2016,18,hamilton,mercedes,1,1,Finished,56,25.0
2016,18,rosberg,mercedes,2,2,Finished,56,18.0
2016,18,ricciardo,red_bull,3,3,Finished,56,15.0
2016,18,vettel,ferrari,6,4,Finished,56,12.0
2016,18,alonso,mclaren,12,5,Finished,56,10.0
2016,18,sainz,toro_rosso,10,6,Finished,56,8.0
2016,18,massa,williams,9,7,+1 Lap,55,6.0
2016,18,perez,force_india,11,8,+1 Lap,55,4.0
2016,18,button,mclaren,19,9,+1 Lap,55,2.0
2016,18,grosjean,haas,17,10,+1 Lap,55,1.0
2016,18,kvyat,toro_rosso,13,11,+1 Lap,55,0.0
2016,18,kevin_magnussen,renault,18,12,+1 Lap,55,0.0
2016,18,jolyon_palmer,renault,15,13,+1 Lap,55,0.0
2016,18,ericsson,sauber,16,14,+1 Lap,55,0.0
2016,18,nasr,sauber,21,15,+1 Lap,55,0.0
2016,18,bottas,williams,8,16,+1 Lap,55,0.0
2016,18,wehrlein,manor,20,17,+1 Lap,55,0.0
2016,18,ocon,manor,22,18,+2 Laps,54,0.0
2016,18,raikkonen,ferrari,5,19,Wheel,38,0.0
2016,18,max_verstappen,red_bull,4,20,Gearbox,28,0.0
2016,18,gutierrez,haas,14,21,Brakes,16,0.0
2016,18,hulkenberg,force_india,7,22,Collision,1,0.0
2016,19,hamilton,mercedes,1,1,Finished,71,25.0
2016,19,rosberg,mercedes,2,2,Finished,71,18.0
2016,19,ricciardo,red_bull,4,3,Finished,71,15.0
2016,19,max_verstappen,red_bull,3,4,Finished,71,12.0
2016,19,vettel,ferrari,7,5,Finished,71,10.0
2016,19,raikkonen,ferrari,6,6,Finished,71,8.0
2016,19,hulkenberg,force_india,5,7,Finished,71,6.0
2016,19,bottas,williams,8,8,Finished,71,4.0
2016,19,massa,williams,9,9,Finished,71,2.0
2016,19,perez,force_india,12,10,Finished,71,1.0
2016,19,ericsson,sauber,15,11,+1 Lap,70,0.0
2016,19,button,mclaren,13,12,+1 Lap,70,0.0
2016,19,alonso,mclaren,11,13,+1 Lap,70,0.0
2016,19,jolyon_palmer,renault,21,14,+1 Lap,70,0.0
2016,19,nasr,sauber,19,15,+1 Lap,70,0.0
2016,19,sainz,toro_rosso,10,16,+1 Lap,70,0.0
2016,19,kevin_magnussen,renault,14,17,+1 Lap,70,0.0
2016,19,kvyat,toro_rosso,18,18,+1 Lap,70,0.0
2016,19,gutierrez,haas,17,19,+1 Lap,70,0.0
2016,19,grosjean,haas,22,20,+1 Lap,70,0.0
2016,19,ocon,manor,20,21,+2 Laps,69,0.0
2016,19,wehrlein,manor,16,22,Collision,0,0.0
2016,20,hamilton,mercedes,1,1,Finished,71,25.0
2016,20,rosberg,mercedes,2,2,Finished,71,18.0
2016,20,max_verstappen,red_bull,4,3,Finished,71,15.0
2016,20,perez,force_india,9,4,Finished,71,12.0
2016,20,vettel,ferrari,5,5,Finished,71,10.0
2016,20,sainz,toro_rosso,15,6,Finished,71,8.0
2016,20,hulkenberg,force_india,8,7,Finished,71,6.0
2016,20,ricciardo,red_bull,6,8,Finished,71,4.0
2016,20,nasr,sauber,21,9,Finished,71,2.0
2016,20,alonso,mclaren,10,10,Finished,71,1.0
2016,20,bottas,williams,11,11,Finished,71,0.0
2016,20,ocon,manor,22,12,Finished,71,0.0
2016,20,kvyat,toro_rosso,14,13,Finished,71,0.0
2016,20,kevin_magnussen,renault,18,14,Finished,71,0.0
2016,20,wehrlein,manor,19,15,Finished,71,0.0
2016,20,button,mclaren,17,16,Finished,71,0.0
2016,20,gutierrez,haas,12,17,Retired,60,0.0
2016,20,massa,williams,13,18,Collision,46,0.0
2016,20,jolyon_palmer,renault,16,19,Collision damage,20,0.0
2016,20,raikkonen,ferrari,3,20,Collision,19,0.0
2016,20,ericsson,sauber,20,21,Collision,11,0.0
2016,20,grosjean,haas,7,22,Withdrew,0,0.0
2016,21,hamilton,mercedes,1,1,Finished,55,25.0
2016,21,rosberg,mercedes,2,2,Finished,55,18.0
2016,21,vettel,ferrari,5,3,Finished,55,15.0
2016,21,max_verstappen,red_bull,6,4,Finished,55,12.0
2016,21,ricciardo,red_bull,3,5,Finished,55,10.0
2016,21,raikkonen,ferrari,4,6,Finished,55,8.0
2016,21,hulkenberg,force_india,7,7,Finished,55,6.0
2016,21,perez,force_india,8,8,Finished,55,4.0
2016,21,massa,williams,10,9,Finished,55,2.0
2016,21,alonso,mclaren,9,10,Finished,55,1.0
2016,21,grosjean,haas,14,11,Finished,55,0.0
2016,21,gutierrez,haas,13,12,Finished,55,0.0
2016,21,ocon,manor,20,13,+1 Lap,54,0.0
2016,21,wehrlein,manor,16,14,+1 Lap,54,0.0
2016,21,ericsson,sauber,22,15,+1 Lap,54,0.0
2016,21,nasr,sauber,19,16,+1 Lap,54,0.0
2016,21,jolyon_palmer,renault,15,17,+1 Lap,54,0.0
2016,21,sainz,toro_rosso,21,18,Collision damage,41,0.0
2016,21,kvyat,toro_rosso,17,19,Gearbox,14,0.0
2016,21,button,mclaren,12,20,Suspension,12,0.0
2016,21,bottas,williams,11,21,Suspension,6,0.0
2016,21,kevin_magnussen,renault,18,22,Suspension,5,0.0
2017,1,vettel,ferrari,2,1,Finished,57,25.0
2017,1,hamilton,mercedes,1,2,Finished,57,18.0
2017,1,bottas,mercedes,3,3,Finished,57,15.0
2017,1,raikkonen,ferrari,4,4,Finished,57,12.0
2017,1,max_verstappen,red_bull,5,5,Finished,57,10.0
2017,1,massa,williams,7,6,Finished,57,8.0
2017,1,perez,force_india,10,7,+1 Lap,56,6.0
2017,1,sainz,toro_rosso,8,8,+1 Lap,56,4.0
2017,1,kvyat,toro_rosso,9,9,+1 Lap,56,2.0
2017,1,ocon,force_india,13,10,+1 Lap,56,1.0
2017,1,hulkenberg,renault,11,11,+1 Lap,56,0.0
2017,1,giovinazzi,sauber,16,12,+2 Laps,55,0.0
2017,1,vandoorne,mclaren,18,13,+2 Laps,55,0.0
2017,1,alonso,mclaren,12,14,Vibrations,50,0.0
2017,1,kevin_magnussen,haas,17,15,Suspension,46,0.0
2017,1,stroll,williams,20,16,Brakes,40,0.0
2017,1,ricciardo,red_bull,0,17,Power Unit,25,0.0
2017,1,ericsson,sauber,14,18,Hydraulics,21,0.0
2017,1,jolyon_palmer,renault,19,19,Brakes,15,0.0
2017,1,grosjean,haas,6,20,Water leak,13,0.0
2017,2,hamilton,mercedes,1,1,Finished,56,25.0
2017,2,vettel,ferrari,2,2,Finished,56,18.0
2017,2,max_verstappen,red_bull,16,3,Finished,56,15.0
2017,2,ricciardo,red_bull,5,4,Finished,56,12.0
2017,2,raikkonen,ferrari,4,5,Finished,56,10.0
2017,2,bottas,mercedes,3,6,Finished,56,8.0
2017,2,sainz,toro_rosso,11,7,Finished,56,6.0
2017,2,kevin_magnussen,haas,12,8,+1 Lap,55,4.0
2017,2,perez,force_india,8,9,+1 Lap,55,2.0
2017,2,ocon,force_india,17,10,+1 Lap,55,1.0
2017,2,grosjean,haas,19,11,+1 Lap,55,0.0
2017,2,hulkenberg,renault,7,12,+1 Lap,55,0.0
2017,2,jolyon_palmer,renault,20,13,+1 Lap,55,0.0
2017,2,massa,williams,6,14,+1 Lap,55,0.0
2017,2,ericsson,sauber,14,15,+1 Lap,55,0.0
2017,2,alonso,mclaren,13,16,Driveshaft,33,0.0
2017,2,kvyat,toro_rosso,9,17,Hydraulics,18,0.0
2017,2,vandoorne,mclaren,15,18,Fuel pressure,17,0.0
2017,2,giovinazzi,sauber,18,19,Accident,3,0.0
2017,2,stroll,williams,10,20,Collision,0,0.0
2017,3,vettel,ferrari,3,1,Finished,57,25.0
2017,3,hamilton,mercedes,2,2,Finished,57,18.0
2017,3,bottas,mercedes,1,3,Finished,57,15.0
2017,3,raikkonen,ferrari,5,4,Finished,57,12.0
2017,3,ricciardo,red_bull,4,5,Finished,57,10.0
2017,3,massa,williams,8,6,Finished,57,8.0
2017,3,perez,force_india,18,7,Finished,57,6.0
2017,3,grosjean,haas,9,8,Finished,57,4.0
2017,3,hulkenberg,renault,7,9,Finished,57,2.0
2017,3,ocon,force_india,14,10,Finished,57,1.0
2017,3,wehrlein,sauber,13,11,+1 Lap,56,0.0
2017,3,kvyat,toro_rosso,11,12,+1 Lap,56,0.0
2017,3,jolyon_palmer,renault,10,13,+1 Lap,56,0.0
2017,3,alonso,mclaren,15,14,Power Unit,54,0.0
2017,3,ericsson,sauber,19,15,Gearbox,50,0.0
2017,3,sainz,toro_rosso,16,16,Collision,12,0.0
2017,3,stroll,williams,12,17,Collision,12,0.0
2017,3,max_verstappen,red_bull,6,18,Brakes,11,0.0
2017,3,kevin_magnussen,haas,20,19,Electrical,8,0.0
2017,3,vandoorne,mclaren,17,20,Power Unit,0,0.0
2017,4,bottas,mercedes,3,1,Finished,52,25.0
2017,4,vettel,ferrari,1,2,Finished,52,18.0
2017,4,raikkonen,ferrari,2,3,Finished,52,15.0
2017,4,hamilton,mercedes,4,4,Finished,52,12.0
2017,4,max_verstappen,red_bull,7,5,Finished,52,10.0
2017,4,perez,force_india,9,6,Finished,52,8.0
2017,4,ocon,force_india,10,7,Finished,52,6.0
2017,4,hulkenberg,renault,8,8,Finished,52,4.0
2017,4,massa,williams,6,9,+1 Lap,51,2.0
2017,4,sainz,toro_rosso,14,10,+1 Lap,51,1.0
2017,4,stroll,williams,11,11,+1 Lap,51,0.0
2017,4,kvyat,toro_rosso,12,12,+1 Lap,51,0.0
2017,4,kevin_magnussen,haas,13,13,+1 Lap,51,0.0
2017,4,vandoorne,mclaren,20,14,+1 Lap,51,0.0
2017,4,ericsson,sauber,18,15,+1 Lap,51,0.0
2017,4,wehrlein,sauber,17,16,+2 Laps,50,0.0
2017,4,ricciardo,red_bull,5,17,Brakes,5,0.0
2017,4,jolyon_palmer,renault,16,18,Collision,0,0.0
2017,4,grosjean,haas,19,19,Collision,0,0.0
2017,4,alonso,mclaren,15,20,Power Unit,0,0.0
2017,5,hamilton,mercedes,1,1,Finished,66,25.0
2017,5,vettel,ferrari,2,2,Finished,66,18.0
2017,5,ricciardo,red_bull,6,3,Finished,66,15.0
2017,5,perez,force_india,8,4,+1 Lap,65,12.0
2017,5,ocon,force_india,10,5,+1 Lap,65,10.0
2017,5,hulkenberg,renault,13,6,+1 Lap,65,8.0
2017,5,sainz,toro_rosso,12,7,+1 Lap,65,6.0
2017,5,wehrlein,sauber,15,8,+1 Lap,65,4.0
2017,5,kvyat,toro_rosso,19,9,+1 Lap,65,2.0
2017,5,grosjean,haas,14,10,+1 Lap,65,1.0
2017,5,ericsson,sauber,16,11,+2 Laps,64,0.0
2017,5,alonso,mclaren,7,12,+2 Laps,64,0.0
2017,5,massa,williams,9,13,+2 Laps,64,0.0
2017,5,kevin_magnussen,haas,11,14,+2 Laps,64,0.0
2017,5,jolyon_palmer,renault,17,15,+2 Laps,64,0.0
2017,5,stroll,williams,18,16,+2 Laps,64,0.0
2017,5,bottas,mercedes,3,17,Power Unit,38,0.0
2017,5,vandoorne,mclaren,20,18,Collision,32,0.0
2017,5,max_verstappen,red_bull,5,19,Collision damage,1,0.0
2017,5,raikkonen,ferrari,4,20,Collision damage,0,0.0
2017,6,vettel,ferrari,2,1,Finished,78,25.0
2017,6,raikkonen,ferrari,1,2,Finished,78,18.0
2017,6,ricciardo,red_bull,5,3,Finished,78,15.0
2017,6,bottas,mercedes,3,4,Finished,78,12.0
2017,6,max_verstappen,red_bull,4,5,Finished,78,10.0
2017,6,sainz,toro_rosso,6,6,Finished,78,8.0
2017,6,hamilton,mercedes,13,7,Finished,78,6.0
2017,6,grosjean,haas,8,8,Finished,78,4.0
2017,6,massa,williams,14,9,Finished,78,2.0
2017,6,kevin_magnussen,haas,11,10,Finished,78,1.0
2017,6,jolyon_palmer,renault,16,11,Finished,78,0.0
2017,6,ocon,force_india,15,12,Finished,78,0.0
2017,6,perez,force_india,7,13,Finished,78,0.0
2017,6,kvyat,toro_rosso,9,14,Collision damage,71,0.0
2017,6,stroll,williams,17,15,Brakes,71,0.0
2017,6,vandoorne,mclaren,12,16,Accident,66,0.0
2017,6,ericsson,sauber,19,17,Accident,63,0.0
2017,6,button,mclaren,20,18,Collision damage,57,0.0
2017,6,wehrlein,sauber,18,19,Collision,57,0.0
2017,6,hulkenberg,renault,10,20,Gearbox,15,0.0
2017,7,hamilton,mercedes,1,1,Finished,70,25.0
2017,7,bottas,mercedes,3,2,Finished,70,18.0
2017,7,ricciardo,red_bull,6,3,Finished,70,15.0
2017,7,vettel,ferrari,2,4,Finished,70,12.0
2017,7,perez,force_india,8,5,Finished,70,10.0
2017,7,ocon,force_india,9,6,Finished,70,8.0
2017,7,raikkonen,ferrari,4,7,Finished,70,6.0
2017,7,hulkenberg,renault,10,8,Finished,70,4.0
2017,7,stroll,williams,17,9,+1 Lap,69,2.0
2017,7,grosjean,haas,14,10,+1 Lap,69,1.0
2017,7,jolyon_palmer,renault,15,11,+1 Lap,69,0.0
2017,7,kevin_magnussen,haas,18,12,+1 Lap,69,0.0
2017,7,ericsson,sauber,19,13,+1 Lap,69,0.0
2017,7,vandoorne,mclaren,16,14,+1 Lap,69,0.0
2017,7,wehrlein,sauber,20,15,+2 Laps,68,0.0
2017,7,alonso,mclaren,12,16,Power Unit,66,0.0
2017,7,kvyat,toro_rosso,11,17,Power Unit,54,0.0
2017,7,max_verstappen,red_bull,5,18,Electrical,10,0.0
2017,7,massa,williams,7,19,Collision,0,0.0
2017,7,sainz,toro_rosso,13,20,Collision,0,0.0
2017,8,ricciardo,red_bull,10,1,Finished,51,25.0
2017,8,bottas,mercedes,2,2,Finished,51,18.0
2017,8,stroll,williams,8,3,Finished,51,15.0
2017,8,vettel,ferrari,4,4,Finished,51,12.0
2017,8,hamilton,mercedes,1,5,Finished,51,10.0
2017,8,ocon,force_india,7,6,Finished,51,8.0
2017,8,kevin_magnussen,haas,12,7,Finished,51,6.0
2017,8,sainz,toro_rosso,15,8,Finished,51,4.0
2017,8,alonso,mclaren,19,9,Finished,51,2.0
2017,8,wehrlein,sauber,14,10,Finished,51,1.0
2017,8,ericsson,sauber,17,11,Finished,51,0.0
2017,8,vandoorne,mclaren,18,12,Finished,51,0.0
2017,8,grosjean,haas,16,13,+1 Lap,50,0.0
2017,8,raikkonen,ferrari,3,14,Water pressure,46,0.0
2017,8,perez,force_india,6,15,Seat,39,0.0
2017,8,massa,williams,9,16,Suspension,25,0.0
2017,8,hulkenberg,renault,13,17,Accident,24,0.0
2017,8,max_verstappen,red_bull,5,18,Oil pressure,12,0.0
2017,8,kvyat,toro_rosso,11,19,Battery,9,0.0
2017,8,jolyon_palmer,renault,20,20,Power Unit,7,0.0
2017,9,bottas,mercedes,1,1,Finished,71,25.0
2017,9,vettel,ferrari,2,2,Finished,71,18.0
2017,9,ricciardo,red_bull,4,3,Finished,71,15.0
2017,9,hamilton,mercedes,8,4,Finished,71,12.0
2017,9,raikkonen,ferrari,3,5,Finished,71,10.0
2017,9,grosjean,haas,6,6,Finished,71,8.0
2017,9,perez,force_india,7,7,+1 Lap,70,6.0
2017,9,ocon,force_india,9,8,+1 Lap,70,4.0
2017,9,massa,williams,17,9,+1 Lap,70,2.0
2017,9,stroll,williams,18,10,+1 Lap,70,1.0
2017,9,jolyon_palmer,renault,16,11,+1 Lap,70,0.0
2017,9,vandoorne,mclaren,13,12,+1 Lap,70,0.0
2017,9,hulkenberg,renault,11,13,+1 Lap,70,0.0
2017,9,wehrlein,sauber,20,14,+1 Lap,70,0.0
2017,9,ericsson,sauber,19,15,+2 Laps,69,0.0
2017,9,kvyat,toro_rosso,14,16,+3 Laps,68,0.0
2017,9,sainz,toro_rosso,10,17,Engine,44,0.0
2017,9,kevin_magnussen,haas,15,18,Hydraulics,29,0.0
2017,9,alonso,mclaren,12,19,Collision damage,1,0.0
2017,9,max_verstappen,red_bull,5,20,Collision damage,0,0.0
2017,10,hamilton,mercedes,1,1,Finished,51,25.0
2017,10,bottas,mercedes,9,2,Finished,51,18.0
2017,10,raikkonen,ferrari,2,3,Finished,51,15.0
2017,10,max_verstappen,red_bull,4,4,Finished,51,12.0
2017,10,ricciardo,red_bull,19,5,Finished,51,10.0
2017,10,hulkenberg,renault,5,6,Finished,51,8.0
2017,10,vettel,ferrari,3,7,Finished,51,6.0
2017,10,ocon,force_india,7,8,+1 Lap,50,4.0
2017,10,perez,force_india,6,9,+1 Lap,50,2.0
2017,10,massa,williams,14,10,+1 Lap,50,1.0
2017,10,vandoorne,mclaren,8,11,+1 Lap,50,0.0
2017,10,kevin_magnussen,haas,16,12,+1 Lap,50,0.0
2017,10,grosjean,haas,10,13,+1 Lap,50,0.0
2017,10,ericsson,sauber,18,14,+1 Lap,50,0.0
2017,10,kvyat,toro_rosso,12,15,+1 Lap,50,0.0
2017,10,stroll,williams,15,16,+1 Lap,50,0.0
2017,10,wehrlein,sauber,17,17,+1 Lap,50,0.0
2017,10,alonso,mclaren,20,18,Power Unit,32,0.0
2017,10,sainz,toro_rosso,13,19,Collision damage,0,0.0
2017,10,jolyon_palmer,renault,11,20,Hydraulics,0,0.0
2017,11,vettel,ferrari,1,1,Finished,70,25.0
2017,11,raikkonen,ferrari,2,2,Finished,70,18.0
2017,11,bottas,mercedes,3,3,Finished,70,15.0
2017,11,hamilton,mercedes,4,4,Finished,70,12.0
2017,11,max_verstappen,red_bull,5,5,Finished,70,10.0
2017,11,alonso,mclaren,7,6,Finished,70,8.0
2017,11,sainz,toro_rosso,9,7,+1 Lap,69,6.0
2017,11,perez,force_india,13,8,+1 Lap,69,4.0
2017,11,ocon,force_india,11,9,+1 Lap,69,2.0
2017,11,vandoorne,mclaren,8,10,+1 Lap,69,1.0
2017,11,kvyat,toro_rosso,16,11,+1 Lap,69,0.0
2017,11,jolyon_palmer,renault,10,12,+1 Lap,69,0.0
2017,11,kevin_magnussen,haas,15,13,+1 Lap,69,0.0
2017,11,stroll,williams,17,14,+1 Lap,69,0.0
2017,11,wehrlein,sauber,18,15,+2 Laps,68,0.0
2017,11,ericsson,sauber,20,16,+2 Laps,68,0.0
2017,11,hulkenberg,renault,12,17,Brakes,67,0.0
2017,11,resta,williams,19,18,Oil leak,60,0.0
2017,11,grosjean,haas,14,19,Wheel nut,20,0.0
2017,11,ricciardo,red_bull,6,20,Collision,0,0.0
2017,12,hamilton,mercedes,1,1,Finished,44,25.0
2017,12,vettel,ferrari,2,2,Finished,44,18.0
2017,12,ricciardo,red_bull,6,3,Finished,44,15.0
2017,12,raikkonen,ferrari,4,4,Finished,44,12.0
2017,12,bottas,mercedes,3,5,Finished,44,10.0
2017,12,hulkenberg,renault,7,6,Finished,44,8.0
2017,12,grosjean,haas,11,7,Finished,44,6.0
2017,12,massa,williams,16,8,Finished,44,4.0
2017,12,ocon,force_india,9,9,Finished,44,2.0
2017,12,sainz,toro_rosso,13,10,Finished,44,1.0
2017,12,stroll,williams,15,11,Finished,44,0.0
2017,12,kvyat,toro_rosso,19,12,Finished,44,0.0
2017,12,jolyon_palmer,renault,14,13,Finished,44,0.0
2017,12,vandoorne,mclaren,20,14,Finished,44,0.0
2017,12,kevin_magnussen,haas,12,15,Finished,44,0.0
2017,12,ericsson,sauber,17,16,Finished,44,0.0
2017,12,perez,force_india,8,17,Gearbox,42,0.0
2017,12,alonso,mclaren,10,18,Engine,25,0.0
2017,12,max_verstappen,red_bull,5,19,Engine,7,0.0
2017,12,wehrlein,sauber,18,20,Collision,2,0.0
2017,13,hamilton,mercedes,1,1,Finished,53,25.0
2017,13,bottas,mercedes,4,2,Finished,53,18.0
2017,13,vettel,ferrari,6,3,Finished,53,15.0
2017,13,ricciardo,red_bull,16,4,Finished,53,12.0
2017,13,raikkonen,ferrari,5,5,Finished,53,10.0
2017,13,ocon,force_india,3,6,Finished,53,8.0
2017,13,stroll,williams,2,7,Finished,53,6.0
2017,13,massa,williams,7,8,Finished,53,4.0
2017,13,perez,force_india,10,9,Finished,53,2.0
2017,13,max_verstappen,red_bull,13,10,+1 Lap,52,1.0
2017,13,kevin_magnussen,haas,9,11,+1 Lap,52,0.0
2017,13,kvyat,toro_rosso,8,12,+1 Lap,52,0.0
2017,13,hulkenberg,renault,14,13,+1 Lap,52,0.0
2017,13,sainz,toro_rosso,15,14,+1 Lap,52,0.0
2017,13,grosjean,haas,20,15,+1 Lap,52,0.0
2017,13,wehrlein,sauber,12,16,+2 Laps,51,0.0
2017,13,alonso,mclaren,19,17,Gearbox,50,0.0
2017,13,ericsson,sauber,11,18,Gearbox,49,0.0
2017,13,vandoorne,mclaren,18,19,Engine,33,0.0
2017,13,jolyon_palmer,renault,17,20,Engine,29,0.0
2017,14,hamilton,mercedes,5,1,Finished,58,25.0
2017,14,ricciardo,red_bull,3,2,Finished,58,18.0
2017,14,bottas,mercedes,6,3,Finished,58,15.0
2017,14,sainz,toro_rosso,10,4,Finished,58,12.0
2017,14,perez,force_india,12,5,Finished,58,10.0
2017,14,jolyon_palmer,renault,11,6,Finished,58,8.0
2017,14,vandoorne,mclaren,9,7,Finished,58,6.0
2017,14,stroll,williams,18,8,Finished,58,4.0
2017,14,grosjean,haas,15,9,Finished,58,2.0
2017,14,ocon,force_india,14,10,Finished,58,1.0
2017,14,massa,williams,17,11,Finished,58,0.0
2017,14,wehrlein,sauber,19,12,+2 Laps,56,0.0
2017,14,kevin_magnussen,haas,16,13,Engine,50,0.0
2017,14,hulkenberg,renault,7,14,Engine,48,0.0
2017,14,ericsson,sauber,20,15,Accident,35,0.0
2017,14,kvyat,toro_rosso,13,16,Accident,10,0.0
2017,14,alonso,mclaren,8,17,Collision damage,8,0.0
2017,14,vettel,ferrari,1,18,Accident,0,0.0
2017,14,max_verstappen,red_bull,2,19,Accident,0,0.0
2017,14,raikkonen,ferrari,4,20,Accident,0,0.0
2017,15,max_verstappen,red_bull,3,1,Finished,56,25.0
2017,15,hamilton,mercedes,1,2,Finished,56,18.0
2017,15,ricciardo,red_bull,4,3,Finished,56,15.0
2017,15,vettel,ferrari,20,4,Finished,56,12.0
2017,15,bottas,mercedes,5,5,Finished,56,10.0
2017,15,perez,force_india,9,6,Finished,56,8.0
2017,15,vandoorne,mclaren,7,7,+1 Lap,55,6.0
2017,15,stroll,williams,13,8,+1 Lap,55,4.0
2017,15,massa,williams,11,9,+1 Lap,55,2.0
2017,15,ocon,force_india,6,10,+1 Lap,55,1.0
2017,15,alonso,mclaren,10,11,+1 Lap,55,0.0
2017,15,kevin_magnussen,haas,17,12,+1 Lap,55,0.0
2017,15,grosjean,haas,16,13,+1 Lap,55,0.0
2017,15,gasly,toro_rosso,15,14,+1 Lap,55,0.0
2017,15,jolyon_palmer,renault,12,15,+1 Lap,55,0.0
2017,15,hulkenberg,renault,8,16,+1 Lap,55,0.0
2017,15,wehrlein,sauber,18,17,+1 Lap,55,0.0
2017,15,ericsson,sauber,19,18,+2 Laps,54,0.0
2017,15,sainz,toro_rosso,14,19,Engine,29,0.0
2017,15,raikkonen,ferrari,0,20,Battery,0,0.0
2017,16,hamilton,mercedes,1,1,Finished,53,25.0
2017,16,max_verstappen,red_bull,4,2,Finished,53,18.0
2017,16,ricciardo,red_bull,3,3,Finished,53,15.0
2017,16,bottas,mercedes,6,4,Finished,53,12.0
2017,16,raikkonen,ferrari,10,5,Finished,53,10.0
2017,16,ocon,force_india,5,6,Finished,53,8.0
2017,16,perez,force_india,7,7,Finished,53,6.0
2017,16,kevin_magnussen,haas,12,8,Finished,53,4.0
2017,16,grosjean,haas,13,9,Finished,53,2.0
2017,16,massa,williams,8,10,+1 Lap,52,1.0
2017,16,alonso,mclaren,20,11,+1 Lap,52,0.0
2017,16,jolyon_palmer,renault,18,12,+1 Lap,52,0.0
2017,16,gasly,toro_rosso,14,13,+1 Lap,52,0.0
2017,16,vandoorne,mclaren,9,14,+1 Lap,52,0.0
2017,16,wehrlein,sauber,17,15,+2 Laps,51,0.0
2017,16,stroll,williams,15,16,Wheel,45,0.0
2017,16,hulkenberg,renault,11,17,Front wing,40,0.0
2017,16,ericsson,sauber,16,18,Accident,7,0.0
2017,16,vettel,ferrari,2,19,Spark plugs,4,0.0
2017,16,sainz,toro_rosso,19,20,Accident,0,0.0
2017,17,hamilton,mercedes,1,1,Finished,56,25.0
2017,17,vettel,ferrari,2,2,Finished,56,18.0
2017,17,raikkonen,ferrari,5,3,Finished,56,15.0
2017,17,max_verstappen,red_bull,16,4,Finished,56,12.0
2017,17,bottas,mercedes,3,5,Finished,56,10.0
2017,17,ocon,force_india,6,6,Finished,56,8.0
2017,17,sainz,renault,7,7,Finished,56,6.0
2017,17,perez,force_india,9,8,+1 Lap,55,4.0
2017,17,massa,williams,10,9,+1 Lap,55,2.0
2017,17,kvyat,toro_rosso,11,10,+1 Lap,55,1.0
2017,17,stroll,williams,15,11,+1 Lap,55,0.0
2017,17,vandoorne,mclaren,20,12,+1 Lap,55,0.0
2017,17,brendon_hartley,toro_rosso,19,13,+1 Lap,55,0.0
2017,17,grosjean,haas,12,14,+1 Lap,55,0.0
2017,17,ericsson,sauber,13,15,+1 Lap,55,0.0
2017,17,kevin_magnussen,haas,17,16,+1 Lap,55,0.0
2017,17,alonso,mclaren,8,17,Engine,24,0.0
2017,17,ricciardo,red_bull,4,18,Engine,14,0.0
2017,17,wehrlein,sauber,14,19,Collision,5,0.0
2017,17,hulkenberg,renault,18,20,Engine,3,0.0
2017,18,max_verstappen,red_bull,2,1,Finished,71,25.0
2017,18,bottas,mercedes,4,2,Finished,71,18.0
2017,18,raikkonen,ferrari,5,3,Finished,71,15.0
2017,18,vettel,ferrari,1,4,Finished,71,12.0
2017,18,ocon,force_india,6,5,+1 Lap,70,10.0
2017,18,stroll,williams,11,6,+1 Lap,70,8.0
2017,18,perez,force_india,9,7,+1 Lap,70,6.0
2017,18,kevin_magnussen,haas,14,8,+1 Lap,70,4.0
2017,18,hamilton,mercedes,3,9,+1 Lap,70,2.0
2017,18,alonso,mclaren,18,10,+1 Lap,70,1.0
2017,18,massa,williams,10,11,+1 Lap,70,0.0
2017,18,vandoorne,mclaren,19,12,+1 Lap,70,0.0
2017,18,gasly,toro_rosso,20,13,+1 Lap,70,0.0
2017,18,wehrlein,sauber,13,14,+2 Laps,69,0.0
2017,18,grosjean,haas,15,15,+2 Laps,69,0.0
2017,18,sainz,renault,8,16,Engine,59,0.0
2017,18,ericsson,sauber,12,17,Engine,55,0.0
2017,18,brendon_hartley,toro_rosso,17,18,Engine,30,0.0
2017,18,hulkenberg,renault,7,19,Electrical,24,0.0
2017,18,ricciardo,red_bull,16,20,Engine,5,0.0
2017,19,vettel,ferrari,2,1,Finished,71,25.0
2017,19,bottas,mercedes,1,2,Finished,71,18.0
2017,19,raikkonen,ferrari,3,3,Finished,71,15.0
2017,19,hamilton,mercedes,20,4,Finished,71,12.0
2017,19,max_verstappen,red_bull,4,5,Finished,71,10.0
2017,19,ricciardo,red_bull,14,6,Finished,71,8.0
2017,19,massa,williams,9,7,Finished,71,6.0
2017,19,alonso,mclaren,6,8,Finished,71,4.0
2017,19,perez,force_india,5,9,Finished,71,2.0
2017,19,hulkenberg,renault,7,10,+1 Lap,70,1.0
2017,19,sainz,renault,8,11,+1 Lap,70,0.0
2017,19,gasly,toro_rosso,19,12,+1 Lap,70,0.0
2017,19,ericsson,sauber,17,13,+1 Lap,70,0.0
2017,19,wehrlein,sauber,15,14,+1 Lap,70,0.0
2017,19,grosjean,haas,11,15,+2 Laps,69,0.0
2017,19,stroll,williams,16,16,+2 Laps,69,0.0
2017,19,brendon_hartley,toro_rosso,18,17,Engine,40,0.0
2017,19,ocon,force_india,10,18,Accident,0,0.0
2017,19,vandoorne,mclaren,12,19,Accident,0,0.0
2017,19,kevin_magnussen,haas,13,20,Accident,0,0.0
2017,20,bottas,mercedes,1,1,Finished,55,25.0
2017,20,hamilton,mercedes,2,2,Finished,55,18.0
2017,20,vettel,ferrari,3,3,Finished,55,15.0
2017,20,raikkonen,ferrari,5,4,Finished,55,12.0
2017,20,max_verstappen,red_bull,6,5,Finished,55,10.0
2017,20,hulkenberg,renault,7,6,Finished,55,8.0
2017,20,perez,force_india,8,7,Finished,55,6.0
2017,20,ocon,force_india,9,8,Finished,55,4.0
2017,20,alonso,mclaren,11,9,+1 Lap,54,2.0
2017,20,massa,williams,10,10,+1 Lap,54,1.0
2017,20,grosjean,haas,16,11,+1 Lap,54,0.0
2017,20,vandoorne,mclaren,13,12,+1 Lap,54,0.0
2017,20,kevin_magnussen,haas,14,13,+1 Lap,54,0.0
2017,20,wehrlein,sauber,18,14,+1 Lap,54,0.0
2017,20,brendon_hartley,toro_rosso,20,15,+1 Lap,54,0.0
2017,20,gasly,toro_rosso,17,16,+1 Lap,54,0.0
2017,20,ericsson,sauber,19,17,+1 Lap,54,0.0
2017,20,stroll,williams,15,18,+1 Lap,54,0.0
2017,20,sainz,renault,12,19,Wheel,31,0.0
2017,20,ricciardo,red_bull,4,20,Hydraulics,20,0.0
2018,1,vettel,ferrari,3,1,Finished,58,25.0
2018,1,hamilton,mercedes,1,2,Finished,58,18.0
2018,1,raikkonen,ferrari,2,3,Finished,58,15.0
2018,1,ricciardo,red_bull,8,4,Finished,58,12.0
2018,1,alonso,mclaren,10,5,Finished,58,10.0
2018,1,max_verstappen,red_bull,4,6,Finished,58,8.0
2018,1,hulkenberg,renault,7,7,Finished,58,6.0
2018,1,bottas,mercedes,15,8,Finished,58,4.0
2018,1,vandoorne,mclaren,11,9,Finished,58,2.0
2018,1,sainz,renault,9,10,Finished,58,1.0
2018,1,perez,force_india,12,11,Finished,58,0.0
2018,1,ocon,force_india,14,12,Finished,58,0.0
2018,1,leclerc,sauber,18,13,Finished,58,0.0
2018,1,stroll,williams,13,14,Finished,58,0.0
2018,1,brendon_hartley,toro_rosso,16,15,+1 Lap,57,0.0
2018,1,grosjean,haas,6,16,Wheel,24,0.0
2018,1,kevin_magnussen,haas,5,17,Wheel,22,0.0
2018,1,gasly,toro_rosso,20,18,Engine,13,0.0
2018,1,ericsson,sauber,17,19,Steering,5,0.0
2018,1,sirotkin,williams,19,20,Brakes,4,0.0
2018,2,vettel,ferrari,1,1,Finished,57,25.0
2018,2,bottas,mercedes,3,2,Finished,57,18.0
2018,2,hamilton,mercedes,9,3,Finished,57,15.0
2018,2,gasly,toro_rosso,5,4,Finished,57,12.0
2018,2,kevin_magnussen,haas,6,5,Finished,57,10.0
2018,2,hulkenberg,renault,7,6,Finished,57,8.0
2018,2,alonso,mclaren,13,7,+1 Lap,56,6.0
2018,2,vandoorne,mclaren,14,8,+1 Lap,56,4.0
2018,2,ericsson,sauber,17,9,+1 Lap,56,2.0
2018,2,ocon,force_india,8,10,+1 Lap,56,1.0
2018,2,sainz,renault,10,11,+1 Lap,56,0.0
2018,2,leclerc,sauber,19,12,+1 Lap,56,0.0
2018,2,grosjean,haas,16,13,+1 Lap,56,0.0
2018,2,stroll,williams,20,14,+1 Lap,56,0.0
2018,2,sirotkin,williams,18,15,+1 Lap,56,0.0
2018,2,perez,force_india,12,16,+1 Lap,56,0.0
2018,2,brendon_hartley,toro_rosso,11,17,+1 Lap,56,0.0
2018,2,raikkonen,ferrari,2,18,Wheel,35,0.0
2018,2,max_verstappen,red_bull,15,19,Puncture,3,0.0
2018,2,ricciardo,red_bull,4,20,Electrical,1,0.0
2018,3,ricciardo,red_bull,6,1,Finished,56,25.0
2018,3,bottas,mercedes,3,2,Finished,56,18.0
2018,3,raikkonen,ferrari,2,3,Finished,56,15.0
2018,3,hamilton,mercedes,4,4,Finished,56,12.0
2018,3,max_verstappen,red_bull,5,5,Finished,56,10.0
2018,3,hulkenberg,renault,7,6,Finished,56,8.0
2018,3,alonso,mclaren,13,7,Finished,56,6.0
2018,3,vettel,ferrari,1,8,Finished,56,4.0
2018,3,sainz,renault,9,9,Finished,56,2.0
2018,3,kevin_magnussen,haas,11,10,Finished,56,1.0
2018,3,ocon,force_india,12,11,Finished,56,0.0
2018,3,perez,force_india,8,12,Finished,56,0.0
2018,3,vandoorne,mclaren,14,13,Finished,56,0.0
2018,3,stroll,williams,18,14,Finished,56,0.0
2018,3,sirotkin,williams,16,15,Finished,56,0.0
2018,3,ericsson,sauber,20,16,Finished,56,0.0
2018,3,grosjean,haas,10,17,Finished,56,0.0
2018,3,gasly,toro_rosso,17,18,Finished,56,0.0
2018,3,leclerc,sauber,19,19,Finished,56,0.0
2018,3,brendon_hartley,toro_rosso,15,20,Collision damage,51,0.0
2018,4,hamilton,mercedes,2,1,Finished,51,25.0
2018,4,raikkonen,ferrari,6,2,Finished,51,18.0
2018,4,perez,force_india,8,3,Finished,51,15.0
2018,4,vettel,ferrari,1,4,Finished,51,12.0
2018,4,sainz,renault,9,5,Finished,51,10.0
2018,4,leclerc,sauber,13,6,Finished,51,8.0
2018,4,alonso,mclaren,12,7,Finished,51,6.0
2018,4,stroll,williams,10,8,Finished,51,4.0
2018,4,vandoorne,mclaren,16,9,Finished,51,2.0
2018,4,brendon_hartley,toro_rosso,19,10,Finished,51,1.0
2018,4,ericsson,sauber,18,11,Finished,51,0.0
2018,4,gasly,toro_rosso,17,12,Finished,51,0.0
2018,4,kevin_magnussen,haas,15,13,Finished,51,0.0
2018,4,bottas,mercedes,3,14,Puncture,48,0.0
2018,4,grosjean,haas,20,15,Accident,42,0.0
2018,4,max_verstappen,red_bull,5,16,Collision,39,0.0
2018,4,ricciardo,red_bull,4,17,Collision,39,0.0
2018,4,hulkenberg,renault,14,18,Accident,10,0.0
2018,4,ocon,force_india,7,19,Collision,0,0.0
2018,4,sirotkin,williams,11,20,Collision,0,0.0
2018,5,hamilton,mercedes,1,1,Finished,66,25.0
2018,5,bottas,mercedes,2,2,Finished,66,18.0
2018,5,max_verstappen,red_bull,5,3,Finished,66,15.0
2018,5,vettel,ferrari,3,4,Finished,66,12.0
2018,5,ricciardo,red_bull,6,5,Finished,66,10.0
2018,5,kevin_magnussen,haas,7,6,+1 Lap,65,8.0
2018,5,sainz,renault,9,7,+1 Lap,65,6.0
2018,5,alonso,mclaren,8,8,+1 Lap,65,4.0
2018,5,perez,force_india,15,9,+2 Laps,64,2.0
2018,5,leclerc,sauber,14,10,+2 Laps,64,1.0
2018,5,stroll,williams,18,11,+2 Laps,64,0.0
2018,5,brendon_hartley,toro_rosso,20,12,+2 Laps,64,0.0
2018,5,ericsson,sauber,17,13,+2 Laps,64,0.0
2018,5,sirotkin,williams,19,14,+3 Laps,63,0.0
2018,5,vandoorne,mclaren,11,15,Gearbox,45,0.0
2018,5,ocon,force_india,13,16,Oil leak,38,0.0
2018,5,raikkonen,ferrari,4,17,Turbo,25,0.0
2018,5,grosjean,haas,10,18,Collision,0,0.0
2018,5,gasly,toro_rosso,12,19,Collision,0,0.0
2018,5,hulkenberg,renault,16,20,Collision,0,0.0
2018,6,ricciardo,red_bull,1,1,Finished,78,25.0
2018,6,vettel,ferrari,2,2,Finished,78,18.0
2018,6,hamilton,mercedes,3,3,Finished,78,15.0
2018,6,raikkonen,ferrari,4,4,Finished,78,12.0
2018,6,bottas,mercedes,5,5,Finished,78,10.0
2018,6,ocon,force_india,6,6,Finished,78,8.0
2018,6,gasly,toro_rosso,10,7,Finished,78,6.0
2018,6,hulkenberg,renault,11,8,Finished,78,4.0
2018,6,max_verstappen,red_bull,20,9,Finished,78,2.0
2018,6,sainz,renault,8,10,Finished,78,1.0
2018,6,ericsson,sauber,16,11,Finished,78,0.0
2018,6,perez,force_india,9,12,Finished,78,0.0
2018,6,kevin_magnussen,haas,19,13,Finished,78,0.0
2018,6,vandoorne,mclaren,12,14,+1 Lap,77,0.0
2018,6,grosjean,haas,18,15,+1 Lap,77,0.0
2018,6,sirotkin,williams,13,16,+1 Lap,77,0.0
2018,6,stroll,williams,17,17,+2 Laps,76,0.0
2018,6,leclerc,sauber,14,18,Collision,70,0.0
2018,6,brendon_hartley,toro_rosso,15,19,Collision,70,0.0
2018,6,alonso,mclaren,7,20,Gearbox,52,0.0
2018,7,vettel,ferrari,1,1,Finished,68,25.0
2018,7,bottas,mercedes,2,2,Finished,68,18.0
2018,7,max_verstappen,red_bull,3,3,Finished,68,15.0
2018,7,ricciardo,red_bull,6,4,Finished,68,12.0
2018,7,hamilton,mercedes,4,5,Finished,68,10.0
2018,7,raikkonen,ferrari,5,6,Finished,68,8.0
2018,7,hulkenberg,renault,7,7,+1 Lap,67,6.0
2018,7,sainz,renault,9,8,+1 Lap,67,4.0
2018,7,ocon,force_india,8,9,+1 Lap,67,2.0
2018,7,leclerc,sauber,13,10,+1 Lap,67,1.0
2018,7,gasly,toro_rosso,16,11,+1 Lap,67,0.0
2018,7,grosjean,haas,20,12,+1 Lap,67,0.0
2018,7,kevin_magnussen,haas,11,13,+1 Lap,67,0.0
2018,7,perez,force_india,10,14,+1 Lap,67,0.0
2018,7,ericsson,sauber,19,15,+2 Laps,66,0.0
2018,7,vandoorne,mclaren,15,16,+2 Laps,66,0.0
2018,7,sirotkin,williams,18,17,+2 Laps,66,0.0
2018,7,alonso,mclaren,14,18,Exhaust,40,0.0
2018,7,brendon_hartley,toro_rosso,12,19,Collision,0,0.0
2018,7,stroll,williams,17,20,Collision,0,0.0
2018,8,hamilton,mercedes,1,1,Finished,53,25.0
2018,8,max_verstappen,red_bull,4,2,Finished,53,18.0
2018,8,raikkonen,ferrari,6,3,Finished,53,15.0
2018,8,ricciardo,red_bull,5,4,Finished,53,12.0
2018,8,vettel,ferrari,3,5,Finished,53,10.0
2018,8,kevin_magnussen,haas,9,6,Finished,53,8.0
2018,8,bottas,mercedes,2,7,Finished,53,6.0
2018,8,sainz,renault,7,8,Finished,53,4.0
2018,8,hulkenberg,renault,12,9,Finished,53,2.0
2018,8,leclerc,sauber,8,10,Finished,53,1.0
2018,8,grosjean,haas,10,11,+1 Lap,52,0.0
2018,8,vandoorne,mclaren,17,12,+1 Lap,52,0.0
2018,8,ericsson,sauber,15,13,+1 Lap,52,0.0
2018,8,brendon_hartley,toro_rosso,20,14,+1 Lap,52,0.0
2018,8,sirotkin,williams,18,15,+1 Lap,52,0.0
2018,8,alonso,mclaren,16,16,Wheel,50,0.0
2018,8,stroll,williams,19,17,Puncture,48,0.0
2018,8,perez,force_india,13,18,Engine,27,0.0
2018,8,ocon,force_india,11,19,Collision,0,0.0
2018,8,gasly,toro_rosso,14,20,Collision,0,0.0
2018,9,max_verstappen,red_bull,4,1,Finished,71,25.0
2018,9,raikkonen,ferrari,3,2,Finished,71,18.0
2018,9,vettel,ferrari,6,3,Finished,71,15.0
2018,9,grosjean,haas,5,4,+1 Lap,70,12.0
2018,9,kevin_magnussen,haas,8,5,+1 Lap,70,10.0
2018,9,ocon,force_india,11,6,+1 Lap,70,8.0
2018,9,perez,force_india,16,7,+1 Lap,70,6.0
2018,9,alonso,mclaren,13,8,+1 Lap,70,4.0
2018,9,leclerc,sauber,18,9,+1 Lap,70,2.0
2018,9,ericsson,sauber,20,10,+1 Lap,70,1.0
2018,9,gasly,toro_rosso,12,11,+1 Lap,70,0.0
2018,9,sainz,renault,9,12,+1 Lap,70,0.0
2018,9,sirotkin,williams,17,13,+2 Laps,69,0.0
2018,9,stroll,williams,14,14,+2 Laps,69,0.0
2018,9,vandoorne,mclaren,15,15,Collision damage,65,0.0
2018,9,hamilton,mercedes,2,16,Fuel pressure,62,0.0
2018,9,brendon_hartley,toro_rosso,19,17,Hydraulics,54,0.0
2018,9,ricciardo,red_bull,7,18,Exhaust,53,0.0
2018,9,bottas,mercedes,1,19,Hydraulics,13,0.0
2018,9,hulkenberg,renault,10,20,Engine,11,0.0
2018,10,vettel,ferrari,2,1,Finished,52,25.0
2018,10,hamilton,mercedes,1,2,Finished,52,18.0
2018,10,raikkonen,ferrari,3,3,Finished,52,15.0
2018,10,bottas,mercedes,4,4,Finished,52,12.0
2018,10,ricciardo,red_bull,6,5,Finished,52,10.0
2018,10,hulkenberg,renault,11,6,Finished,52,8.0
2018,10,ocon,force_india,10,7,Finished,52,6.0
2018,10,alonso,mclaren,13,8,Finished,52,4.0
2018,10,kevin_magnussen,haas,7,9,Finished,52,2.0
2018,10,perez,force_india,12,10,Finished,52,1.0
2018,10,vandoorne,mclaren,17,11,Finished,52,0.0
2018,10,stroll,williams,19,12,Finished,52,0.0
2018,10,gasly,toro_rosso,14,13,Finished,52,0.0
2018,10,sirotkin,williams,18,14,Finished,52,0.0
2018,10,max_verstappen,red_bull,5,15,Brakes,46,0.0
2018,10,grosjean,haas,8,16,Collision,37,0.0
2018,10,sainz,renault,16,17,Collision,37,0.0
2018,10,ericsson,sauber,15,18,Accident,31,0.0
2018,10,leclerc,sauber,9,19,Tyre,18,0.0
2018,10,brendon_hartley,toro_rosso,0,20,Power Unit,1,0.0
2018,11,hamilton,mercedes,14,1,Finished,67,25.0
2018,11,bottas,mercedes,2,2,Finished,67,18.0
2018,11,raikkonen,ferrari,3,3,Finished,67,15.0
2018,11,max_verstappen,red_bull,4,4,Finished,67,12.0
2018,11,hulkenberg,renault,7,5,Finished,67,10.0
2018,11,grosjean,haas,6,6,Finished,67,8.0
2018,11,perez,force_india,10,7,Finished,67,6.0
2018,11,ocon,force_india,15,8,Finished,67,4.0
2018,11,ericsson,sauber,13,9,Finished,67,2.0
2018,11,brendon_hartley,toro_rosso,17,10,Finished,67,1.0
2018,11,kevin_magnussen,haas,5,11,Finished,67,0.0
2018,11,sainz,renault,8,12,Finished,67,0.0
2018,11,vandoorne,mclaren,19,13,Finished,67,0.0
2018,11,gasly,toro_rosso,16,14,+1 Lap,66,0.0
2018,11,leclerc,sauber,9,15,+1 Lap,66,0.0
2018,11,alonso,mclaren,11,16,Retired,65,0.0
2018,11,stroll,williams,18,17,Engine,53,0.0
2018,11,vettel,ferrari,1,18,Accident,51,0.0
2018,11,sirotkin,williams,12,19,Engine,51,0.0
2018,11,ricciardo,red_bull,20,20,Engine,27,0.0
2018,12,hamilton,mercedes,1,1,Finished,70,25.0
2018,12,vettel,ferrari,4,2,Finished,70,18.0
2018,12,raikkonen,ferrari,3,3,Finished,70,15.0
2018,12,ricciardo,red_bull,12,4,Finished,70,12.0
2018,12,bottas,mercedes,2,5,Finished,70,10.0
2018,12,gasly,toro_rosso,6,6,Finished,70,8.0
2018,12,kevin_magnussen,haas,9,7,+1 Lap,69,6.0
2018,12,alonso,mclaren,11,8,+1 Lap,69,4.0
2018,12,sainz,renault,5,9,+1 Lap,69,2.0
2018,12,grosjean,haas,10,10,+1 Lap,69,1.0
2018,12,brendon_hartley,toro_rosso,8,11,+1 Lap,69,0.0
2018,12,hulkenberg,renault,13,12,+1 Lap,69,0.0
2018,12,ocon,force_india,18,13,+1 Lap,69,0.0
2018,12,perez,force_india,19,14,+1 Lap,69,0.0
2018,12,ericsson,sauber,14,15,+2 Laps,68,0.0
2018,12,sirotkin,williams,20,16,+2 Laps,68,0.0
2018,12,stroll,williams,15,17,+2 Laps,68,0.0
2018,12,vandoorne,mclaren,16,18,Gearbox,49,0.0
2018,12,max_verstappen,red_bull,7,19,Power loss,5,0.0
2018,12,leclerc,sauber,17,20,Suspension,0,0.0
2018,13,vettel,ferrari,2,1,Finished,44,25.0
2018,13,hamilton,mercedes,1,2,Finished,44,18.0
2018,13,max_verstappen,red_bull,7,3,Finished,44,15.0
2018,13,bottas,mercedes,19,4,Finished,44,12.0
2018,13,perez,force_india,4,5,Finished,44,10.0
2018,13,ocon,force_india,3,6,Finished,44,8.0
2018,13,grosjean,haas,5,7,Finished,44,6.0
2018,13,kevin_magnussen,haas,9,8,Finished,44,4.0
2018,13,gasly,toro_rosso,10,9,Finished,44,2.0
2018,13,ericsson,sauber,13,10,+1 Lap,43,1.0
2018,13,sainz,renault,14,11,+1 Lap,43,0.0
2018,13,sirotkin,williams,16,12,+1 Lap,43,0.0
2018,13,stroll,williams,17,13,+1 Lap,43,0.0
2018,13,brendon_hartley,toro_rosso,11,14,+1 Lap,43,0.0
2018,13,vandoorne,mclaren,18,15,+1 Lap,43,0.0
2018,13,ricciardo,red_bull,8,16,Retired,28,0.0
2018,13,raikkonen,ferrari,6,17,Brakes,8,0.0
2018,13,leclerc,sauber,12,18,Accident,0,0.0
2018,13,alonso,mclaren,15,19,Accident,0,0.0
2018,13,hulkenberg,renault,20,20,Accident,0,0.0
2018,14,hamilton,mercedes,3,1,Finished,53,25.0
2018,14,raikkonen,ferrari,1,2,Finished,53,18.0
2018,14,bottas,mercedes,4,3,Finished,53,15.0
2018,14,vettel,ferrari,2,4,Finished,53,12.0
2018,14,max_verstappen,red_bull,5,5,Finished,53,10.0
2018,14,ocon,force_india,8,6,Finished,53,8.0
2018,14,perez,force_india,14,7,Finished,53,6.0
2018,14,sainz,renault,7,8,Finished,53,4.0
2018,14,stroll,williams,10,9,+1 Lap,52,2.0
2018,14,sirotkin,williams,12,10,+1 Lap,52,1.0
2018,14,leclerc,sauber,15,11,+1 Lap,52,0.0
2018,14,vandoorne,mclaren,17,12,+1 Lap,52,0.0
2018,14,hulkenberg,renault,20,13,+1 Lap,52,0.0
2018,14,gasly,toro_rosso,9,14,+1 Lap,52,0.0
2018,14,ericsson,sauber,18,15,+1 Lap,52,0.0
2018,14,kevin_magnussen,haas,11,16,+1 Lap,52,0.0
2018,14,ricciardo,red_bull,19,17,Engine,23,0.0
2018,14,alonso,mclaren,13,18,Engine,9,0.0
2018,14,brendon_hartley,toro_rosso,16,19,Brakes,0,0.0
2018,14,grosjean,haas,6,20,Disqualified,53,0.0
2018,15,hamilton,mercedes,1,1,Finished,61,25.0
2018,15,max_verstappen,red_bull,2,2,Finished,61,18.0
2018,15,vettel,ferrari,3,3,Finished,61,15.0
2018,15,bottas,mercedes,4,4,Finished,61,12.0
2018,15,raikkonen,ferrari,5,5,Finished,61,10.0
2018,15,ricciardo,red_bull,6,6,Finished,61,8.0
2018,15,alonso,mclaren,11,7,Finished,61,6.0
2018,15,sainz,renault,12,8,+1 Lap,60,4.0
2018,15,leclerc,sauber,13,9,+1 Lap,60,2.0
2018,15,hulkenberg,renault,10,10,+1 Lap,60,1.0
2018,15,ericsson,sauber,14,11,+1 Lap,60,0.0
2018,15,vandoorne,mclaren,18,12,+1 Lap,60,0.0
2018,15,gasly,toro_rosso,15,13,+1 Lap,60,0.0
2018,15,stroll,williams,20,14,+1 Lap,60,0.0
2018,15,grosjean,haas,8,15,+1 Lap,60,0.0
2018,15,perez,force_india,7,16,+1 Lap,60,0.0
2018,15,brendon_hartley,toro_rosso,17,17,+1 Lap,60,0.0
2018,15,kevin_magnussen,haas,16,18,+2 Laps,59,0.0
2018,15,sirotkin,williams,19,19,+2 Laps,59,0.0
2018,15,ocon,force_india,9,20,Collision,0,0.0
2018,16,hamilton,mercedes,2,1,Finished,53,25.0
2018,16,bottas,mercedes,1,2,Finished,53,18.0
2018,16,vettel,ferrari,3,3,Finished,53,15.0
2018,16,raikkonen,ferrari,4,4,Finished,53,12.0
2018,16,max_verstappen,red_bull,19,5,Finished,53,10.0
2018,16,ricciardo,red_bull,18,6,Finished,53,8.0
2018,16,leclerc,sauber,7,7,Finished,53,6.0
2018,16,kevin_magnussen,haas,5,8,+1 Lap,52,4.0
2018,16,ocon,force_india,6,9,+1 Lap,52,2.0
2018,16,perez,force_india,8,10,+1 Lap,52,1.0
2018,16,grosjean,haas,9,11,+1 Lap,52,0.0
2018,16,hulkenberg,renault,12,12,+1 Lap,52,0.0
2018,16,ericsson,sauber,10,13,+1 Lap,52,0.0
2018,16,alonso,mclaren,16,14,+1 Lap,52,0.0
2018,16,stroll,williams,14,15,+1 Lap,52,0.0
2018,16,vandoorne,mclaren,15,16,+2 Laps,51,0.0
2018,16,sainz,renault,11,17,+2 Laps,51,0.0
2018,16,sirotkin,williams,13,18,+2 Laps,51,0.0
2018,16,gasly,toro_rosso,17,19,Brakes,4,0.0
2018,16,brendon_hartley,toro_rosso,20,20,Brakes,4,0.0
2018,17,hamilton,mercedes,1,1,Finished,53,25.0
2018,17,bottas,mercedes,2,2,Finished,53,18.0
2018,17,max_verstappen,red_bull,3,3,Finished,53,15.0
2018,17,ricciardo,red_bull,15,4,Finished,53,12.0
2018,17,raikkonen,ferrari,4,5,Finished,53,10.0
2018,17,vettel,ferrari,8,6,Finished,53,8.0
2018,17,perez,force_india,9,7,Finished,53,6.0
2018,17,grosjean,haas,5,8,Finished,53,4.0
2018,17,ocon,force_india,11,9,Finished,53,2.0
2018,17,sainz,renault,13,10,+1 Lap,52,1.0
2018,17,gasly,toro_rosso,7,11,+1 Lap,52,0.0
2018,17,ericsson,sauber,20,12,+1 Lap,52,0.0
2018,17,brendon_hartley,toro_rosso,6,13,+1 Lap,52,0.0
2018,17,alonso,mclaren,18,14,+1 Lap,52,0.0
2018,17,vandoorne,mclaren,19,15,+1 Lap,52,0.0
2018,17,sirotkin,williams,17,16,+1 Lap,52,0.0
2018,17,stroll,williams,14,17,+1 Lap,52,0.0
2018,17,leclerc,sauber,10,18,Mechanical,38,0.0
2018,17,hulkenberg,renault,16,19,Engine,37,0.0
2018,17,kevin_magnussen,haas,12,20,Collision damage,8,0.0
2018,18,raikkonen,ferrari,2,1,Finished,56,25.0
2018,18,max_verstappen,red_bull,18,2,Finished,56,18.0
2018,18,hamilton,mercedes,1,3,Finished,56,15.0
2018,18,vettel,ferrari,5,4,Finished,56,12.0
2018,18,bottas,mercedes,3,5,Finished,56,10.0
2018,18,hulkenberg,renault,7,6,Finished,56,8.0
2018,18,sainz,renault,11,7,Finished,56,6.0
2018,18,perez,force_india,10,8,Finished,56,4.0
2018,18,brendon_hartley,toro_rosso,20,9,+1 Lap,55,2.0
2018,18,ericsson,sauber,16,10,+1 Lap,55,1.0
2018,18,vandoorne,mclaren,17,11,+1 Lap,55,0.0
2018,18,gasly,toro_rosso,19,12,+1 Lap,55,0.0
2018,18,sirotkin,williams,14,13,+1 Lap,55,0.0
2018,18,stroll,williams,15,14,+2 Laps,54,0.0
2018,18,leclerc,sauber,9,15,Collision damage,31,0.0
2018,18,ricciardo,red_bull,4,16,Battery,8,0.0
2018,18,grosjean,haas,8,17,Collision damage,2,0.0
2018,18,alonso,mclaren,13,18,Collision,1,0.0
2018,18,ocon,force_india,6,19,Disqualified,56,0.0
2018,18,kevin_magnussen,haas,12,20,Disqualified,56,0.0
2018,19,max_verstappen,red_bull,2,1,Finished,71,25.0
2018,19,vettel,ferrari,4,2,Finished,71,18.0
2018,19,raikkonen,ferrari,6,3,Finished,71,15.0
2018,19,hamilton,mercedes,3,4,Finished,71,12.0
2018,19,bottas,mercedes,5,5,+1 Lap,70,10.0
2018,19,hulkenberg,renault,7,6,+2 Laps,69,8.0
2018,19,leclerc,sauber,9,7,+2 Laps,69,6.0
2018,19,vandoorne,mclaren,15,8,+2 Laps,69,4.0
2018,19,ericsson,sauber,10,9,+2 Laps,69,2.0
2018,19,gasly,toro_rosso,20,10,+2 Laps,69,1.0
2018,19,ocon,force_india,11,11,+2 Laps,69,0.0
2018,19,stroll,williams,17,12,+2 Laps,69,0.0
2018,19,sirotkin,williams,19,13,+2 Laps,69,0.0
2018,19,brendon_hartley,toro_rosso,14,14,+2 Laps,69,0.0
2018,19,kevin_magnussen,haas,16,15,+2 Laps,69,0.0
2018,19,grosjean,haas,18,16,+3 Laps,68,0.0
2018,19,ricciardo,red_bull,1,17,Engine,61,0.0
2018,19,perez,force_india,13,18,Brakes,38,0.0
2018,19,sainz,renault,8,19,Suspension,28,0.0
2018,19,alonso,mclaren,12,20,Engine,3,0.0
2018,20,hamilton,mercedes,1,1,Finished,71,25.0
2018,20,max_verstappen,red_bull,5,2,Finished,71,18.0
2018,20,raikkonen,ferrari,4,3,Finished,71,15.0
2018,20,ricciardo,red_bull,11,4,Finished,71,12.0
2018,20,bottas,mercedes,3,5,Finished,71,10.0
2018,20,vettel,ferrari,2,6,Finished,71,8.0
2018,20,leclerc,sauber,7,7,Finished,71,6.0
2018,20,grosjean,haas,8,8,Finished,71,4.0
2018,20,kevin_magnussen,haas,10,9,Finished,71,2.0
2018,20,perez,force_india,12,10,+1 Lap,70,1.0
2018,20,brendon_hartley,toro_rosso,16,11,+1 Lap,70,0.0
2018,20,sainz,renault,15,12,+1 Lap,70,0.0
2018,20,gasly,toro_rosso,9,13,+1 Lap,70,0.0
2018,20,vandoorne,mclaren,20,14,+1 Lap,70,0.0
2018,20,ocon,force_india,18,15,+1 Lap,70,0.0
2018,20,sirotkin,williams,14,16,+2 Laps,69,0.0
2018,20,alonso,mclaren,17,17,+2 Laps,69,0.0
2018,20,stroll,williams,19,18,+2 Laps,69,0.0
2018,20,hulkenberg,renault,13,19,Overheating,32,0.0
2018,20,ericsson,sauber,6,20,Collision,20,0.0
2018,21,hamilton,mercedes,1,1,Finished,55,25.0
2018,21,vettel,ferrari,3,2,Finished,55,18.0
2018,21,max_verstappen,red_bull,6,3,Finished,55,15.0
2018,21,ricciardo,red_bull,5,4,Finished,55,12.0
2018,21,bottas,mercedes,2,5,Finished,55,10.0
2018,21,sainz,renault,11,6,Finished,55,8.0
2018,21,leclerc,sauber,8,7,Finished,55,6.0
2018,21,perez,force_india,14,8,Finished,55,4.0
2018,21,grosjean,haas,7,9,+1 Lap,54,2.0
2018,21,kevin_magnussen,haas,13,10,+1 Lap,54,1.0
2018,21,alonso,mclaren,15,11,+1 Lap,54,0.0
2018,21,brendon_hartley,toro_rosso,16,12,+1 Lap,54,0.0
2018,21,stroll,williams,20,13,+1 Lap,54,0.0
2018,21,vandoorne,mclaren,18,14,+1 Lap,54,0.0
2018,21,sirotkin,williams,19,15,+1 Lap,54,0.0
2018,21,gasly,toro_rosso,17,16,Engine,46,0.0
2018,21,ocon,force_india,9,17,Engine,44,0.0
2018,21,ericsson,sauber,12,18,Power loss,24,0.0
2018,21,raikkonen,ferrari,4,19,Power loss,6,0.0
2018,21,hulkenberg,renault,10,20,Collision,0,0.0
2019,1,bottas,mercedes,2,1,Finished,58,26.0
2019,1,hamilton,mercedes,1,2,Finished,58,18.0
2019,1,max_verstappen,red_bull,4,3,Finished,58,15.0
2019,1,vettel,ferrari,3,4,Finished,58,12.0
2019,1,leclerc,ferrari,5,5,Finished,58,10.0
2019,1,kevin_magnussen,haas,7,6,Finished,58,8.0
2019,1,hulkenberg,renault,11,7,+1 Lap,57,6.0
2019,1,raikkonen,alfa,9,8,+1 Lap,57,4.0
2019,1,stroll,racing_point,16,9,+1 Lap,57,2.0
2019,1,kvyat,toro_rosso,15,10,+1 Lap,57,1.0
2019,1,gasly,red_bull,17,11,+1 Lap,57,0.0
2019,1,norris,mclaren,8,12,+1 Lap,57,0.0
2019,1,perez,racing_point,10,13,+1 Lap,57,0.0
2019,1,albon,toro_rosso,13,14,+1 Lap,57,0.0
2019,1,giovinazzi,alfa,14,15,+1 Lap,57,0.0
2019,1,russell,williams,19,16,+2 Laps,56,0.0
2019,1,kubica,williams,20,17,+3 Laps,55,0.0
2019,1,grosjean,haas,6,18,Wheel,29,0.0
2019,1,ricciardo,renault,12,19,Damage,28,0.0
2019,1,sainz,mclaren,18,20,Engine,9,0.0
2019,2,hamilton,mercedes,3,1,Finished,57,25.0
2019,2,bottas,mercedes,4,2,Finished,57,18.0
2019,2,leclerc,ferrari,1,3,Finished,57,16.0
2019,2,max_verstappen,red_bull,5,4,Finished,57,12.0
2019,2,vettel,ferrari,2,5,Finished,57,10.0
2019,2,norris,mclaren,9,6,Finished,57,8.0
2019,2,raikkonen,alfa,8,7,Finished,57,6.0
2019,2,gasly,red_bull,13,8,Finished,57,4.0
2019,2,albon,toro_rosso,12,9,Finished,57,2.0
2019,2,perez,racing_point,14,10,Finished,57,1.0
2019,2,giovinazzi,alfa,16,11,Finished,57,0.0
2019,2,kvyat,toro_rosso,15,12,+1 Lap,56,0.0
2019,2,kevin_magnussen,haas,6,13,+1 Lap,56,0.0
2019,2,stroll,racing_point,18,14,+1 Lap,56,0.0
2019,2,russell,williams,19,15,+1 Lap,56,0.0
2019,2,kubica,williams,20,16,+2 Laps,55,0.0
2019,2,hulkenberg,renault,17,17,Engine,53,0.0
2019,2,ricciardo,renault,10,18,Out of fuel,53,0.0
2019,2,sainz,mclaren,7,19,Collision damage,53,0.0
2019,2,grosjean,haas,11,20,Retired,16,0.0
2019,3,hamilton,mercedes,2,1,Finished,56,25.0
2019,3,bottas,mercedes,1,2,Finished,56,18.0
2019,3,vettel,ferrari,3,3,Finished,56,15.0
2019,3,max_verstappen,red_bull,5,4,Finished,56,12.0
2019,3,leclerc,ferrari,4,5,Finished,56,10.0
2019,3,gasly,red_bull,6,6,Finished,56,9.0
2019,3,ricciardo,renault,7,7,+1 Lap,55,6.0
2019,3,perez,racing_point,12,8,+1 Lap,55,4.0
2019,3,raikkonen,alfa,13,9,+1 Lap,55,2.0
2019,3,albon,toro_rosso,0,10,+1 Lap,55,1.0
2019,3,grosjean,haas,10,11,+1 Lap,55,0.0
2019,3,stroll,racing_point,16,12,+1 Lap,55,0.0
2019,3,kevin_magnussen,haas,9,13,+1 Lap,55,0.0
2019,3,sainz,mclaren,14,14,+1 Lap,55,0.0
2019,3,giovinazzi,alfa,19,15,+1 Lap,55,0.0
2019,3,russell,williams,17,16,+2 Laps,54,0.0
2019,3,kubica,williams,18,17,+2 Laps,54,0.0
2019,3,norris,mclaren,15,18,Collision,50,0.0
2019,3,kvyat,toro_rosso,11,19,Collision,41,0.0
2019,3,hulkenberg,renault,8,20,Power Unit,16,0.0
2019,4,bottas,mercedes,1,1,Finished,51,25.0
2019,4,hamilton,mercedes,2,2,Finished,51,18.0
2019,4,vettel,ferrari,3,3,Finished,51,15.0
2019,4,max_verstappen,red_bull,4,4,Finished,51,12.0
2019,4,leclerc,ferrari,8,5,Finished,51,11.0
2019,4,perez,racing_point,5,6,Finished,51,8.0
2019,4,sainz,mclaren,9,7,Finished,51,6.0
2019,4,norris,mclaren,7,8,Finished,51,4.0
2019,4,stroll,racing_point,13,9,Finished,51,2.0
2019,4,raikkonen,alfa,0,10,+1 Lap,50,1.0
2019,4,albon,toro_rosso,11,11,+1 Lap,50,0.0
2019,4,giovinazzi,alfa,17,12,+1 Lap,50,0.0
2019,4,kevin_magnussen,haas,12,13,+1 Lap,50,0.0
2019,4,hulkenberg,renault,15,14,+1 Lap,50,0.0
2019,4,russell,williams,16,15,+2 Laps,49,0.0
2019,4,kubica,williams,0,16,+2 Laps,49,0.0
2019,4,gasly,red_bull,0,17,Transmission,38,0.0
2019,4,grosjean,haas,14,18,Brakes,38,0.0
2019,4,kvyat,toro_rosso,6,19,Collision,33,0.0
2019,4,ricciardo,renault,10,20,Collision,31,0.0
2019,5,hamilton,mercedes,2,1,Finished,66,26.0
2019,5,bottas,mercedes,1,2,Finished,66,18.0
2019,5,max_verstappen,red_bull,4,3,Finished,66,15.0
2019,5,vettel,ferrari,3,4,Finished,66,12.0
2019,5,leclerc,ferrari,5,5,Finished,66,10.0
2019,5,gasly,red_bull,6,6,Finished,66,8.0
2019,5,kevin_magnussen,haas,8,7,Finished,66,6.0
2019,5,sainz,mclaren,12,8,Finished,66,4.0
2019,5,kvyat,toro_rosso,9,9,Finished,66,2.0
2019,5,grosjean,haas,7,10,Finished,66,1.0
2019,5,albon,toro_rosso,11,11,Finished,66,0.0
2019,5,ricciardo,renault,13,12,Finished,66,0.0
2019,5,hulkenberg,renault,0,13,Finished,66,0.0
2019,5,raikkonen,alfa,14,14,Finished,66,0.0
2019,5,perez,racing_point,15,15,Finished,66,0.0
2019,5,giovinazzi,alfa,18,16,Finished,66,0.0
2019,5,russell,williams,19,17,+1 Lap,65,0.0
2019,5,kubica,williams,17,18,+1 Lap,65,0.0
2019,5,stroll,racing_point,16,19,Collision,44,0.0
2019,5,norris,mclaren,10,20,Collision,44,0.0
2019,6,hamilton,mercedes,1,1,Finished,78,25.0
2019,6,vettel,ferrari,4,2,Finished,78,18.0
2019,6,bottas,mercedes,2,3,Finished,78,15.0
2019,6,max_verstappen,red_bull,3,4,Finished,78,12.0
2019,6,gasly,red_bull,8,5,Finished,78,11.0
2019,6,sainz,mclaren,9,6,Finished,78,8.0
2019,6,kvyat,toro_rosso,7,7,Finished,78,6.0
2019,6,albon,toro_rosso,10,8,Finished,78,4.0
2019,6,ricciardo,renault,6,9,Finished,78,2.0
2019,6,grosjean,haas,13,10,Finished,78,1.0
2019,6,norris,mclaren,12,11,Finished,78,0.0
2019,6,perez,racing_point,16,12,+1 Lap,77,0.0
2019,6,hulkenberg,renault,11,13,+1 Lap,77,0.0
2019,6,kevin_magnussen,haas,5,14,+1 Lap,77,0.0
2019,6,russell,williams,19,15,+1 Lap,77,0.0
2019,6,stroll,racing_point,17,16,+1 Lap,77,0.0
2019,6,raikkonen,alfa,14,17,+1 Lap,77,0.0
2019,6,kubica,williams,20,18,+1 Lap,77,0.0
2019,6,giovinazzi,alfa,18,19,+2 Laps,76,0.0
2019,6,leclerc,ferrari,15,20,Collision,16,0.0
2019,7,hamilton,mercedes,2,1,Finished,70,25.0
2019,7,vettel,ferrari,1,2,Finished,70,18.0
2019,7,leclerc,ferrari,3,3,Finished,70,15.0
2019,7,bottas,mercedes,6,4,Finished,70,13.0
2019,7,max_verstappen,red_bull,9,5,Finished,70,10.0
2019,7,ricciardo,renault,4,6,+1 Lap,69,8.0
2019,7,hulkenberg,renault,7,7,+1 Lap,69,6.0
2019,7,gasly,red_bull,5,8,+1 Lap,69,4.0
2019,7,stroll,racing_point,17,9,+1 Lap,69,2.0
2019,7,kvyat,toro_rosso,10,10,+1 Lap,69,1.0
2019,7,sainz,mclaren,11,11,+1 Lap,69,0.0
2019,7,perez,racing_point,15,12,+1 Lap,69,0.0
2019,7,giovinazzi,alfa,12,13,+1 Lap,69,0.0
2019,7,grosjean,haas,14,14,+1 Lap,69,0.0
2019,7,raikkonen,alfa,16,15,+1 Lap,69,0.0
2019,7,russell,williams,18,16,+2 Laps,68,0.0
2019,7,kevin_magnussen,haas,0,17,+2 Laps,68,0.0
2019,7,kubica,williams,19,18,+3 Laps,67,0.0
2019,7,albon,toro_rosso,13,19,Collision damage,59,0.0
2019,7,norris,mclaren,8,20,Suspension,8,0.0
2019,8,hamilton,mercedes,1,1,Finished,53,25.0
2019,8,bottas,mercedes,2,2,Finished,53,18.0
2019,8,leclerc,ferrari,3,3,Finished,53,15.0
2019,8,max_verstappen,red_bull,4,4,Finished,53,12.0
2019,8,vettel,ferrari,7,5,Finished,53,11.0
2019,8,sainz,mclaren,6,6,Finished,53,8.0
2019,8,raikkonen,alfa,12,7,+1 Lap,52,6.0
2019,8,hulkenberg,renault,13,8,+1 Lap,52,4.0
2019,8,norris,mclaren,5,9,+1 Lap,52,2.0
2019,8,gasly,red_bull,9,10,+1 Lap,52,1.0
2019,8,ricciardo,renault,8,11,+1 Lap,52,0.0
2019,8,perez,racing_point,14,12,+1 Lap,52,0.0
2019,8,stroll,racing_point,17,13,+1 Lap,52,0.0
2019,8,kvyat,toro_rosso,19,14,+1 Lap,52,0.0
2019,8,albon,toro_rosso,11,15,+1 Lap,52,0.0
2019,8,giovinazzi,alfa,10,16,+1 Lap,52,0.0
2019,8,kevin_magnussen,haas,15,17,+1 Lap,52,0.0
2019,8,kubica,williams,18,18,+2 Laps,51,0.0
2019,8,russell,williams,20,19,+2 Laps,51,0.0
2019,8,grosjean,haas,16,20,Retired,44,0.0
2019,9,max_verstappen,red_bull,2,1,Finished,71,26.0
2019,9,leclerc,ferrari,1,2,Finished,71,18.0
2019,9,bottas,mercedes,3,3,Finished,71,15.0
2019,9,vettel,ferrari,9,4,Finished,71,12.0
2019,9,hamilton,mercedes,4,5,Finished,71,10.0
2019,9,norris,mclaren,5,6,+1 Lap,70,8.0
2019,9,gasly,red_bull,8,7,+1 Lap,70,6.0
2019,9,sainz,mclaren,19,8,+1 Lap,70,4.0
2019,9,raikkonen,alfa,6,9,+1 Lap,70,2.0
2019,9,giovinazzi,alfa,7,10,+1 Lap,70,1.0
2019,9,perez,racing_point,13,11,+1 Lap,70,0.0
2019,9,ricciardo,renault,12,12,+1 Lap,70,0.0
2019,9,hulkenberg,renault,15,13,+1 Lap,70,0.0
2019,9,stroll,racing_point,14,14,+1 Lap,70,0.0
2019,9,albon,toro_rosso,18,15,+1 Lap,70,0.0
2019,9,grosjean,haas,11,16,+1 Lap,70,0.0
2019,9,kvyat,toro_rosso,16,17,+1 Lap,70,0.0
2019,9,russell,williams,0,18,+2 Laps,69,0.0
2019,9,kevin_magnussen,haas,10,19,+2 Laps,69,0.0
2019,9,kubica,williams,17,20,+3 Laps,68,0.0
2019,10,hamilton,mercedes,2,1,Finished,52,26.0
2019,10,bottas,mercedes,1,2,Finished,52,18.0
2019,10,leclerc,ferrari,3,3,Finished,52,15.0
2019,10,gasly,red_bull,5,4,Finished,52,12.0
2019,10,max_verstappen,red_bull,4,5,Finished,52,10.0
2019,10,sainz,mclaren,13,6,Finished,52,8.0
2019,10,ricciardo,renault,7,7,Finished,52,6.0
2019,10,raikkonen,alfa,12,8,Finished,52,4.0
2019,10,kvyat,toro_rosso,17,9,Finished,52,2.0
2019,10,hulkenberg,renault,10,10,Finished,52,1.0
2019,10,norris,mclaren,8,11,Finished,52,0.0
2019,10,albon,toro_rosso,9,12,Finished,52,0.0
2019,10,stroll,racing_point,18,13,Finished,52,0.0
2019,10,russell,williams,19,14,+1 Lap,51,0.0
2019,10,kubica,williams,20,15,+1 Lap,51,0.0
2019,10,vettel,ferrari,6,16,+1 Lap,51,0.0
2019,10,perez,racing_point,15,17,+1 Lap,51,0.0
2019,10,giovinazzi,alfa,11,18,Spun off,18,0.0
2019,10,grosjean,haas,14,19,Collision,9,0.0
2019,10,kevin_magnussen,haas,16,20,Collision,6,0.0
2019,11,max_verstappen,red_bull,2,1,Finished,64,26.0
2019,11,vettel,ferrari,20,2,Finished,64,18.0
2019,11,kvyat,toro_rosso,14,3,Finished,64,15.0
2019,11,stroll,racing_point,15,4,Finished,64,12.0
2019,11,sainz,mclaren,7,5,Finished,64,10.0
2019,11,albon,toro_rosso,16,6,Finished,64,8.0
2019,11,grosjean,haas,6,7,Finished,64,6.0
2019,11,kevin_magnussen,haas,12,8,Finished,64,4.0
2019,11,hamilton,mercedes,1,9,Finished,64,2.0
2019,11,kubica,williams,18,10,Finished,64,1.0
2019,11,russell,williams,17,11,Finished,64,0.0
2019,11,raikkonen,alfa,5,12,Finished,64,0.0
2019,11,giovinazzi,alfa,11,13,Finished,64,0.0
2019,11,gasly,red_bull,4,14,Collision,61,0.0
2019,11,bottas,mercedes,3,15,Accident,56,0.0
2019,11,hulkenberg,renault,9,16,Accident,39,0.0
2019,11,leclerc,ferrari,10,17,Accident,27,0.0
2019,11,norris,mclaren,19,18,Power loss,25,0.0
2019,11,ricciardo,renault,13,19,Exhaust,13,0.0
2019,11,perez,racing_point,8,20,Spun off,1,0.0
2019,12,hamilton,mercedes,3,1,Finished,70,25.0
2019,12,max_verstappen,red_bull,1,2,Finished,70,19.0
2019,12,vettel,ferrari,5,3,Finished,70,15.0
2019,12,leclerc,ferrari,4,4,Finished,70,12.0
2019,12,sainz,mclaren,8,5,+1 Lap,69,10.0
2019,12,gasly,red_bull,6,6,+1 Lap,69,8.0
2019,12,raikkonen,alfa,10,7,+1 Lap,69,6.0
2019,12,bottas,mercedes,2,8,+1 Lap,69,4.0
2019,12,norris,mclaren,7,9,+1 Lap,69,2.0
2019,12,albon,toro_rosso,12,10,+1 Lap,69,1.0
2019,12,perez,racing_point,16,11,+1 Lap,69,0.0
2019,12,hulkenberg,renault,11,12,+1 Lap,69,0.0
2019,12,kevin_magnussen,haas,14,13,+1 Lap,69,0.0
2019,12,ricciardo,renault,20,14,+1 Lap,69,0.0
2019,12,kvyat,toro_rosso,13,15,+2 Laps,68,0.0
2019,12,russell,williams,15,16,+2 Laps,68,0.0
2019,12,stroll,racing_point,18,17,+2 Laps,68,0.0
2019,12,giovinazzi,alfa,17,18,+2 Laps,68,0.0
2019,12,kubica,williams,19,19,+3 Laps,67,0.0
2019,12,grosjean,haas,9,20,Water pressure,49,0.0
2019,13,leclerc,ferrari,1,1,Finished,44,25.0
2019,13,hamilton,mercedes,3,2,Finished,44,18.0
2019,13,bottas,mercedes,4,3,Finished,44,15.0
2019,13,vettel,ferrari,2,4,Finished,44,13.0
2019,13,albon,red_bull,17,5,Finished,44,10.0
2019,13,perez,racing_point,7,6,Finished,44,8.0
2019,13,kvyat,toro_rosso,19,7,Finished,44,6.0
2019,13,hulkenberg,renault,12,8,Finished,44,4.0
2019,13,gasly,toro_rosso,13,9,Finished,44,2.0
2019,13,stroll,racing_point,16,10,Finished,44,1.0
2019,13,norris,mclaren,11,11,Engine,43,0.0
2019,13,kevin_magnussen,haas,8,12,+1 Lap,43,0.0
2019,13,grosjean,haas,9,13,+1 Lap,43,0.0
2019,13,ricciardo,renault,10,14,+1 Lap,43,0.0
2019,13,russell,williams,14,15,+1 Lap,43,0.0
2019,13,raikkonen,alfa,6,16,+1 Lap,43,0.0
2019,13,kubica,williams,0,17,+1 Lap,43,0.0
2019,13,giovinazzi,alfa,18,18,Accident,42,0.0
2019,13,sainz,mclaren,15,19,Power loss,1,0.0
2019,13,max_verstappen,red_bull,5,20,Accident,0,0.0
2019,14,leclerc,ferrari,1,1,Finished,53,25.0
2019,14,bottas,mercedes,3,2,Finished,53,18.0
2019,14,hamilton,mercedes,2,3,Finished,53,16.0
2019,14,ricciardo,renault,5,4,Finished,53,12.0
2019,14,hulkenberg,renault,6,5,Finished,53,10.0
2019,14,albon,red_bull,8,6,Finished,53,8.0
2019,14,perez,racing_point,18,7,Finished,53,6.0
2019,14,max_verstappen,red_bull,19,8,Finished,53,4.0
2019,14,giovinazzi,alfa,10,9,+1 Lap,52,2.0
2019,14,norris,mclaren,16,10,+1 Lap,52,1.0
2019,14,gasly,toro_rosso,17,11,+1 Lap,52,0.0
2019,14,stroll,racing_point,9,12,+1 Lap,52,0.0
2019,14,vettel,ferrari,4,13,+1 Lap,52,0.0
2019,14,russell,williams,14,14,+1 Lap,52,0.0
2019,14,raikkonen,alfa,0,15,+1 Lap,52,0.0
2019,14,grosjean,haas,13,16,+1 Lap,52,0.0
2019,14,kubica,williams,15,17,+2 Laps,51,0.0
2019,14,kevin_magnussen,haas,11,18,Hydraulics,43,0.0
2019,14,kvyat,toro_rosso,12,19,Engine,29,0.0
2019,14,sainz,mclaren,7,20,Wheel,27,0.0
2019,15,vettel,ferrari,3,1,Finished,61,25.0
2019,15,leclerc,ferrari,1,2,Finished,61,18.0
2019,15,max_verstappen,red_bull,4,3,Finished,61,15.0
2019,15,hamilton,mercedes,2,4,Finished,61,12.0
2019,15,bottas,mercedes,5,5,Finished,61,10.0
2019,15,albon,red_bull,6,6,Finished,61,8.0
2019,15,norris,mclaren,9,7,Finished,61,6.0
2019,15,gasly,toro_rosso,11,8,Finished,61,4.0
2019,15,hulkenberg,renault,8,9,Finished,61,2.0
2019,15,giovinazzi,alfa,10,10,Finished,61,1.0
2019,15,grosjean,haas,17,11,Finished,61,0.0
2019,15,sainz,mclaren,7,12,Finished,61,0.0
2019,15,stroll,racing_point,16,13,Finished,61,0.0
2019,15,ricciardo,renault,20,14,Finished,61,0.0
2019,15,kvyat,toro_rosso,14,15,Finished,61,0.0
2019,15,kubica,williams,19,16,Finished,61,0.0
2019,15,kevin_magnussen,haas,13,17,Finished,61,0.0
2019,15,raikkonen,alfa,12,18,Collision,49,0.0
2019,15,perez,racing_point,15,19,Engine,42,0.0
2019,15,russell,williams,18,20,Collision,34,0.0
2019,16,hamilton,mercedes,2,1,Finished,53,26.0
2019,16,bottas,mercedes,4,2,Finished,53,18.0
2019,16,leclerc,ferrari,1,3,Finished,53,15.0
2019,16,max_verstappen,red_bull,9,4,Finished,53,12.0
2019,16,albon,red_bull,0,5,Finished,53,10.0
2019,16,sainz,mclaren,5,6,Finished,53,8.0
2019,16,perez,racing_point,11,7,Finished,53,6.0
2019,16,norris,mclaren,7,8,Finished,53,4.0
2019,16,kevin_magnussen,haas,13,9,Finished,53,2.0
2019,16,hulkenberg,renault,6,10,Finished,53,1.0
2019,16,stroll,racing_point,14,11,Finished,53,0.0
2019,16,kvyat,toro_rosso,19,12,Finished,53,0.0
2019,16,raikkonen,alfa,15,13,Finished,53,0.0
2019,16,gasly,toro_rosso,16,14,Finished,53,0.0
2019,16,giovinazzi,alfa,12,15,Finished,53,0.0
2019,16,kubica,williams,18,16,Brakes,28,0.0
2019,16,russell,williams,17,17,Brakes,27,0.0
2019,16,vettel,ferrari,3,18,Power loss,26,0.0
2019,16,ricciardo,renault,10,19,Collision,24,0.0
2019,16,grosjean,haas,8,20,Collision,0,0.0
2019,17,bottas,mercedes,3,1,Finished,52,25.0
2019,17,vettel,ferrari,1,2,Finished,52,18.0
2019,17,hamilton,mercedes,4,3,Finished,52,16.0
2019,17,albon,red_bull,6,4,Finished,52,12.0
2019,17,sainz,mclaren,7,5,Finished,52,10.0
2019,17,leclerc,ferrari,2,6,+1 Lap,51,8.0
2019,17,gasly,toro_rosso,9,7,+1 Lap,51,6.0
2019,17,perez,racing_point,17,8,+1 Lap,51,4.0
2019,17,stroll,racing_point,12,9,+1 Lap,51,2.0
2019,17,kvyat,toro_rosso,14,10,+1 Lap,51,1.0
2019,17,norris,mclaren,8,11,+1 Lap,51,0.0
2019,17,raikkonen,alfa,13,12,+1 Lap,51,0.0
2019,17,grosjean,haas,10,13,+1 Lap,51,0.0
2019,17,giovinazzi,alfa,11,14,+1 Lap,51,0.0
2019,17,kevin_magnussen,haas,19,15,+1 Lap,51,0.0
2019,17,russell,williams,18,16,+2 Laps,50,0.0
2019,17,kubica,williams,0,17,+2 Laps,50,0.0
2019,17,max_verstappen,red_bull,5,18,Brakes,14,0.0
2019,17,ricciardo,renault,16,19,Disqualified,51,0.0
2019,17,hulkenberg,renault,15,20,Disqualified,51,0.0
2019,18,hamilton,mercedes,3,1,Finished,71,25.0
2019,18,vettel,ferrari,2,2,Finished,71,18.0
2019,18,bottas,mercedes,6,3,Finished,71,15.0
2019,18,leclerc,ferrari,1,4,Finished,71,13.0
2019,18,albon,red_bull,5,5,Finished,71,10.0
2019,18,max_verstappen,red_bull,4,6,Finished,71,8.0
2019,18,perez,racing_point,11,7,Finished,71,6.0
2019,18,ricciardo,renault,13,8,Finished,71,4.0
2019,18,gasly,toro_rosso,10,9,+1 Lap,70,2.0
2019,18,hulkenberg,renault,12,10,+1 Lap,70,1.0
2019,18,kvyat,toro_rosso,9,11,+1 Lap,70,0.0
2019,18,stroll,racing_point,16,12,+1 Lap,70,0.0
2019,18,sainz,mclaren,7,13,+1 Lap,70,0.0
2019,18,giovinazzi,alfa,15,14,+1 Lap,70,0.0
2019,18,kevin_magnussen,haas,17,15,+2 Laps,69,0.0
2019,18,russell,williams,19,16,+2 Laps,69,0.0
2019,18,grosjean,haas,18,17,+2 Laps,69,0.0
2019,18,kubica,williams,20,18,+2 Laps,69,0.0
2019,18,raikkonen,alfa,14,19,Overheating,58,0.0
2019,18,norris,mclaren,8,20,Withdrew,48,0.0
2019,19,bottas,mercedes,1,1,Finished,56,25.0
2019,19,hamilton,mercedes,5,2,Finished,56,18.0
2019,19,max_verstappen,red_bull,3,3,Finished,56,15.0
2019,19,leclerc,ferrari,4,4,Finished,56,13.0
2019,19,albon,red_bull,6,5,Finished,56,10.0
2019,19,ricciardo,renault,9,6,Finished,56,8.0
2019,19,norris,mclaren,8,7,Finished,56,6.0
2019,19,sainz,mclaren,7,8,+1 Lap,55,4.0
2019,19,hulkenberg,renault,11,9,+1 Lap,55,2.0
2019,19,perez,racing_point,0,10,+1 Lap,55,1.0
2019,19,raikkonen,alfa,17,11,+1 Lap,55,0.0
2019,19,kvyat,toro_rosso,13,12,+1 Lap,55,0.0
2019,19,stroll,racing_point,14,13,+1 Lap,55,0.0
2019,19,giovinazzi,alfa,16,14,+1 Lap,55,0.0
2019,19,grosjean,haas,15,15,+1 Lap,55,0.0
2019,19,gasly,toro_rosso,10,16,Suspension,54,0.0
2019,19,russell,williams,18,17,+2 Laps,54,0.0
2019,19,kevin_magnussen,haas,12,18,Brakes,52,0.0
2019,19,kubica,williams,19,19,Oil leak,31,0.0
2019,19,vettel,ferrari,2,20,Suspension,7,0.0
2019,20,max_verstappen,red_bull,1,1,Finished,71,25.0
2019,20,gasly,toro_rosso,6,2,Finished,71,18.0
2019,20,sainz,mclaren,20,3,Finished,71,15.0
2019,20,raikkonen,alfa,8,4,Finished,71,12.0
2019,20,giovinazzi,alfa,12,5,Finished,71,10.0
2019,20,ricciardo,renault,11,6,Finished,71,8.0
2019,20,hamilton,mercedes,3,7,Finished,71,6.0
2019,20,norris,mclaren,10,8,Finished,71,4.0
2019,20,perez,racing_point,15,9,Finished,71,2.0
2019,20,kvyat,toro_rosso,16,10,Finished,71,1.0
2019,20,kevin_magnussen,haas,9,11,Finished,71,0.0
2019,20,russell,williams,18,12,Finished,71,0.0
2019,20,grosjean,haas,7,13,Finished,71,0.0
2019,20,albon,red_bull,5,14,Finished,71,0.0
2019,20,hulkenberg,renault,13,15,Finished,71,0.0
2019,20,kubica,williams,19,16,+1 Lap,70,0.0
2019,20,vettel,ferrari,2,17,Collision,65,0.0
2019,20,leclerc,ferrari,14,18,Collision,65,0.0
2019,20,stroll,racing_point,17,19,Suspension,65,0.0
2019,20,bottas,mercedes,4,20,Power Unit,51,0.0
2019,21,hamilton,mercedes,1,1,Finished,55,26.0
2019,21,max_verstappen,red_bull,2,2,Finished,55,18.0
2019,21,leclerc,ferrari,3,3,Finished,55,15.0
2019,21,bottas,mercedes,20,4,Finished,55,12.0
2019,21,vettel,ferrari,4,5,Finished,55,10.0
2019,21,albon,red_bull,5,6,Finished,55,8.0
2019,21,perez,racing_point,10,7,+1 Lap,54,6.0
2019,21,norris,mclaren,6,8,+1 Lap,54,4.0
2019,21,kvyat,toro_rosso,13,9,+1 Lap,54,2.0
2019,21,sainz,mclaren,8,10,+1 Lap,54,1.0
2019,21,ricciardo,renault,7,11,+1 Lap,54,0.0
2019,21,hulkenberg,renault,9,12,+1 Lap,54,0.0
2019,21,raikkonen,alfa,17,13,+1 Lap,54,0.0
2019,21,kevin_magnussen,haas,14,14,+1 Lap,54,0.0
2019,21,grosjean,haas,15,15,+1 Lap,54,0.0
2019,21,giovinazzi,alfa,16,16,+1 Lap,54,0.0
2019,21,russell,williams,18,17,+1 Lap,54,0.0
2019,21,gasly,toro_rosso,11,18,+2 Laps,53,0.0
2019,21,kubica,williams,19,19,+2 Laps,53,0.0
2019,21,stroll,racing_point,12,20,Brakes,45,0.0
2020,1,bottas,mercedes,1,1,Finished,71,25.0
2020,1,leclerc,ferrari,7,2,Finished,71,18.0
2020,1,norris,mclaren,3,3,Finished,71,16.0
2020,1,hamilton,mercedes,5,4,Finished,71,12.0
2020,1,sainz,mclaren,8,5,Finished,71,10.0
2020,1,perez,racing_point,6,6,Finished,71,8.0
2020,1,gasly,alphatauri,12,7,Finished,71,6.0
2020,1,ocon,renault,14,8,Finished,71,4.0
2020,1,giovinazzi,alfa,18,9,Finished,71,2.0
2020,1,vettel,ferrari,11,10,Finished,71,1.0
2020,1,latifi,williams,20,11,Finished,71,0.0
2020,1,kvyat,alphatauri,13,12,Suspension,69,0.0
2020,1,albon,red_bull,4,13,Electronics,67,0.0
2020,1,raikkonen,alfa,19,14,Wheel,53,0.0
2020,1,russell,williams,17,15,Fuel pressure,49,0.0
2020,1,grosjean,haas,15,16,Brakes,49,0.0
2020,1,kevin_magnussen,haas,16,17,Brakes,24,0.0
2020,1,stroll,racing_point,9,18,Engine,20,0.0
2020,1,ricciardo,renault,10,19,Overheating,17,0.0
2020,1,max_verstappen,red_bull,2,20,Electronics,11,0.0
2020,2,hamilton,mercedes,1,1,Finished,71,25.0
2020,2,bottas,mercedes,4,2,Finished,71,18.0
2020,2,max_verstappen,red_bull,2,3,Finished,71,15.0
2020,2,albon,red_bull,6,4,Finished,71,12.0
2020,2,norris,mclaren,9,5,Finished,71,10.0
2020,2,perez,racing_point,17,6,Finished,71,8.0
2020,2,stroll,racing_point,12,7,Finished,71,6.0
2020,2,ricciardo,renault,8,8,Finished,71,4.0
2020,2,sainz,mclaren,3,9,+1 Lap,70,3.0
2020,2,kvyat,alphatauri,13,10,+1 Lap,70,1.0
2020,2,raikkonen,alfa,16,11,+1 Lap,70,0.0
2020,2,kevin_magnussen,haas,15,12,+1 Lap,70,0.0
2020,2,grosjean,haas,0,13,+1 Lap,70,0.0
2020,2,giovinazzi,alfa,19,14,+1 Lap,70,0.0
2020,2,gasly,alphatauri,7,15,+1 Lap,70,0.0
2020,2,russell,williams,11,16,+2 Laps,69,0.0
2020,2,latifi,williams,18,17,+2 Laps,69,0.0
2020,2,ocon,renault,5,18,Overheating,25,0.0
2020,2,leclerc,ferrari,14,19,Collision damage,4,0.0
2020,2,vettel,ferrari,10,20,Collision damage,1,0.0
2020,3,hamilton,mercedes,1,1,Finished,70,26.0
2020,3,max_verstappen,red_bull,7,2,Finished,70,18.0
2020,3,bottas,mercedes,2,3,Finished,70,15.0
2020,3,stroll,racing_point,3,4,Finished,70,12.0
2020,3,albon,red_bull,13,5,Finished,70,10.0
2020,3,vettel,ferrari,5,6,+1 Lap,69,8.0
2020,3,perez,racing_point,4,7,+1 Lap,69,6.0
2020,3,ricciardo,renault,11,8,+1 Lap,69,4.0
2020,3,sainz,mclaren,9,9,+1 Lap,69,2.0
2020,3,kevin_magnussen,haas,0,10,+1 Lap,69,1.0
2020,3,leclerc,ferrari,6,11,+1 Lap,69,0.0
2020,3,kvyat,alphatauri,17,12,+1 Lap,69,0.0
2020,3,norris,mclaren,8,13,+1 Lap,69,0.0
2020,3,ocon,renault,14,14,+1 Lap,69,0.0
2020,3,raikkonen,alfa,20,15,+1 Lap,69,0.0
2020,3,grosjean,haas,0,16,+1 Lap,69,0.0
2020,3,giovinazzi,alfa,19,17,+1 Lap,69,0.0
2020,3,russell,williams,12,18,+1 Lap,69,0.0
2020,3,latifi,williams,15,19,+5 Laps,65,0.0
2020,3,gasly,alphatauri,10,20,Engine,15,0.0
2020,4,hamilton,mercedes,1,1,Finished,52,25.0
2020,4,max_verstappen,red_bull,3,2,Finished,52,19.0
2020,4,leclerc,ferrari,4,3,Finished,52,15.0
2020,4,ricciardo,renault,8,4,Finished,52,12.0
2020,4,norris,mclaren,5,5,Finished,52,10.0
2020,4,ocon,renault,9,6,Finished,52,8.0
2020,4,gasly,alphatauri,11,7,Finished,52,6.0
2020,4,albon,red_bull,12,8,Finished,52,4.0
2020,4,stroll,racing_point,6,9,Finished,52,2.0
2020,4,vettel,ferrari,10,10,Finished,52,1.0
2020,4,bottas,mercedes,2,11,Finished,52,0.0
2020,4,russell,williams,20,12,Finished,52,0.0
2020,4,sainz,mclaren,7,13,Finished,52,0.0
2020,4,giovinazzi,alfa,15,14,Finished,52,0.0
2020,4,latifi,williams,18,15,Finished,52,0.0
2020,4,grosjean,haas,17,16,Finished,52,0.0
2020,4,raikkonen,alfa,16,17,+1 Lap,51,0.0
2020,4,kvyat,alphatauri,19,18,Accident,11,0.0
2020,4,kevin_magnussen,haas,14,19,Collision,1,0.0
2020,4,hulkenberg,racing_point,13,20,Power Unit,0,0.0
2020,5,max_verstappen,red_bull,4,1,Finished,52,25.0
2020,5,hamilton,mercedes,2,2,Finished,52,19.0
2020,5,bottas,mercedes,1,3,Finished,52,15.0
2020,5,leclerc,ferrari,8,4,Finished,52,12.0
2020,5,albon,red_bull,9,5,Finished,52,10.0
2020,5,stroll,racing_point,6,6,Finished,52,8.0
2020,5,hulkenberg,racing_point,3,7,Finished,52,6.0
2020,5,ocon,renault,14,8,Finished,52,4.0
2020,5,norris,mclaren,10,9,Finished,52,2.0
2020,5,kvyat,alphatauri,16,10,Finished,52,1.0
2020,5,gasly,alphatauri,7,11,Finished,52,0.0
2020,5,vettel,ferrari,11,12,Finished,52,0.0
2020,5,sainz,mclaren,12,13,Finished,52,0.0
2020,5,ricciardo,renault,5,14,+1 Lap,51,0.0
2020,5,raikkonen,alfa,20,15,+1 Lap,51,0.0
2020,5,grosjean,haas,13,16,+1 Lap,51,0.0
2020,5,giovinazzi,alfa,19,17,+1 Lap,51,0.0
2020,5,russell,williams,15,18,+1 Lap,51,0.0
2020,5,latifi,williams,18,19,+1 Lap,51,0.0
2020,5,kevin_magnussen,haas,17,20,Retired,43,0.0
2020,6,hamilton,mercedes,1,1,Finished,66,25.0
2020,6,max_verstappen,red_bull,3,2,Finished,66,18.0
2020,6,bottas,mercedes,2,3,Finished,66,16.0
2020,6,stroll,racing_point,5,4,+1 Lap,65,12.0
2020,6,perez,racing_point,4,5,+1 Lap,65,10.0
2020,6,sainz,mclaren,7,6,+1 Lap,65,8.0
2020,6,vettel,ferrari,11,7,+1 Lap,65,6.0
2020,6,albon,red_bull,6,8,+1 Lap,65,4.0
2020,6,gasly,alphatauri,10,9,+1 Lap,65,2.0
2020,6,norris,mclaren,8,10,+1 Lap,65,1.0
2020,6,ricciardo,renault,13,11,+1 Lap,65,0.0
2020,6,kvyat,alphatauri,12,12,+1 Lap,65,0.0
2020,6,ocon,renault,15,13,+1 Lap,65,0.0
2020,6,raikkonen,alfa,14,14,+1 Lap,65,0.0
2020,6,kevin_magnussen,haas,16,15,+1 Lap,65,0.0
2020,6,giovinazzi,alfa,20,16,+1 Lap,65,0.0
2020,6,russell,williams,18,17,+1 Lap,65,0.0
2020,6,latifi,williams,19,18,+2 Laps,64,0.0
2020,6,grosjean,haas,17,19,+2 Laps,64,0.0
2020,6,leclerc,ferrari,9,20,Electronics,38,0.0
2020,7,hamilton,mercedes,1,1,Finished,44,25.0
2020,7,bottas,mercedes,2,2,Finished,44,18.0
2020,7,max_verstappen,red_bull,3,3,Finished,44,15.0
2020,7,ricciardo,renault,4,4,Finished,44,13.0
2020,7,ocon,renault,6,5,Finished,44,10.0
2020,7,albon,red_bull,5,6,Finished,44,8.0
2020,7,norris,mclaren,10,7,Finished,44,6.0
2020,7,gasly,alphatauri,12,8,Finished,44,4.0
2020,7,stroll,racing_point,9,9,Finished,44,2.0
2020,7,perez,racing_point,8,10,Finished,44,1.0
2020,7,kvyat,alphatauri,11,11,Finished,44,0.0
2020,7,raikkonen,alfa,16,12,Finished,44,0.0
2020,7,vettel,ferrari,14,13,Finished,44,0.0
2020,7,leclerc,ferrari,13,14,Finished,44,0.0
2020,7,grosjean,haas,17,15,Finished,44,0.0
2020,7,latifi,williams,19,16,Finished,44,0.0
2020,7,kevin_magnussen,haas,20,17,Finished,44,0.0
2020,7,giovinazzi,alfa,18,18,Accident,9,0.0
2020,7,russell,williams,15,19,Debris,9,0.0
2020,7,sainz,mclaren,7,20,Exhaust,0,0.0
2020,8,gasly,alphatauri,10,1,Finished,53,25.0
2020,8,sainz,mclaren,3,2,Finished,53,18.0
2020,8,stroll,racing_point,8,3,Finished,53,15.0
2020,8,norris,mclaren,6,4,Finished,53,12.0
2020,8,bottas,mercedes,2,5,Finished,53,10.0
2020,8,ricciardo,renault,7,6,Finished,53,8.0
2020,8,hamilton,mercedes,1,7,Finished,53,7.0
2020,8,ocon,renault,12,8,Finished,53,4.0
2020,8,kvyat,alphatauri,11,9,Finished,53,2.0
2020,8,perez,racing_point,4,10,Finished,53,1.0
2020,8,latifi,williams,20,11,Finished,53,0.0
2020,8,grosjean,haas,16,12,Finished,53,0.0
2020,8,raikkonen,alfa,14,13,Finished,53,0.0
2020,8,russell,williams,19,14,Finished,53,0.0
2020,8,albon,red_bull,9,15,Finished,53,0.0
2020,8,giovinazzi,alfa,18,16,Finished,53,0.0
2020,8,max_verstappen,red_bull,5,17,Power Unit,30,0.0
2020,8,leclerc,ferrari,13,18,Accident,23,0.0
2020,8,kevin_magnussen,haas,15,19,Power Unit,17,0.0
2020,8,vettel,ferrari,17,20,Brakes,6,0.0
2020,9,hamilton,mercedes,1,1,Finished,59,26.0
2020,9,bottas,mercedes,2,2,Finished,59,18.0
2020,9,albon,red_bull,4,3,Finished,59,15.0
2020,9,ricciardo,renault,8,4,Finished,59,12.0
2020,9,perez,racing_point,7,5,Finished,59,10.0
2020,9,norris,mclaren,11,6,Finished,59,8.0
2020,9,kvyat,alphatauri,12,7,Finished,59,6.0
2020,9,leclerc,ferrari,5,8,Finished,59,4.0
2020,9,raikkonen,alfa,13,9,Finished,59,2.0
2020,9,vettel,ferrari,14,10,Finished,59,1.0
2020,9,russell,williams,18,11,Finished,59,0.0
2020,9,grosjean,haas,15,12,Finished,59,0.0
2020,9,stroll,racing_point,6,13,Puncture,42,0.0
2020,9,ocon,renault,10,14,Brakes,7,0.0
2020,9,latifi,williams,19,15,Collision,6,0.0
2020,9,kevin_magnussen,haas,20,16,Collision,5,0.0
2020,9,giovinazzi,alfa,17,17,Collision,5,0.0
2020,9,sainz,mclaren,9,18,Collision,5,0.0
2020,9,max_verstappen,red_bull,3,19,Collision,0,0.0
2020,9,gasly,alphatauri,16,20,Collision,0,0.0
2020,10,bottas,mercedes,3,1,Finished,53,26.0
2020,10,max_verstappen,red_bull,2,2,Finished,53,18.0
2020,10,hamilton,mercedes,1,3,Finished,53,15.0
2020,10,perez,racing_point,4,4,Finished,53,12.0
2020,10,ricciardo,renault,5,5,Finished,53,10.0
2020,10,leclerc,ferrari,10,6,Finished,53,8.0
2020,10,ocon,renault,7,7,Finished,53,6.0
2020,10,kvyat,alphatauri,11,8,Finished,53,4.0
2020,10,gasly,alphatauri,9,9,Finished,53,2.0
2020,10,albon,red_bull,15,10,Finished,53,1.0
2020,10,giovinazzi,alfa,17,11,+1 Lap,52,0.0
2020,10,kevin_magnussen,haas,18,12,+1 Lap,52,0.0
2020,10,vettel,ferrari,14,13,+1 Lap,52,0.0
2020,10,raikkonen,alfa,19,14,+1 Lap,52,0.0
2020,10,norris,mclaren,8,15,+1 Lap,52,0.0
2020,10,latifi,williams,20,16,+1 Lap,52,0.0
2020,10,grosjean,haas,16,17,+1 Lap,52,0.0
2020,10,russell,williams,13,18,+1 Lap,52,0.0
2020,10,sainz,mclaren,6,19,Accident,0,0.0
2020,10,stroll,racing_point,12,20,Collision,0,0.0
2020,11,hamilton,mercedes,2,1,Finished,60,25.0
2020,11,max_verstappen,red_bull,3,2,Finished,60,19.0
2020,11,ricciardo,renault,6,3,Finished,60,15.0
2020,11,perez,racing_point,9,4,Finished,60,12.0
2020,11,sainz,mclaren,10,5,Finished,60,10.0
2020,11,gasly,alphatauri,12,6,Finished,60,8.0
2020,11,leclerc,ferrari,4,7,Finished,60,6.0
2020,11,hulkenberg,racing_point,20,8,Finished,60,4.0
2020,11,grosjean,haas,16,9,Finished,60,2.0
2020,11,giovinazzi,alfa,14,10,Finished,60,1.0
2020,11,vettel,ferrari,11,11,Finished,60,0.0
2020,11,raikkonen,alfa,19,12,Finished,60,0.0
2020,11,kevin_magnussen,haas,15,13,Finished,60,0.0
2020,11,latifi,williams,18,14,Finished,60,0.0
2020,11,kvyat,alphatauri,13,15,Finished,60,0.0
2020,11,norris,mclaren,8,16,Power Unit,42,0.0
2020,11,albon,red_bull,5,17,Radiator,23,0.0
2020,11,ocon,renault,7,18,Gearbox,22,0.0
2020,11,bottas,mercedes,1,19,Power Unit,18,0.0
2020,11,russell,williams,17,20,Collision,12,0.0
2020,12,hamilton,mercedes,1,1,Finished,66,26.0
2020,12,bottas,mercedes,2,2,Finished,66,18.0
2020,12,max_verstappen,red_bull,3,3,Finished,66,15.0
2020,12,leclerc,ferrari,4,4,Finished,66,12.0
2020,12,gasly,alphatauri,9,5,+1 Lap,65,10.0
2020,12,sainz,mclaren,7,6,+1 Lap,65,8.0
2020,12,perez,racing_point,5,7,+1 Lap,65,6.0
2020,12,ocon,renault,11,8,+1 Lap,65,4.0
2020,12,ricciardo,renault,10,9,+1 Lap,65,2.0
2020,12,vettel,ferrari,15,10,+1 Lap,65,1.0
2020,12,raikkonen,alfa,16,11,+1 Lap,65,0.0
2020,12,albon,red_bull,6,12,+1 Lap,65,0.0
2020,12,norris,mclaren,8,13,+1 Lap,65,0.0
2020,12,russell,williams,14,14,+1 Lap,65,0.0
2020,12,giovinazzi,alfa,17,15,+1 Lap,65,0.0
2020,12,kevin_magnussen,haas,19,16,+1 Lap,65,0.0
2020,12,grosjean,haas,18,17,+1 Lap,65,0.0
2020,12,latifi,williams,20,18,+2 Laps,64,0.0
2020,12,kvyat,alphatauri,13,19,+2 Laps,64,0.0
2020,12,stroll,racing_point,12,20,Collision damage,51,0.0
2020,13,hamilton,mercedes,2,1,Finished,63,26.0
2020,13,bottas,mercedes,1,2,Finished,63,18.0
2020,13,ricciardo,renault,5,3,Finished,63,15.0
2020,13,kvyat,alphatauri,8,4,Finished,63,12.0
2020,13,leclerc,ferrari,7,5,Finished,63,10.0
2020,13,perez,racing_point,11,6,Finished,63,8.0
2020,13,sainz,mclaren,10,7,Finished,63,6.0
2020,13,norris,mclaren,9,8,Finished,63,4.0
2020,13,raikkonen,alfa,18,9,Finished,63,2.0
2020,13,giovinazzi,alfa,20,10,Finished,63,1.0
2020,13,latifi,williams,19,11,Finished,63,0.0
2020,13,vettel,ferrari,14,12,Finished,63,0.0
2020,13,stroll,racing_point,15,13,Finished,63,0.0
2020,13,grosjean,haas,16,14,Finished,63,0.0
2020,13,albon,red_bull,6,15,Finished,63,0.0
2020,13,russell,williams,13,16,Accident,51,0.0
2020,13,max_verstappen,red_bull,3,17,Puncture,50,0.0
2020,13,kevin_magnussen,haas,17,18,Illness,47,0.0
2020,13,ocon,renault,12,19,Gearbox,27,0.0
2020,13,gasly,alphatauri,4,20,Water pressure,8,0.0
2020,14,hamilton,mercedes,6,1,Finished,58,25.0
2020,14,perez,racing_point,3,2,Finished,58,18.0
2020,14,vettel,ferrari,11,3,Finished,58,15.0
2020,14,leclerc,ferrari,12,4,Finished,58,12.0
2020,14,sainz,mclaren,15,5,Finished,58,10.0
2020,14,max_verstappen,red_bull,2,6,Finished,58,8.0
2020,14,albon,red_bull,4,7,Finished,58,6.0
2020,14,norris,mclaren,14,8,Finished,58,5.0
2020,14,stroll,racing_point,1,9,Finished,58,2.0
2020,14,ricciardo,renault,5,10,Finished,58,1.0
2020,14,ocon,renault,7,11,+1 Lap,57,0.0
2020,14,kvyat,alphatauri,16,12,+1 Lap,57,0.0
2020,14,gasly,alphatauri,19,13,+1 Lap,57,0.0
2020,14,bottas,mercedes,9,14,+1 Lap,57,0.0
2020,14,raikkonen,alfa,8,15,+1 Lap,57,0.0
2020,14,russell,williams,0,16,+1 Lap,57,0.0
2020,14,kevin_magnussen,haas,13,17,Withdrew,55,0.0
2020,14,grosjean,haas,17,18,Collision damage,49,0.0
2020,14,latifi,williams,0,19,Collision damage,39,0.0
2020,14,giovinazzi,alfa,10,20,Gearbox,11,0.0
2020,15,hamilton,mercedes,1,1,Finished,57,25.0
2020,15,max_verstappen,red_bull,3,2,Finished,57,19.0
2020,15,albon,red_bull,4,3,Finished,57,15.0
2020,15,norris,mclaren,9,4,Finished,57,12.0
2020,15,sainz,mclaren,15,5,Finished,57,10.0
2020,15,gasly,alphatauri,8,6,Finished,57,8.0
2020,15,ricciardo,renault,6,7,Finished,57,6.0
2020,15,bottas,mercedes,2,8,Finished,57,4.0
2020,15,ocon,renault,7,9,Finished,57,2.0
2020,15,leclerc,ferrari,12,10,+1 Lap,56,1.0
2020,15,kvyat,alphatauri,10,11,+1 Lap,56,0.0
2020,15,russell,williams,14,12,+1 Lap,56,0.0
2020,15,vettel,ferrari,11,13,+1 Lap,56,0.0
2020,15,latifi,williams,20,14,+1 Lap,56,0.0
2020,15,raikkonen,alfa,17,15,+1 Lap,56,0.0
2020,15,giovinazzi,alfa,16,16,+1 Lap,56,0.0
2020,15,kevin_magnussen,haas,18,17,+1 Lap,56,0.0
2020,15,perez,racing_point,5,18,Engine,53,0.0
2020,15,stroll,racing_point,13,19,Collision,2,0.0
2020,15,grosjean,haas,19,20,Collision,0,0.0
2020,16,perez,racing_point,5,1,Finished,87,25.0
2020,16,ocon,renault,11,2,Finished,87,18.0
2020,16,stroll,racing_point,10,3,Finished,87,15.0
2020,16,sainz,mclaren,8,4,Finished,87,12.0
2020,16,ricciardo,renault,7,5,Finished,87,10.0
2020,16,albon,red_bull,12,6,Finished,87,8.0
2020,16,kvyat,alphatauri,6,7,Finished,87,6.0
2020,16,bottas,mercedes,1,8,Finished,87,4.0
2020,16,russell,mercedes,2,9,Finished,87,3.0
2020,16,norris,mclaren,19,10,Finished,87,1.0
2020,16,gasly,alphatauri,9,11,Finished,87,0.0
2020,16,vettel,ferrari,13,12,Finished,87,0.0
2020,16,giovinazzi,alfa,14,13,Finished,87,0.0
2020,16,raikkonen,alfa,18,14,Finished,87,0.0
2020,16,kevin_magnussen,haas,15,15,Finished,87,0.0
2020,16,aitken,williams,17,16,Finished,87,0.0
2020,16,pietro_fittipaldi,haas,20,17,Finished,87,0.0
2020,16,latifi,williams,16,18,Engine,52,0.0
2020,16,max_verstappen,red_bull,3,19,Accident,0,0.0
2020,16,leclerc,ferrari,4,20,Collision,0,0.0
2020,17,max_verstappen,red_bull,1,1,Finished,55,25.0
2020,17,bottas,mercedes,2,2,Finished,55,18.0
2020,17,hamilton,mercedes,3,3,Finished,55,15.0
2020,17,albon,red_bull,5,4,Finished,55,12.0
2020,17,norris,mclaren,4,5,Finished,55,10.0
2020,17,sainz,mclaren,6,6,Finished,55,8.0
2020,17,ricciardo,renault,11,7,Finished,55,7.0
2020,17,gasly,alphatauri,9,8,Finished,55,4.0
2020,17,ocon,renault,10,9,Finished,55,2.0
2020,17,stroll,racing_point,8,10,Finished,55,1.0
2020,17,kvyat,alphatauri,7,11,+1 Lap,54,0.0
2020,17,raikkonen,alfa,15,12,+1 Lap,54,0.0
2020,17,leclerc,ferrari,12,13,+1 Lap,54,0.0
2020,17,vettel,ferrari,13,14,+1 Lap,54,0.0
2020,17,russell,williams,16,15,+1 Lap,54,0.0
2020,17,giovinazzi,alfa,14,16,+1 Lap,54,0.0
2020,17,latifi,williams,18,17,+1 Lap,54,0.0
2020,17,kevin_magnussen,haas,20,18,+1 Lap,54,0.0
2020,17,pietro_fittipaldi,haas,17,19,+2 Laps,53,0.0
2020,17,perez,racing_point,19,20,Transmission,8,0.0
2021,1,hamilton,mercedes,2,1,Finished,56,25.0
2021,1,max_verstappen,red_bull,1,2,Finished,56,18.0
2021,1,bottas,mercedes,3,3,Finished,56,16.0
2021,1,norris,mclaren,7,4,Finished,56,12.0
2021,1,perez,red_bull,0,5,Finished,56,10.0
2021,1,leclerc,ferrari,4,6,Finished,56,8.0
2021,1,ricciardo,mclaren,6,7,Finished,56,6.0
2021,1,sainz,ferrari,8,8,Finished,56,4.0
2021,1,tsunoda,alphatauri,13,9,Finished,56,2.0
2021,1,stroll,aston_martin,10,10,Finished,56,1.0
2021,1,raikkonen,alfa,14,11,Finished,56,0.0
2021,1,giovinazzi,alfa,12,12,+1 Lap,55,0.0
2021,1,ocon,alpine,16,13,+1 Lap,55,0.0
2021,1,russell,williams,15,14,+1 Lap,55,0.0
2021,1,vettel,aston_martin,20,15,+1 Lap,55,0.0
2021,1,mick_schumacher,haas,18,16,+1 Lap,55,0.0
2021,1,gasly,alphatauri,5,17,Retired,52,0.0
2021,1,latifi,williams,17,18,Retired,51,0.0
2021,1,alonso,alpine,9,19,Brakes,32,0.0
2021,1,mazepin,haas,19,20,Accident,0,0.0
2021,2,max_verstappen,red_bull,3,1,Finished,63,25.0
2021,2,hamilton,mercedes,1,2,Finished,63,19.0
2021,2,norris,mclaren,7,3,Finished,63,15.0
2021,2,leclerc,ferrari,4,4,Finished,63,12.0
2021,2,sainz,ferrari,11,5,Finished,63,10.0
2021,2,ricciardo,mclaren,6,6,Finished,63,8.0
2021,2,gasly,alphatauri,5,7,Finished,63,6.0
2021,2,stroll,aston_martin,10,8,Finished,63,4.0
2021,2,ocon,alpine,9,9,Finished,63,2.0
2021,2,alonso,alpine,15,10,Finished,63,1.0
2021,2,perez,red_bull,2,11,Finished,63,0.0
2021,2,tsunoda,alphatauri,20,12,Finished,63,0.0
2021,2,raikkonen,alfa,16,13,Finished,63,0.0
2021,2,giovinazzi,alfa,17,14,+1 Lap,62,0.0
2021,2,vettel,aston_martin,0,15,Gearbox,61,0.0
2021,2,mick_schumacher,haas,18,16,+2 Laps,61,0.0
2021,2,mazepin,haas,19,17,+2 Laps,61,0.0
2021,2,bottas,mercedes,8,18,Collision,30,0.0
2021,2,russell,williams,12,19,Collision,30,0.0
2021,2,latifi,williams,14,20,Collision,0,0.0
2021,3,hamilton,mercedes,2,1,Finished,66,25.0
2021,3,max_verstappen,red_bull,3,2,Finished,66,18.0
2021,3,bottas,mercedes,1,3,Finished,66,16.0
2021,3,perez,red_bull,4,4,Finished,66,12.0
2021,3,norris,mclaren,7,5,Finished,66,10.0
2021,3,leclerc,ferrari,8,6,Finished,66,8.0
2021,3,ocon,alpine,6,7,Finished,66,6.0
2021,3,alonso,alpine,13,8,Finished,66,4.0
2021,3,ricciardo,mclaren,16,9,Finished,66,2.0
2021,3,gasly,alphatauri,9,10,Finished,66,1.0
2021,3,sainz,ferrari,5,11,Finished,66,0.0
2021,3,giovinazzi,alfa,12,12,+1 Lap,65,0.0
2021,3,vettel,aston_martin,10,13,+1 Lap,65,0.0
2021,3,stroll,aston_martin,17,14,+1 Lap,65,0.0
2021,3,tsunoda,alphatauri,14,15,+1 Lap,65,0.0
2021,3,russell,williams,11,16,+1 Lap,65,0.0
2021,3,mick_schumacher,haas,19,17,+2 Laps,64,0.0
2021,3,latifi,williams,18,18,+2 Laps,64,0.0
2021,3,mazepin,haas,20,19,+2 Laps,64,0.0
2021,3,raikkonen,alfa,15,20,Collision damage,1,0.0
2021,4,hamilton,mercedes,1,1,Finished,66,25.0
2021,4,max_verstappen,red_bull,2,2,Finished,66,19.0
2021,4,bottas,mercedes,3,3,Finished,66,15.0
2021,4,leclerc,ferrari,4,4,Finished,66,12.0
2021,4,perez,red_bull,8,5,Finished,66,10.0
2021,4,ricciardo,mclaren,7,6,Finished,66,8.0
2021,4,sainz,ferrari,6,7,Finished,66,6.0
2021,4,norris,mclaren,9,8,+1 Lap,65,4.0
2021,4,ocon,alpine,5,9,+1 Lap,65,2.0
2021,4,gasly,alphatauri,12,10,+1 Lap,65,1.0
2021,4,stroll,aston_martin,11,11,+1 Lap,65,0.0
2021,4,raikkonen,alfa,17,12,+1 Lap,65,0.0
2021,4,vettel,aston_martin,13,13,+1 Lap,65,0.0
2021,4,russell,williams,15,14,+1 Lap,65,0.0
2021,4,giovinazzi,alfa,14,15,+1 Lap,65,0.0
2021,4,latifi,williams,19,16,+1 Lap,65,0.0
2021,4,alonso,alpine,10,17,+1 Lap,65,0.0
2021,4,mick_schumacher,haas,18,18,+2 Laps,64,0.0
2021,4,mazepin,haas,20,19,+2 Laps,64,0.0
2021,4,tsunoda,alphatauri,16,20,Electrical,6,0.0
2021,5,max_verstappen,red_bull,2,1,Finished,78,25.0
2021,5,sainz,ferrari,4,2,Finished,78,18.0
2021,5,norris,mclaren,5,3,Finished,78,15.0
2021,5,perez,red_bull,9,4,Finished,78,12.0
2021,5,vettel,aston_martin,8,5,Finished,78,10.0
2021,5,gasly,alphatauri,6,6,Finished,78,8.0
2021,5,hamilton,mercedes,7,7,Finished,78,7.0
2021,5,stroll,aston_martin,13,8,+1 Lap,77,4.0
2021,5,ocon,alpine,11,9,+1 Lap,77,2.0
2021,5,giovinazzi,alfa,10,10,+1 Lap,77,1.0
2021,5,raikkonen,alfa,14,11,+1 Lap,77,0.0
2021,5,ricciardo,mclaren,12,12,+1 Lap,77,0.0
2021,5,alonso,alpine,17,13,+1 Lap,77,0.0
2021,5,russell,williams,15,14,+1 Lap,77,0.0
2021,5,latifi,williams,18,15,+1 Lap,77,0.0
2021,5,tsunoda,alphatauri,16,16,+1 Lap,77,0.0
2021,5,mazepin,haas,19,17,+3 Laps,75,0.0
2021,5,mick_schumacher,haas,20,18,+3 Laps,75,0.0
2021,5,bottas,mercedes,3,19,Wheel nut,29,0.0
2021,5,leclerc,ferrari,1,20,Driveshaft,0,0.0
2021,6,perez,red_bull,6,1,Finished,51,25.0
2021,6,vettel,aston_martin,11,2,Finished,51,18.0
2021,6,gasly,alphatauri,4,3,Finished,51,15.0
2021,6,leclerc,ferrari,1,4,Finished,51,12.0
2021,6,norris,mclaren,9,5,Finished,51,10.0
2021,6,alonso,alpine,8,6,Finished,51,8.0
2021,6,tsunoda,alphatauri,7,7,Finished,51,6.0
2021,6,sainz,ferrari,5,8,Finished,51,4.0
2021,6,ricciardo,mclaren,13,9,Finished,51,2.0
2021,6,raikkonen,alfa,14,10,Finished,51,1.0
2021,6,giovinazzi,alfa,20,11,Finished,51,0.0
2021,6,bottas,mercedes,10,12,Finished,51,0.0
2021,6,mick_schumacher,haas,17,13,Finished,51,0.0
2021,6,mazepin,haas,18,14,Finished,51,0.0
2021,6,hamilton,mercedes,2,15,Finished,51,0.0
2021,6,latifi,williams,16,16,Finished,51,0.0
2021,6,russell,williams,15,17,Gearbox,48,0.0
2021,6,max_verstappen,red_bull,3,18,Accident,45,0.0
2021,6,stroll,aston_martin,19,19,Accident,29,0.0
2021,6,ocon,alpine,12,20,Turbo,3,0.0
2021,7,max_verstappen,red_bull,1,1,Finished,53,26.0
2021,7,hamilton,mercedes,2,2,Finished,53,18.0
2021,7,perez,red_bull,4,3,Finished,53,15.0
2021,7,bottas,mercedes,3,4,Finished,53,12.0
2021,7,norris,mclaren,8,5,Finished,53,10.0
2021,7,ricciardo,mclaren,10,6,Finished,53,8.0
2021,7,gasly,alphatauri,6,7,Finished,53,6.0
2021,7,alonso,alpine,9,8,Finished,53,4.0
2021,7,vettel,aston_martin,12,9,Finished,53,2.0
2021,7,stroll,aston_martin,19,10,Finished,53,1.0
2021,7,sainz,ferrari,5,11,Finished,53,0.0
2021,7,russell,williams,14,12,+1 Lap,52,0.0
2021,7,tsunoda,alphatauri,0,13,+1 Lap,52,0.0
2021,7,ocon,alpine,11,14,+1 Lap,52,0.0
2021,7,giovinazzi,alfa,13,15,+1 Lap,52,0.0
2021,7,leclerc,ferrari,7,16,+1 Lap,52,0.0
2021,7,raikkonen,alfa,17,17,+1 Lap,52,0.0
2021,7,latifi,williams,16,18,+1 Lap,52,0.0
2021,7,mick_schumacher,haas,15,19,+1 Lap,52,0.0
2021,7,mazepin,haas,18,20,+1 Lap,52,0.0
2021,8,max_verstappen,red_bull,1,1,Finished,71,25.0
2021,8,hamilton,mercedes,2,2,Finished,71,19.0
2021,8,bottas,mercedes,5,3,Finished,71,15.0
2021,8,perez,red_bull,4,4,Finished,71,12.0
2021,8,norris,mclaren,3,5,+1 Lap,70,10.0
2021,8,sainz,ferrari,12,6,+1 Lap,70,8.0
2021,8,leclerc,ferrari,7,7,+1 Lap,70,6.0
2021,8,stroll,aston_martin,9,8,+1 Lap,70,4.0
2021,8,alonso,alpine,8,9,+1 Lap,70,2.0
2021,8,tsunoda,alphatauri,11,10,+1 Lap,70,1.0
2021,8,raikkonen,alfa,18,11,+1 Lap,70,0.0
2021,8,vettel,aston_martin,14,12,+1 Lap,70,0.0
2021,8,ricciardo,mclaren,13,13,+1 Lap,70,0.0
2021,8,ocon,alpine,17,14,+1 Lap,70,0.0
2021,8,giovinazzi,alfa,15,15,+1 Lap,70,0.0
2021,8,mick_schumacher,haas,19,16,+2 Laps,69,0.0
2021,8,latifi,williams,16,17,+3 Laps,68,0.0
2021,8,mazepin,haas,20,18,+3 Laps,68,0.0
2021,8,russell,williams,10,19,Engine,36,0.0
2021,8,gasly,alphatauri,6,20,Collision,1,0.0
2021,9,max_verstappen,red_bull,1,1,Finished,71,26.0
2021,9,bottas,mercedes,5,2,Finished,71,18.0
2021,9,norris,mclaren,2,3,Finished,71,15.0
2021,9,hamilton,mercedes,4,4,Finished,71,12.0
2021,9,sainz,ferrari,10,5,Finished,71,10.0
2021,9,perez,red_bull,3,6,Finished,71,8.0
2021,9,ricciardo,mclaren,13,7,Finished,71,6.0
2021,9,leclerc,ferrari,12,8,Finished,71,4.0
2021,9,gasly,alphatauri,6,9,Finished,71,2.0
2021,9,alonso,alpine,14,10,+1 Lap,70,1.0
2021,9,russell,williams,8,11,+1 Lap,70,0.0
2021,9,tsunoda,alphatauri,7,12,+1 Lap,70,0.0
2021,9,stroll,aston_martin,9,13,+1 Lap,70,0.0
2021,9,giovinazzi,alfa,15,14,+1 Lap,70,0.0
2021,9,raikkonen,alfa,16,15,+1 Lap,70,0.0
2021,9,latifi,williams,18,16,+1 Lap,70,0.0
2021,9,vettel,aston_martin,11,17,Collision,69,0.0
2021,9,mick_schumacher,haas,19,18,+2 Laps,69,0.0
2021,9,mazepin,haas,20,19,+2 Laps,69,0.0
2021,9,ocon,alpine,17,20,Collision,0,0.0
2021,10,hamilton,mercedes,2,1,Finished,52,25.0
2021,10,leclerc,ferrari,4,2,Finished,52,18.0
2021,10,bottas,mercedes,3,3,Finished,52,15.0
2021,10,norris,mclaren,5,4,Finished,52,12.0
2021,10,ricciardo,mclaren,6,5,Finished,52,10.0
2021,10,sainz,ferrari,10,6,Finished,52,8.0
2021,10,alonso,alpine,7,7,Finished,52,6.0
2021,10,stroll,aston_martin,14,8,Finished,52,4.0
2021,10,ocon,alpine,9,9,Finished,52,2.0
2021,10,tsunoda,alphatauri,16,10,Finished,52,1.0
2021,10,gasly,alphatauri,11,11,Finished,52,0.0
2021,10,russell,williams,12,12,+1 Lap,51,0.0
2021,10,giovinazzi,alfa,15,13,+1 Lap,51,0.0
2021,10,latifi,williams,17,14,+1 Lap,51,0.0
2021,10,raikkonen,alfa,13,15,+1 Lap,51,0.0
2021,10,perez,red_bull,0,16,+1 Lap,51,0.0
2021,10,mazepin,haas,19,17,+1 Lap,51,0.0
2021,10,mick_schumacher,haas,18,18,+1 Lap,51,0.0
2021,10,vettel,aston_martin,8,19,Retired,40,0.0
2021,10,max_verstappen,red_bull,1,20,Collision,0,0.0
2021,11,ocon,alpine,8,1,Finished,70,25.0
2021,11,hamilton,mercedes,1,2,Finished,70,18.0
2021,11,sainz,ferrari,15,3,Finished,70,15.0
2021,11,alonso,alpine,9,4,Finished,70,12.0
2021,11,gasly,alphatauri,5,5,Finished,70,11.0
2021,11,tsunoda,alphatauri,16,6,Finished,70,8.0
2021,11,latifi,williams,18,7,Finished,70,6.0
2021,11,russell,williams,17,8,Finished,70,4.0
2021,11,max_verstappen,red_bull,3,9,Finished,70,2.0
2021,11,raikkonen,alfa,13,10,+1 Lap,69,1.0
2021,11,ricciardo,mclaren,11,11,+1 Lap,69,0.0
2021,11,mick_schumacher,haas,20,12,+1 Lap,69,0.0
2021,11,giovinazzi,alfa,0,13,+1 Lap,69,0.0
2021,11,mazepin,haas,19,14,Collision,3,0.0
2021,11,norris,mclaren,6,15,Collision,2,0.0
2021,11,bottas,mercedes,2,16,Collision,0,0.0
2021,11,perez,red_bull,4,17,Collision,0,0.0
2021,11,leclerc,ferrari,7,18,Collision,0,0.0
2021,11,stroll,aston_martin,12,19,Collision,0,0.0
2021,11,vettel,aston_martin,10,20,Disqualified,70,0.0
2021,12,max_verstappen,red_bull,1,1,Finished,1,12.5
2021,12,russell,williams,2,2,Finished,1,9.0
2021,12,hamilton,mercedes,3,3,Finished,1,7.5
2021,12,ricciardo,mclaren,4,4,Finished,1,6.0
2021,12,vettel,aston_martin,5,5,Finished,1,5.0
2021,12,gasly,alphatauri,6,6,Finished,1,4.0
2021,12,ocon,alpine,8,7,Finished,1,3.0
2021,12,leclerc,ferrari,9,8,Finished,1,2.0
2021,12,latifi,williams,10,9,Finished,1,1.0
2021,12,sainz,ferrari,11,10,Finished,1,0.5
2021,12,alonso,alpine,12,11,Finished,1,0.0
2021,12,bottas,mercedes,13,12,Finished,1,0.0
2021,12,giovinazzi,alfa,14,13,Finished,1,0.0
2021,12,norris,mclaren,15,14,Finished,1,0.0
2021,12,tsunoda,alphatauri,16,15,Finished,1,0.0
2021,12,mick_schumacher,haas,17,16,Finished,1,0.0
2021,12,mazepin,haas,18,17,Finished,1,0.0
2021,12,raikkonen,alfa,0,18,Finished,1,0.0
2021,12,perez,red_bull,0,19,Finished,1,0.0
2021,12,stroll,aston_martin,19,20,Finished,1,0.0
2021,13,max_verstappen,red_bull,1,1,Finished,72,25.0
2021,13,hamilton,mercedes,2,2,Finished,72,19.0
2021,13,bottas,mercedes,3,3,Finished,72,15.0
2021,13,gasly,alphatauri,4,4,+1 Lap,71,12.0
2021,13,leclerc,ferrari,5,5,+1 Lap,71,10.0
2021,13,alonso,alpine,9,6,+1 Lap,71,8.0
2021,13,sainz,ferrari,6,7,+1 Lap,71,6.0
2021,13,perez,red_bull,0,8,+1 Lap,71,4.0
2021,13,ocon,alpine,8,9,+1 Lap,71,2.0
2021,13,norris,mclaren,13,10,+1 Lap,71,1.0
2021,13,ricciardo,mclaren,10,11,+1 Lap,71,0.0
2021,13,stroll,aston_martin,12,12,+2 Laps,70,0.0
2021,13,vettel,aston_martin,15,13,+2 Laps,70,0.0
2021,13,giovinazzi,alfa,7,14,+2 Laps,70,0.0
2021,13,kubica,alfa,16,15,+2 Laps,70,0.0
2021,13,latifi,williams,0,16,+2 Laps,70,0.0
2021,13,russell,williams,11,17,Gearbox,69,0.0
2021,13,mick_schumacher,haas,17,18,+3 Laps,69,0.0
2021,13,tsunoda,alphatauri,14,19,Power Unit,48,0.0
2021,13,mazepin,haas,18,20,Hydraulics,41,0.0
2021,14,ricciardo,mclaren,2,1,Finished,53,26.0
2021,14,norris,mclaren,3,2,Finished,53,18.0
2021,14,bottas,mercedes,19,3,Finished,53,15.0
2021,14,leclerc,ferrari,5,4,Finished,53,12.0
2021,14,perez,red_bull,8,5,Finished,53,10.0
2021,14,sainz,ferrari,6,6,Finished,53,8.0
2021,14,stroll,aston_martin,9,7,Finished,53,6.0
2021,14,alonso,alpine,10,8,Finished,53,4.0
2021,14,russell,williams,14,9,Finished,53,2.0
2021,14,ocon,alpine,12,10,Finished,53,1.0
2021,14,latifi,williams,13,11,Finished,53,0.0
2021,14,vettel,aston_martin,11,12,Finished,53,0.0
2021,14,giovinazzi,alfa,7,13,Finished,53,0.0
2021,14,kubica,alfa,17,14,Finished,53,0.0
2021,14,mick_schumacher,haas,18,15,Finished,53,0.0
2021,14,mazepin,haas,16,16,Power Unit,41,0.0
2021,14,hamilton,mercedes,4,17,Collision,25,0.0
2021,14,max_verstappen,red_bull,1,18,Collision,25,0.0
2021,14,gasly,alphatauri,0,19,Suspension,3,0.0
2021,14,tsunoda,alphatauri,0,20,Brakes,0,0.0
2021,15,hamilton,mercedes,4,1,Finished,53,25.0
2021,15,max_verstappen,red_bull,20,2,Finished,53,18.0
2021,15,sainz,ferrari,2,3,Finished,53,15.0
2021,15,ricciardo,mclaren,5,4,Finished,53,12.0
2021,15,bottas,mercedes,16,5,Finished,53,10.0
2021,15,alonso,alpine,6,6,Finished,53,8.0
2021,15,norris,mclaren,1,7,Finished,53,7.0
2021,15,raikkonen,alfa,13,8,Finished,53,4.0
2021,15,perez,red_bull,8,9,Finished,53,2.0
2021,15,russell,williams,3,10,Finished,53,1.0
2021,15,stroll,aston_martin,7,11,Finished,53,0.0
2021,15,vettel,aston_martin,10,12,+1 Lap,52,0.0
2021,15,gasly,alphatauri,11,13,+1 Lap,52,0.0
2021,15,ocon,alpine,9,14,+1 Lap,52,0.0
2021,15,leclerc,ferrari,19,15,+1 Lap,52,0.0
2021,15,giovinazzi,alfa,17,16,+1 Lap,52,0.0
2021,15,tsunoda,alphatauri,12,17,+1 Lap,52,0.0
2021,15,mazepin,haas,15,18,+2 Laps,51,0.0
2021,15,latifi,williams,18,19,Accident,47,0.0
2021,15,mick_schumacher,haas,14,20,Oil leak,32,0.0
2021,16,bottas,mercedes,1,1,Finished,58,26.0
2021,16,max_verstappen,red_bull,2,2,Finished,58,18.0
2021,16,perez,red_bull,6,3,Finished,58,15.0
2021,16,leclerc,ferrari,3,4,Finished,58,12.0
2021,16,hamilton,mercedes,11,5,Finished,58,10.0
2021,16,gasly,alphatauri,4,6,Finished,58,8.0
2021,16,norris,mclaren,7,7,Finished,58,6.0
2021,16,sainz,ferrari,19,8,Finished,58,4.0
2021,16,stroll,aston_martin,8,9,Finished,58,2.0
2021,16,ocon,alpine,12,10,+1 Lap,57,1.0
2021,16,giovinazzi,alfa,16,11,+1 Lap,57,0.0
2021,16,raikkonen,alfa,17,12,+1 Lap,57,0.0
2021,16,ricciardo,mclaren,20,13,+1 Lap,57,0.0
2021,16,tsunoda,alphatauri,9,14,+1 Lap,57,0.0
2021,16,russell,williams,13,15,+1 Lap,57,0.0
2021,16,alonso,alpine,5,16,+1 Lap,57,0.0
2021,16,latifi,williams,15,17,+1 Lap,57,0.0
2021,16,vettel,aston_martin,10,18,+1 Lap,57,0.0
2021,16,mick_schumacher,haas,14,19,+2 Laps,56,0.0
2021,16,mazepin,haas,18,20,+2 Laps,56,0.0
2021,17,max_verstappen,red_bull,1,1,Finished,56,25.0
2021,17,hamilton,mercedes,2,2,Finished,56,19.0
2021,17,perez,red_bull,3,3,Finished,56,15.0
2021,17,leclerc,ferrari,4,4,Finished,56,12.0
2021,17,ricciardo,mclaren,6,5,Finished,56,10.0
2021,17,bottas,mercedes,9,6,Finished,56,8.0
2021,17,sainz,ferrari,5,7,Finished,56,6.0
2021,17,norris,mclaren,7,8,Finished,56,4.0
2021,17,tsunoda,alphatauri,10,9,+1 Lap,55,2.0
2021,17,vettel,aston_martin,18,10,+1 Lap,55,1.0
2021,17,giovinazzi,alfa,12,11,+1 Lap,55,0.0
2021,17,stroll,aston_martin,13,12,+1 Lap,55,0.0
2021,17,raikkonen,alfa,15,13,+1 Lap,55,0.0
2021,17,russell,williams,20,14,+1 Lap,55,0.0
2021,17,latifi,williams,14,15,+1 Lap,55,0.0
2021,17,mick_schumacher,haas,16,16,+2 Laps,54,0.0
2021,17,mazepin,haas,17,17,+2 Laps,54,0.0
2021,17,alonso,alpine,19,18,Rear wing,49,0.0
2021,17,ocon,alpine,11,19,Mechanical,40,0.0
2021,17,gasly,alphatauri,8,20,Suspension,14,0.0
2021,18,max_verstappen,red_bull,3,1,Finished,71,25.0
2021,18,hamilton,mercedes,2,2,Finished,71,18.0
2021,18,perez,red_bull,4,3,Finished,71,15.0
2021,18,gasly,alphatauri,5,4,Finished,71,12.0
2021,18,leclerc,ferrari,8,5,Finished,71,10.0
2021,18,sainz,ferrari,6,6,+1 Lap,70,8.0
2021,18,vettel,aston_martin,9,7,+1 Lap,70,6.0
2021,18,raikkonen,alfa,10,8,+1 Lap,70,4.0
2021,18,alonso,alpine,12,9,+1 Lap,70,2.0
2021,18,norris,mclaren,18,10,+1 Lap,70,1.0
2021,18,giovinazzi,alfa,11,11,+1 Lap,70,0.0
2021,18,ricciardo,mclaren,7,12,+1 Lap,70,0.0
2021,18,ocon,alpine,19,13,+1 Lap,70,0.0
2021,18,stroll,aston_martin,20,14,+2 Laps,69,0.0
2021,18,bottas,mercedes,1,15,+2 Laps,69,0.0
2021,18,russell,williams,16,16,+2 Laps,69,0.0
2021,18,latifi,williams,13,17,+2 Laps,69,0.0
2021,18,mazepin,haas,15,18,+3 Laps,68,0.0
2021,18,mick_schumacher,haas,14,19,Collision,0,0.0
2021,18,tsunoda,alphatauri,17,20,Collision,0,0.0
2021,19,hamilton,mercedes,10,1,Finished,71,25.0
2021,19,max_verstappen,red_bull,2,2,Finished,71,18.0
2021,19,bottas,mercedes,1,3,Finished,71,15.0
2021,19,perez,red_bull,4,4,Finished,71,13.0
2021,19,leclerc,ferrari,6,5,Finished,71,10.0
2021,19,sainz,ferrari,3,6,Finished,71,8.0
2021,19,gasly,alphatauri,7,7,+1 Lap,70,6.0
2021,19,ocon,alpine,8,8,+1 Lap,70,4.0
2021,19,alonso,alpine,12,9,+1 Lap,70,2.0
2021,19,norris,mclaren,5,10,+1 Lap,70,1.0
2021,19,vettel,aston_martin,9,11,+1 Lap,70,0.0
2021,19,raikkonen,alfa,0,12,+1 Lap,70,0.0
2021,19,russell,williams,17,13,+1 Lap,70,0.0
2021,19,giovinazzi,alfa,13,14,+1 Lap,70,0.0
2021,19,tsunoda,alphatauri,15,15,+1 Lap,70,0.0
2021,19,latifi,williams,16,16,+1 Lap,70,0.0
2021,19,mazepin,haas,19,17,+2 Laps,69,0.0
2021,19,mick_schumacher,haas,18,18,+2 Laps,69,0.0
2021,19,ricciardo,mclaren,11,19,Power loss,49,0.0
2021,19,stroll,aston_martin,14,20,Collision damage,47,0.0
2021,20,hamilton,mercedes,1,1,Finished,57,25.0
2021,20,max_verstappen,red_bull,7,2,Finished,57,19.0
2021,20,alonso,alpine,3,3,Finished,57,15.0
2021,20,perez,red_bull,11,4,Finished,57,12.0
2021,20,ocon,alpine,9,5,Finished,57,10.0
2021,20,stroll,aston_martin,12,6,Finished,57,8.0
2021,20,sainz,ferrari,5,7,Finished,57,6.0
2021,20,leclerc,ferrari,13,8,Finished,57,4.0
2021,20,norris,mclaren,4,9,+1 Lap,56,2.0
2021,20,vettel,aston_martin,10,10,+1 Lap,56,1.0
2021,20,gasly,alphatauri,2,11,+1 Lap,56,0.0
2021,20,ricciardo,mclaren,14,12,+1 Lap,56,0.0
2021,20,tsunoda,alphatauri,8,13,+1 Lap,56,0.0
2021,20,raikkonen,alfa,16,14,+1 Lap,56,0.0
2021,20,giovinazzi,alfa,18,15,+1 Lap,56,0.0
2021,20,mick_schumacher,haas,19,16,+1 Lap,56,0.0
2021,20,russell,williams,15,17,+2 Laps,55,0.0
2021,20,mazepin,haas,20,18,+2 Laps,55,0.0
2021,20,latifi,williams,17,19,Puncture,50,0.0
2021,20,bottas,mercedes,6,20,Damage,48,0.0
2021,21,hamilton,mercedes,1,1,Finished,50,26.0
2021,21,max_verstappen,red_bull,3,2,Finished,50,18.0
2021,21,bottas,mercedes,2,3,Finished,50,15.0
2021,21,ocon,alpine,9,4,Finished,50,12.0
2021,21,ricciardo,mclaren,11,5,Finished,50,10.0
2021,21,gasly,alphatauri,6,6,Finished,50,8.0
2021,21,leclerc,ferrari,4,7,Finished,50,6.0
2021,21,sainz,ferrari,15,8,Finished,50,4.0
2021,21,giovinazzi,alfa,10,9,Finished,50,2.0
2021,21,norris,mclaren,7,10,Finished,50,1.0
2021,21,stroll,aston_martin,18,11,Finished,50,0.0
2021,21,latifi,williams,16,12,Finished,50,0.0
2021,21,alonso,alpine,13,13,+1 Lap,49,0.0
2021,21,tsunoda,alphatauri,8,14,+1 Lap,49,0.0
2021,21,raikkonen,alfa,12,15,+1 Lap,49,0.0
2021,21,vettel,aston_martin,17,16,Collision damage,44,0.0
2021,21,perez,red_bull,5,17,Collision,14,0.0
2021,21,mazepin,haas,20,18,Collision,14,0.0
2021,21,russell,williams,14,19,Collision,14,0.0
2021,21,mick_schumacher,haas,19,20,Accident,8,0.0
2021,22,max_verstappen,red_bull,1,1,Finished,58,26.0
2021,22,hamilton,mercedes,2,2,Finished,58,18.0
2021,22,sainz,ferrari,5,3,Finished,58,15.0
2021,22,tsunoda,alphatauri,8,4,Finished,58,12.0
2021,22,gasly,alphatauri,12,5,Finished,58,10.0
2021,22,bottas,mercedes,6,6,Finished,58,8.0
2021,22,norris,mclaren,3,7,Finished,58,6.0
2021,22,alonso,alpine,11,8,Finished,58,4.0
2021,22,ocon,alpine,9,9,Finished,58,2.0
2021,22,leclerc,ferrari,7,10,Finished,58,1.0
2021,22,vettel,aston_martin,15,11,Finished,58,0.0
2021,22,ricciardo,mclaren,10,12,+1 Lap,57,0.0
2021,22,stroll,aston_martin,13,13,+1 Lap,57,0.0
2021,22,mick_schumacher,haas,19,14,+1 Lap,57,0.0
2021,22,perez,red_bull,4,15,Engine,55,0.0
2021,22,latifi,williams,16,16,Accident,50,0.0
2021,22,giovinazzi,alfa,14,17,Gearbox,33,0.0
2021,22,russell,williams,17,18,Gearbox,26,0.0
2021,22,raikkonen,alfa,18,19,Brakes,25,0.0
2021,22,mazepin,haas,20,20,Illness,0,0.0
2022,1,leclerc,ferrari,1,1,Finished,57,26.0
2022,1,sainz,ferrari,3,2,Finished,57,18.0
2022,1,hamilton,mercedes,5,3,Finished,57,15.0
2022,1,russell,mercedes,9,4,Finished,57,12.0
2022,1,kevin_magnussen,haas,7,5,Finished,57,10.0
2022,1,bottas,alfa,6,6,Finished,57,8.0
2022,1,ocon,alpine,11,7,Finished,57,6.0
2022,1,tsunoda,alphatauri,16,8,Finished,57,4.0
2022,1,alonso,alpine,8,9,Finished,57,2.0
2022,1,zhou,alfa,15,10,Finished,57,1.0
2022,1,mick_schumacher,haas,12,11,Finished,57,0.0
2022,1,stroll,aston_martin,19,12,Finished,57,0.0
2022,1,albon,williams,14,13,Finished,57,0.0
2022,1,ricciardo,mclaren,18,14,Finished,57,0.0
2022,1,norris,mclaren,13,15,Finished,57,0.0
2022,1,latifi,williams,20,16,Finished,57,0.0
2022,1,hulkenberg,aston_martin,17,17,Finished,57,0.0
2022,1,perez,red_bull,4,18,Fuel pressure,56,0.0
2022,1,max_verstappen,red_bull,2,19,Fuel pressure,54,0.0
2022,1,gasly,alphatauri,10,20,Power Unit,44,0.0
2022,2,max_verstappen,red_bull,4,1,Finished,50,25.0
2022,2,leclerc,ferrari,2,2,Finished,50,19.0
2022,2,sainz,ferrari,3,3,Finished,50,15.0
2022,2,perez,red_bull,1,4,Finished,50,12.0
2022,2,russell,mercedes,6,5,Finished,50,10.0
2022,2,ocon,alpine,5,6,Finished,50,8.0
2022,2,norris,mclaren,11,7,Finished,50,6.0
2022,2,gasly,alphatauri,9,8,Finished,50,4.0
2022,2,kevin_magnussen,haas,10,9,Finished,50,2.0
2022,2,hamilton,mercedes,15,10,Finished,50,1.0
2022,2,zhou,alfa,12,11,Finished,50,0.0
2022,2,hulkenberg,aston_martin,17,12,Finished,50,0.0
2022,2,stroll,aston_martin,13,13,+1 Lap,49,0.0
2022,2,albon,williams,16,14,Collision damage,47,0.0
2022,2,bottas,alfa,8,15,Cooling system,36,0.0
2022,2,alonso,alpine,7,16,Water pump,35,0.0
2022,2,ricciardo,mclaren,14,17,Gearbox,35,0.0
2022,2,latifi,williams,18,18,Accident,14,0.0
2022,2,tsunoda,alphatauri,19,19,Power Unit,0,0.0
2022,2,mick_schumacher,haas,0,20,Withdrew,0,0.0
2022,3,leclerc,ferrari,1,1,Finished,58,26.0
2022,3,perez,red_bull,3,2,Finished,58,18.0
2022,3,russell,mercedes,6,3,Finished,58,15.0
2022,3,hamilton,mercedes,5,4,Finished,58,12.0
2022,3,norris,mclaren,4,5,Finished,58,10.0
2022,3,ricciardo,mclaren,7,6,Finished,58,8.0
2022,3,ocon,alpine,8,7,Finished,58,6.0
2022,3,bottas,alfa,12,8,Finished,58,4.0
2022,3,gasly,alphatauri,11,9,Finished,58,2.0
2022,3,albon,williams,20,10,Finished,58,1.0
2022,3,zhou,alfa,14,11,Finished,58,0.0
2022,3,stroll,aston_martin,19,12,Finished,58,0.0
2022,3,mick_schumacher,haas,15,13,+1 Lap,57,0.0
2022,3,kevin_magnussen,haas,16,14,+1 Lap,57,0.0
2022,3,tsunoda,alphatauri,13,15,+1 Lap,57,0.0
2022,3,latifi,williams,18,16,+1 Lap,57,0.0
2022,3,alonso,alpine,10,17,+1 Lap,57,0.0
2022,3,max_verstappen,red_bull,2,18,Fuel leak,38,0.0
2022,3,vettel,aston_martin,17,19,Accident,22,0.0
2022,3,sainz,ferrari,9,20,Spun off,1,0.0
2022,4,max_verstappen,red_bull,1,1,Finished,63,26.0
2022,4,perez,red_bull,3,2,Finished,63,18.0
2022,4,norris,mclaren,5,3,Finished,63,15.0
2022,4,russell,mercedes,11,4,Finished,63,12.0
2022,4,bottas,alfa,7,5,Finished,63,10.0
2022,4,leclerc,ferrari,2,6,Finished,63,8.0
2022,4,tsunoda,alphatauri,12,7,Finished,63,6.0
2022,4,vettel,aston_martin,13,8,Finished,63,4.0
2022,4,kevin_magnussen,haas,8,9,Finished,63,2.0
2022,4,stroll,aston_martin,15,10,+1 Lap,62,1.0
2022,4,albon,williams,18,11,+1 Lap,62,0.0
2022,4,gasly,alphatauri,17,12,+1 Lap,62,0.0
2022,4,hamilton,mercedes,14,13,+1 Lap,62,0.0
2022,4,ocon,alpine,16,14,+1 Lap,62,0.0
2022,4,zhou,alfa,0,15,+1 Lap,62,0.0
2022,4,latifi,williams,19,16,+1 Lap,62,0.0
2022,4,mick_schumacher,haas,10,17,+1 Lap,62,0.0
2022,4,ricciardo,mclaren,6,18,+1 Lap,62,0.0
2022,4,alonso,alpine,9,19,Collision damage,6,0.0
2022,4,sainz,ferrari,4,20,Collision,0,0.0
2022,5,max_verstappen,red_bull,3,1,Finished,57,26.0
2022,5,leclerc,ferrari,1,2,Finished,57,18.0
2022,5,sainz,ferrari,2,3,Finished,57,15.0
2022,5,perez,red_bull,4,4,Finished,57,12.0
2022,5,russell,mercedes,12,5,Finished,57,10.0
2022,5,hamilton,mercedes,6,6,Finished,57,8.0
2022,5,bottas,alfa,5,7,Finished,57,6.0
2022,5,ocon,alpine,20,8,Finished,57,4.0
2022,5,albon,williams,18,9,Finished,57,2.0
2022,5,stroll,aston_martin,0,10,Finished,57,1.0
2022,5,alonso,alpine,11,11,Finished,57,0.0
2022,5,tsunoda,alphatauri,9,12,Finished,57,0.0
2022,5,ricciardo,mclaren,14,13,Finished,57,0.0
2022,5,latifi,williams,19,14,Finished,57,0.0
2022,5,mick_schumacher,haas,15,15,Finished,57,0.0
2022,5,kevin_magnussen,haas,16,16,Front wing,56,0.0
2022,5,vettel,aston_martin,0,17,Collision,54,0.0
2022,5,gasly,alphatauri,7,18,Suspension,45,0.0
2022,5,norris,mclaren,8,19,Collision,39,0.0
2022,5,zhou,alfa,17,20,Water leak,6,0.0
2022,6,max_verstappen,red_bull,2,1,Finished,66,25.0
2022,6,perez,red_bull,5,2,Finished,66,19.0
2022,6,russell,mercedes,4,3,Finished,66,15.0
2022,6,sainz,ferrari,3,4,Finished,66,12.0
2022,6,hamilton,mercedes,6,5,Finished,66,10.0
2022,6,bottas,alfa,7,6,Finished,66,8.0
2022,6,ocon,alpine,12,7,Finished,66,6.0
2022,6,norris,mclaren,11,8,Finished,66,4.0
2022,6,alonso,alpine,20,9,+1 Lap,65,2.0
2022,6,tsunoda,alphatauri,13,10,+1 Lap,65,1.0
2022,6,vettel,aston_martin,16,11,+1 Lap,65,0.0
2022,6,ricciardo,mclaren,9,12,+1 Lap,65,0.0
2022,6,gasly,alphatauri,14,13,+1 Lap,65,0.0
2022,6,mick_schumacher,haas,10,14,+1 Lap,65,0.0
2022,6,stroll,aston_martin,17,15,+1 Lap,65,0.0
2022,6,latifi,williams,19,16,+2 Laps,64,0.0
2022,6,kevin_magnussen,haas,8,17,+2 Laps,64,0.0
2022,6,albon,williams,18,18,+2 Laps,64,0.0
2022,6,zhou,alfa,15,19,Power loss,28,0.0
2022,6,leclerc,ferrari,1,20,Turbo,27,0.0
2022,7,perez,red_bull,3,1,Finished,64,25.0
2022,7,sainz,ferrari,2,2,Finished,64,18.0
2022,7,max_verstappen,red_bull,4,3,Finished,64,15.0
2022,7,leclerc,ferrari,1,4,Finished,64,12.0
2022,7,russell,mercedes,6,5,Finished,64,10.0
2022,7,norris,mclaren,5,6,Finished,64,9.0
2022,7,alonso,alpine,7,7,Finished,64,6.0
2022,7,hamilton,mercedes,8,8,Finished,64,4.0
2022,7,bottas,alfa,12,9,Finished,64,2.0
2022,7,vettel,aston_martin,9,10,Finished,64,1.0
2022,7,gasly,alphatauri,17,11,Finished,64,0.0
2022,7,ocon,alpine,10,12,Finished,64,0.0
2022,7,ricciardo,mclaren,14,13,Finished,64,0.0
2022,7,stroll,aston_martin,18,14,Finished,64,0.0
2022,7,latifi,williams,19,15,+1 Lap,63,0.0
2022,7,zhou,alfa,20,16,+1 Lap,63,0.0
2022,7,tsunoda,alphatauri,11,17,+1 Lap,63,0.0
2022,7,albon,williams,16,18,Mechanical,48,0.0
2022,7,mick_schumacher,haas,15,19,Accident,24,0.0
2022,7,kevin_magnussen,haas,13,20,Water pressure,19,0.0
2022,8,max_verstappen,red_bull,3,1,Finished,51,25.0
2022,8,perez,red_bull,2,2,Finished,51,19.0
2022,8,russell,mercedes,5,3,Finished,51,15.0
2022,8,hamilton,mercedes,7,4,Finished,51,12.0
2022,8,gasly,alphatauri,6,5,Finished,51,10.0
2022,8,vettel,aston_martin,9,6,Finished,51,8.0
2022,8,alonso,alpine,10,7,Finished,51,6.0
2022,8,ricciardo,mclaren,12,8,Finished,51,4.0
2022,8,norris,mclaren,11,9,Finished,51,2.0
2022,8,ocon,alpine,13,10,Finished,51,1.0
2022,8,bottas,alfa,15,11,+1 Lap,50,0.0
2022,8,albon,williams,17,12,+1 Lap,50,0.0
2022,8,tsunoda,alphatauri,8,13,+1 Lap,50,0.0
2022,8,mick_schumacher,haas,20,14,+1 Lap,50,0.0
2022,8,latifi,williams,18,15,+1 Lap,50,0.0
2022,8,stroll,aston_martin,19,16,Vibrations,46,0.0
2022,8,kevin_magnussen,haas,16,17,Power Unit,31,0.0
2022,8,zhou,alfa,14,18,Hydraulics,23,0.0
2022,8,leclerc,ferrari,1,19,Power Unit,21,0.0
2022,8,sainz,ferrari,4,20,Hydraulics,8,0.0
2022,9,max_verstappen,red_bull,1,1,Finished,70,25.0
2022,9,sainz,ferrari,3,2,Finished,70,19.0
2022,9,hamilton,mercedes,4,3,Finished,70,15.0
2022,9,russell,mercedes,8,4,Finished,70,12.0
2022,9,leclerc,ferrari,19,5,Finished,70,10.0
2022,9,ocon,alpine,7,6,Finished,70,8.0
2022,9,bottas,alfa,11,7,Finished,70,6.0
2022,9,zhou,alfa,10,8,Finished,70,4.0
2022,9,alonso,alpine,2,9,Finished,70,2.0
2022,9,stroll,aston_martin,17,10,Finished,70,1.0
2022,9,ricciardo,mclaren,9,11,Finished,70,0.0
2022,9,vettel,aston_martin,16,12,Finished,70,0.0
2022,9,albon,williams,12,13,Finished,70,0.0
2022,9,gasly,alphatauri,15,14,Finished,70,0.0
2022,9,norris,mclaren,14,15,Finished,70,0.0
2022,9,latifi,williams,18,16,Finished,70,0.0
2022,9,kevin_magnussen,haas,5,17,Finished,70,0.0
2022,9,tsunoda,alphatauri,20,18,Accident,47,0.0
2022,9,mick_schumacher,haas,6,19,Engine,18,0.0
2022,9,perez,red_bull,13,20,Gearbox,7,0.0
2022,10,sainz,ferrari,1,1,Finished,52,25.0
2022,10,perez,red_bull,4,2,Finished,52,18.0
2022,10,hamilton,mercedes,5,3,Finished,52,16.0
2022,10,leclerc,ferrari,3,4,Finished,52,12.0
2022,10,alonso,alpine,7,5,Finished,52,10.0
2022,10,norris,mclaren,6,6,Finished,52,8.0
2022,10,max_verstappen,red_bull,2,7,Finished,52,6.0
2022,10,mick_schumacher,haas,19,8,Finished,52,4.0
2022,10,vettel,aston_martin,18,9,Finished,52,2.0
2022,10,kevin_magnussen,haas,17,10,Finished,52,1.0
2022,10,stroll,aston_martin,20,11,Finished,52,0.0
2022,10,latifi,williams,10,12,Finished,52,0.0
2022,10,ricciardo,mclaren,14,13,Finished,52,0.0
2022,10,tsunoda,alphatauri,13,14,Finished,52,0.0
2022,10,ocon,alpine,15,15,Fuel pump,37,0.0
2022,10,gasly,alphatauri,11,16,Collision damage,26,0.0
2022,10,bottas,alfa,12,17,Gearbox,20,0.0
2022,10,russell,mercedes,8,18,Collision,0,0.0
2022,10,zhou,alfa,9,19,Collision,0,0.0
2022,10,albon,williams,16,20,Collision,0,0.0
2022,11,leclerc,ferrari,2,1,Finished,71,25.0
2022,11,max_verstappen,red_bull,1,2,Finished,71,19.0
2022,11,hamilton,mercedes,8,3,Finished,71,15.0
2022,11,russell,mercedes,4,4,Finished,71,12.0
2022,11,ocon,alpine,6,5,Finished,71,10.0
2022,11,mick_schumacher,haas,9,6,+1 Lap,70,8.0
2022,11,norris,mclaren,10,7,+1 Lap,70,6.0
2022,11,kevin_magnussen,haas,7,8,+1 Lap,70,4.0
2022,11,ricciardo,mclaren,11,9,+1 Lap,70,2.0
2022,11,alonso,alpine,19,10,+1 Lap,70,1.0
2022,11,bottas,alfa,0,11,+1 Lap,70,0.0
2022,11,albon,williams,15,12,+1 Lap,70,0.0
2022,11,stroll,aston_martin,12,13,+1 Lap,70,0.0
2022,11,zhou,alfa,13,14,+1 Lap,70,0.0
2022,11,gasly,alphatauri,14,15,+1 Lap,70,0.0
2022,11,tsunoda,alphatauri,16,16,+1 Lap,70,0.0
2022,11,vettel,aston_martin,18,17,+1 Lap,70,0.0
2022,11,sainz,ferrari,3,18,Power Unit,56,0.0
2022,11,latifi,williams,17,19,Undertray,48,0.0
2022,11,perez,red_bull,5,20,Collision damage,24,0.0
2022,12,max_verstappen,red_bull,2,1,Finished,53,25.0
2022,12,hamilton,mercedes,4,2,Finished,53,18.0
2022,12,russell,mercedes,6,3,Finished,53,15.0
2022,12,perez,red_bull,3,4,Finished,53,12.0
2022,12,sainz,ferrari,19,5,Finished,53,11.0
2022,12,alonso,alpine,7,6,Finished,53,8.0
2022,12,norris,mclaren,5,7,Finished,53,6.0
2022,12,ocon,alpine,10,8,Finished,53,4.0
2022,12,ricciardo,mclaren,9,9,Finished,53,2.0
2022,12,stroll,aston_martin,15,10,Finished,53,1.0
2022,12,vettel,aston_martin,12,11,Finished,53,0.0
2022,12,gasly,alphatauri,14,12,Finished,53,0.0
2022,12,albon,williams,13,13,Finished,53,0.0
2022,12,bottas,alfa,11,14,Finished,53,0.0
2022,12,mick_schumacher,haas,17,15,Finished,53,0.0
2022,12,zhou,alfa,16,16,+6 Laps,47,0.0
2022,12,latifi,williams,18,17,Collision damage,40,0.0
2022,12,kevin_magnussen,haas,20,18,Collision damage,37,0.0
2022,12,leclerc,ferrari,1,19,Accident,17,0.0
2022,12,tsunoda,alphatauri,8,20,Undertray,17,0.0
2022,13,max_verstappen,red_bull,10,1,Finished,70,25.0
2022,13,hamilton,mercedes,7,2,Finished,70,19.0
2022,13,russell,mercedes,1,3,Finished,70,15.0
2022,13,sainz,ferrari,2,4,Finished,70,12.0
2022,13,perez,red_bull,11,5,Finished,70,10.0
2022,13,leclerc,ferrari,3,6,Finished,70,8.0
2022,13,norris,mclaren,4,7,Finished,70,6.0
2022,13,alonso,alpine,6,8,+1 Lap,69,4.0
2022,13,ocon,alpine,5,9,+1 Lap,69,2.0
2022,13,vettel,aston_martin,18,10,+1 Lap,69,1.0
2022,13,stroll,aston_martin,14,11,+1 Lap,69,0.0
2022,13,gasly,alphatauri,0,12,+1 Lap,69,0.0
2022,13,zhou,alfa,12,13,+1 Lap,69,0.0
2022,13,mick_schumacher,haas,15,14,+1 Lap,69,0.0
2022,13,ricciardo,mclaren,9,15,+1 Lap,69,0.0
2022,13,kevin_magnussen,haas,13,16,+1 Lap,69,0.0
2022,13,albon,williams,17,17,+1 Lap,69,0.0
2022,13,latifi,williams,19,18,+1 Lap,69,0.0
2022,13,tsunoda,alphatauri,16,19,+2 Laps,68,0.0
2022,13,bottas,alfa,8,20,Power Unit,65,0.0
2022,14,max_verstappen,red_bull,14,1,Finished,44,26.0
2022,14,perez,red_bull,2,2,Finished,44,18.0
2022,14,sainz,ferrari,1,3,Finished,44,15.0
2022,14,russell,mercedes,5,4,Finished,44,12.0
2022,14,alonso,alpine,3,5,Finished,44,10.0
2022,14,leclerc,ferrari,15,6,Finished,44,8.0
2022,14,ocon,alpine,16,7,Finished,44,6.0
2022,14,vettel,aston_martin,10,8,Finished,44,4.0
2022,14,gasly,alphatauri,0,9,Finished,44,2.0
2022,14,albon,williams,6,10,Finished,44,1.0
2022,14,stroll,aston_martin,9,11,Finished,44,0.0
2022,14,norris,mclaren,17,12,Finished,44,0.0
2022,14,tsunoda,alphatauri,0,13,Finished,44,0.0
2022,14,zhou,alfa,18,14,Finished,44,0.0
2022,14,ricciardo,mclaren,7,15,Finished,44,0.0
2022,14,kevin_magnussen,haas,12,16,+1 Lap,43,0.0
2022,14,mick_schumacher,haas,19,17,+1 Lap,43,0.0
2022,14,latifi,williams,11,18,+1 Lap,43,0.0
2022,14,bottas,alfa,13,19,Accident,1,0.0
2022,14,hamilton,mercedes,4,20,Collision damage,0,0.0
2022,15,max_verstappen,red_bull,1,1,Finished,72,26.0
2022,15,russell,mercedes,6,2,Finished,72,18.0
2022,15,leclerc,ferrari,2,3,Finished,72,15.0
2022,15,hamilton,mercedes,4,4,Finished,72,12.0
2022,15,perez,red_bull,5,5,Finished,72,10.0
2022,15,alonso,alpine,13,6,Finished,72,8.0
2022,15,norris,mclaren,7,7,Finished,72,6.0
2022,15,sainz,ferrari,3,8,Finished,72,4.0
2022,15,ocon,alpine,12,9,Finished,72,2.0
2022,15,stroll,aston_martin,10,10,Finished,72,1.0
2022,15,gasly,alphatauri,11,11,Finished,72,0.0
2022,15,albon,williams,15,12,Finished,72,0.0
2022,15,mick_schumacher,haas,8,13,Finished,72,0.0
2022,15,vettel,aston_martin,19,14,Finished,72,0.0
2022,15,kevin_magnussen,haas,18,15,Finished,72,0.0
2022,15,zhou,alfa,14,16,Finished,72,0.0
2022,15,ricciardo,mclaren,17,17,Finished,72,0.0
2022,15,latifi,williams,20,18,+1 Lap,71,0.0
2022,15,bottas,alfa,16,19,Engine,53,0.0
2022,15,tsunoda,alphatauri,9,20,Differential,43,0.0
2022,16,max_verstappen,red_bull,7,1,Finished,53,25.0
2022,16,leclerc,ferrari,1,2,Finished,53,18.0
2022,16,russell,mercedes,2,3,Finished,53,15.0
2022,16,sainz,ferrari,18,4,Finished,53,12.0
2022,16,hamilton,mercedes,19,5,Finished,53,10.0
2022,16,perez,red_bull,13,6,Finished,53,9.0
2022,16,norris,mclaren,3,7,Finished,53,6.0
2022,16,gasly,alphatauri,5,8,Finished,53,4.0
2022,16,de_vries,williams,8,9,Finished,53,2.0
2022,16,zhou,alfa,9,10,Finished,53,1.0
2022,16,ocon,alpine,14,11,Finished,53,0.0
2022,16,mick_schumacher,haas,17,12,Finished,53,0.0
2022,16,bottas,alfa,15,13,+1 Lap,52,0.0
2022,16,tsunoda,alphatauri,20,14,+1 Lap,52,0.0
2022,16,latifi,williams,10,15,+1 Lap,52,0.0
2022,16,kevin_magnussen,haas,16,16,+1 Lap,52,0.0
2022,16,ricciardo,mclaren,4,17,Oil leak,45,0.0
2022,16,stroll,aston_martin,12,18,Engine,39,0.0
2022,16,alonso,alpine,6,19,Water pressure,31,0.0
2022,16,vettel,aston_martin,11,20,Engine,10,0.0
2022,17,perez,red_bull,2,1,Finished,59,25.0
2022,17,leclerc,ferrari,1,2,Finished,59,18.0
2022,17,sainz,ferrari,4,3,Finished,59,15.0
2022,17,norris,mclaren,6,4,Finished,59,12.0
2022,17,ricciardo,mclaren,16,5,Finished,59,10.0
2022,17,stroll,aston_martin,11,6,Finished,59,8.0
2022,17,max_verstappen,red_bull,8,7,Finished,59,6.0
2022,17,vettel,aston_martin,13,8,Finished,59,4.0
2022,17,hamilton,mercedes,3,9,Finished,59,2.0
2022,17,gasly,alphatauri,7,10,Finished,59,1.0
2022,17,bottas,alfa,15,11,Finished,59,0.0
2022,17,kevin_magnussen,haas,9,12,Finished,59,0.0
2022,17,mick_schumacher,haas,12,13,+1 Lap,58,0.0
2022,17,russell,mercedes,0,14,+2 Laps,57,0.0
2022,17,tsunoda,alphatauri,10,15,Accident,34,0.0
2022,17,ocon,alpine,17,16,Engine,26,0.0
2022,17,albon,williams,18,17,Collision damage,25,0.0
2022,17,alonso,alpine,5,18,Engine,20,0.0
2022,17,latifi,williams,19,19,Collision damage,7,0.0
2022,17,zhou,alfa,14,20,Collision,6,0.0
2022,18,max_verstappen,red_bull,1,1,Finished,28,25.0
2022,18,perez,red_bull,4,2,Finished,28,18.0
2022,18,leclerc,ferrari,2,3,Finished,28,15.0
2022,18,ocon,alpine,5,4,Finished,28,12.0
2022,18,hamilton,mercedes,6,5,Finished,28,10.0
2022,18,vettel,aston_martin,9,6,Finished,28,8.0
2022,18,alonso,alpine,7,7,Finished,28,6.0
2022,18,russell,mercedes,8,8,Finished,28,4.0
2022,18,latifi,williams,20,9,Finished,28,2.0
2022,18,norris,mclaren,10,10,Finished,28,1.0
2022,18,ricciardo,mclaren,11,11,Finished,28,0.0
2022,18,stroll,aston_martin,19,12,Finished,28,0.0
2022,18,tsunoda,alphatauri,13,13,Finished,28,0.0
2022,18,kevin_magnussen,haas,18,14,Finished,28,0.0
2022,18,bottas,alfa,12,15,Finished,28,0.0
2022,18,zhou,alfa,14,16,Finished,28,0.0
2022,18,mick_schumacher,haas,15,17,Finished,28,0.0
2022,18,gasly,alphatauri,17,18,Finished,28,0.0
2022,18,sainz,ferrari,3,19,Accident,0,0.0
2022,18,albon,williams,16,20,Hydraulics,0,0.0
2022,19,max_verstappen,red_bull,2,1,Finished,56,25.0
2022,19,hamilton,mercedes,3,2,Finished,56,18.0
2022,19,leclerc,ferrari,12,3,Finished,56,15.0
2022,19,perez,red_bull,9,4,Finished,56,12.0
2022,19,russell,mercedes,4,5,Finished,56,11.0
2022,19,norris,mclaren,6,6,Finished,56,8.0
2022,19,alonso,alpine,14,7,Finished,56,6.0
2022,19,vettel,aston_martin,10,8,Finished,56,4.0
2022,19,kevin_magnussen,haas,13,9,Finished,56,2.0
2022,19,tsunoda,alphatauri,19,10,Finished,56,1.0
2022,19,ocon,alpine,0,11,Finished,56,0.0
2022,19,zhou,alfa,18,12,Finished,56,0.0
2022,19,albon,williams,8,13,Finished,56,0.0
2022,19,gasly,alphatauri,11,14,Finished,56,0.0
2022,19,mick_schumacher,haas,16,15,Finished,56,0.0
2022,19,ricciardo,mclaren,15,16,Finished,56,0.0
2022,19,latifi,williams,17,17,Finished,56,0.0
2022,19,stroll,aston_martin,5,18,Collision,21,0.0
2022,19,bottas,alfa,7,19,Spun off,16,0.0
2022,19,sainz,ferrari,1,20,Collision damage,1,0.0
2022,20,max_verstappen,red_bull,1,1,Finished,71,25.0
2022,20,hamilton,mercedes,3,2,Finished,71,18.0
2022,20,perez,red_bull,4,3,Finished,71,15.0
2022,20,russell,mercedes,2,4,Finished,71,13.0
2022,20,sainz,ferrari,5,5,Finished,71,10.0
2022,20,leclerc,ferrari,7,6,Finished,71,8.0
2022,20,ricciardo,mclaren,11,7,+1 Lap,70,6.0
2022,20,ocon,alpine,10,8,+1 Lap,70,4.0
2022,20,norris,mclaren,8,9,+1 Lap,70,2.0
2022,20,bottas,alfa,6,10,+1 Lap,70,1.0
2022,20,gasly,alphatauri,14,11,+1 Lap,70,0.0
2022,20,albon,williams,17,12,+1 Lap,70,0.0
2022,20,zhou,alfa,12,13,+1 Lap,70,0.0
2022,20,vettel,aston_martin,16,14,+1 Lap,70,0.0
2022,20,stroll,aston_martin,20,15,+1 Lap,70,0.0
2022,20,mick_schumacher,haas,15,16,+1 Lap,70,0.0
2022,20,kevin_magnussen,haas,19,17,+1 Lap,70,0.0
2022,20,latifi,williams,18,18,+2 Laps,69,0.0
2022,20,alonso,alpine,9,19,Engine,63,0.0
2022,20,tsunoda,alphatauri,13,20,Collision damage,50,0.0
2022,21,russell,mercedes,1,1,Finished,71,26.0
2022,21,hamilton,mercedes,2,2,Finished,71,18.0
2022,21,sainz,ferrari,7,3,Finished,71,15.0
2022,21,leclerc,ferrari,5,4,Finished,71,12.0
2022,21,alonso,alpine,17,5,Finished,71,10.0
2022,21,max_verstappen,red_bull,3,6,Finished,71,8.0
2022,21,perez,red_bull,4,7,Finished,71,6.0
2022,21,ocon,alpine,16,8,Finished,71,4.0
2022,21,bottas,alfa,14,9,Finished,71,2.0
2022,21,stroll,aston_martin,15,10,Finished,71,1.0
2022,21,vettel,aston_martin,9,11,Finished,71,0.0
2022,21,zhou,alfa,13,12,Finished,71,0.0
2022,21,mick_schumacher,haas,12,13,Finished,71,0.0
2022,21,gasly,alphatauri,10,14,Finished,71,0.0
2022,21,albon,williams,19,15,Finished,71,0.0
2022,21,latifi,williams,18,16,Finished,71,0.0
2022,21,tsunoda,alphatauri,0,17,+1 Lap,70,0.0
2022,21,norris,mclaren,6,18,Gearbox,50,0.0
2022,21,kevin_magnussen,haas,8,19,Collision,0,0.0
2022,21,ricciardo,mclaren,11,20,Collision,0,0.0
2022,22,max_verstappen,red_bull,1,1,Finished,58,25.0
2022,22,leclerc,ferrari,3,2,Finished,58,18.0
2022,22,perez,red_bull,2,3,Finished,58,15.0
2022,22,sainz,ferrari,4,4,Finished,58,12.0
2022,22,russell,mercedes,6,5,Finished,58,10.0
2022,22,norris,mclaren,7,6,Finished,58,9.0
2022,22,ocon,alpine,8,7,Finished,58,6.0
2022,22,stroll,aston_martin,14,8,Finished,58,4.0
2022,22,ricciardo,mclaren,13,9,Finished,58,2.0
2022,22,vettel,aston_martin,9,10,Finished,58,1.0
2022,22,tsunoda,alphatauri,11,11,Finished,58,0.0
2022,22,zhou,alfa,15,12,+1 Lap,57,0.0
2022,22,albon,williams,19,13,+1 Lap,57,0.0
2022,22,gasly,alphatauri,17,14,+1 Lap,57,0.0
2022,22,bottas,alfa,18,15,+1 Lap,57,0.0
2022,22,mick_schumacher,haas,12,16,+1 Lap,57,0.0
2022,22,kevin_magnussen,haas,16,17,+1 Lap,57,0.0
2022,22,hamilton,mercedes,5,18,Hydraulics,55,0.0
2022,22,latifi,williams,20,19,Collision damage,55,0.0
2022,22,alonso,alpine,10,20,Water leak,27,0.0
2023,1,max_verstappen,red_bull,1,1,Finished,57,25.0
2023,1,perez,red_bull,2,2,Finished,57,18.0
2023,1,alonso,aston_martin,5,3,Finished,57,15.0
2023,1,sainz,ferrari,4,4,Finished,57,12.0
2023,1,hamilton,mercedes,7,5,Finished,57,10.0
2023,1,stroll,aston_martin,8,6,Finished,57,8.0
2023,1,russell,mercedes,6,7,Finished,57,6.0
2023,1,bottas,alfa,12,8,Finished,57,4.0
2023,1,gasly,alpine,20,9,Finished,57,2.0
2023,1,albon,williams,15,10,Finished,57,1.0
2023,1,tsunoda,alphatauri,14,11,Finished,57,0.0
2023,1,sargeant,williams,16,12,Lapped,56,0.0
2023,1,kevin_magnussen,haas,17,13,Lapped,56,0.0
2023,1,de_vries,alphatauri,19,14,Lapped,56,0.0
2023,1,hulkenberg,haas,10,15,Lapped,56,0.0
2023,1,zhou,alfa,13,16,Lapped,56,0.0
2023,1,norris,mclaren,11,17,Lapped,55,0.0
2023,1,ocon,alpine,9,18,Retired,41,0.0
2023,1,leclerc,ferrari,3,19,Retired,39,0.0
2023,1,piastri,mclaren,18,20,Retired,13,0.0
2023,2,perez,red_bull,1,1,Finished,50,25.0
2023,2,max_verstappen,red_bull,15,2,Finished,50,19.0
2023,2,alonso,aston_martin,2,3,Finished,50,15.0
2023,2,russell,mercedes,3,4,Finished,50,12.0
2023,2,hamilton,mercedes,7,5,Finished,50,10.0
2023,2,sainz,ferrari,4,6,Finished,50,8.0
2023,2,leclerc,ferrari,12,7,Finished,50,6.0
2023,2,ocon,alpine,6,8,Finished,50,4.0
2023,2,gasly,alpine,9,9,Finished,50,2.0
2023,2,kevin_magnussen,haas,13,10,Finished,50,1.0
2023,2,tsunoda,alphatauri,16,11,Finished,50,0.0
2023,2,hulkenberg,haas,10,12,Finished,50,0.0
2023,2,zhou,alfa,11,13,Finished,50,0.0
2023,2,de_vries,alphatauri,18,14,Finished,50,0.0
2023,2,piastri,mclaren,8,15,Finished,50,0.0
2023,2,sargeant,williams,20,16,Finished,50,0.0
2023,2,norris,mclaren,19,17,Finished,50,0.0
2023,2,bottas,alfa,14,18,Lapped,49,0.0
2023,2,albon,williams,17,19,Retired,27,0.0
2023,2,stroll,aston_martin,5,20,Retired,16,0.0
2023,3,max_verstappen,red_bull,1,1,Finished,58,25.0
2023,3,hamilton,mercedes,3,2,Finished,58,18.0
2023,3,alonso,aston_martin,4,3,Finished,58,15.0
2023,3,stroll,aston_martin,6,4,Finished,58,12.0
2023,3,perez,red_bull,20,5,Finished,58,11.0
2023,3,norris,mclaren,13,6,Finished,58,8.0
2023,3,hulkenberg,haas,10,7,Finished,58,6.0
2023,3,piastri,mclaren,16,8,Finished,58,4.0
2023,3,zhou,alfa,17,9,Finished,58,2.0
2023,3,tsunoda,alphatauri,12,10,Finished,58,1.0
2023,3,bottas,alfa,19,11,Finished,58,0.0
2023,3,sainz,ferrari,5,12,Finished,58,0.0
2023,3,gasly,alpine,9,13,Retired,56,0.0
2023,3,ocon,alpine,11,14,Retired,56,0.0
2023,3,de_vries,alphatauri,15,15,Retired,56,0.0
2023,3,sargeant,williams,18,16,Retired,56,0.0
2023,3,kevin_magnussen,haas,14,17,Retired,52,0.0
2023,3,russell,mercedes,2,18,Retired,17,0.0
2023,3,albon,williams,8,19,Retired,6,0.0
2023,3,leclerc,ferrari,7,20,Retired,0,0.0
2023,4,perez,red_bull,3,1,Finished,51,25.0
2023,4,max_verstappen,red_bull,2,2,Finished,51,18.0
2023,4,leclerc,ferrari,1,3,Finished,51,15.0
2023,4,alonso,aston_martin,6,4,Finished,51,12.0
2023,4,sainz,ferrari,4,5,Finished,51,10.0
2023,4,hamilton,mercedes,5,6,Finished,51,8.0
2023,4,stroll,aston_martin,9,7,Finished,51,6.0
2023,4,russell,mercedes,11,8,Finished,51,5.0
2023,4,norris,mclaren,7,9,Finished,51,2.0
2023,4,tsunoda,alphatauri,8,10,Finished,51,1.0
2023,4,piastri,mclaren,10,11,Finished,51,0.0
2023,4,albon,williams,12,12,Finished,51,0.0
2023,4,kevin_magnussen,haas,16,13,Finished,51,0.0
2023,4,gasly,alpine,17,14,Finished,51,0.0
2023,4,ocon,alpine,19,15,Finished,51,0.0
2023,4,sargeant,williams,14,16,Finished,51,0.0
2023,4,hulkenberg,haas,20,17,Lapped,50,0.0
2023,4,bottas,alfa,13,18,Lapped,50,0.0
2023,4,zhou,alfa,15,19,Retired,36,0.0
2023,4,de_vries,alphatauri,18,20,Retired,9,0.0
2023,5,max_verstappen,red_bull,9,1,Finished,57,26.0
2023,5,perez,red_bull,1,2,Finished,57,18.0
2023,5,alonso,aston_martin,2,3,Finished,57,15.0
2023,5,russell,mercedes,6,4,Finished,57,12.0
2023,5,sainz,ferrari,3,5,Finished,57,10.0
2023,5,hamilton,mercedes,13,6,Finished,57,8.0
2023,5,leclerc,ferrari,7,7,Finished,57,6.0
2023,5,gasly,alpine,5,8,Finished,57,4.0
2023,5,ocon,alpine,8,9,Finished,57,2.0
2023,5,kevin_magnussen,haas,4,10,Finished,57,1.0
2023,5,tsunoda,alphatauri,17,11,Finished,57,0.0
2023,5,stroll,aston_martin,18,12,Finished,57,0.0
2023,5,bottas,alfa,10,13,Finished,57,0.0
2023,5,albon,williams,11,14,Finished,57,0.0
2023,5,hulkenberg,haas,12,15,Finished,57,0.0
2023,5,zhou,alfa,14,16,Finished,57,0.0
2023,5,norris,mclaren,16,17,Finished,57,0.0
2023,5,de_vries,alphatauri,15,18,Finished,57,0.0
2023,5,piastri,mclaren,19,19,Lapped,56,0.0
2023,5,sargeant,williams,20,20,Lapped,56,0.0
2023,6,max_verstappen,red_bull,1,1,Finished,78,25.0
2023,6,alonso,aston_martin,2,2,Finished,78,18.0
2023,6,ocon,alpine,3,3,Finished,78,15.0
2023,6,hamilton,mercedes,5,4,Finished,78,13.0
2023,6,russell,mercedes,8,5,Finished,78,10.0
2023,6,leclerc,ferrari,6,6,Finished,78,8.0
2023,6,gasly,alpine,7,7,Finished,78,6.0
2023,6,sainz,ferrari,4,8,Finished,78,4.0
2023,6,norris,mclaren,10,9,Lapped,77,2.0
2023,6,piastri,mclaren,11,10,Lapped,77,1.0
2023,6,bottas,alfa,15,11,Lapped,77,0.0
2023,6,de_vries,alphatauri,12,12,Lapped,77,0.0
2023,6,zhou,alfa,19,13,Lapped,77,0.0
2023,6,albon,williams,13,14,Lapped,77,0.0
2023,6,tsunoda,alphatauri,9,15,Lapped,76,0.0
2023,6,perez,red_bull,20,16,Lapped,76,0.0
2023,6,hulkenberg,haas,18,17,Lapped,76,0.0
2023,6,sargeant,williams,16,18,Lapped,76,0.0
2023,6,kevin_magnussen,haas,17,19,Retired,70,0.0
2023,6,stroll,aston_martin,14,20,Retired,53,0.0
2023,7,max_verstappen,red_bull,1,1,Finished,66,26.0
2023,7,hamilton,mercedes,4,2,Finished,66,18.0
2023,7,russell,mercedes,12,3,Finished,66,15.0
2023,7,perez,red_bull,11,4,Finished,66,12.0
2023,7,sainz,ferrari,2,5,Finished,66,10.0
2023,7,stroll,aston_martin,5,6,Finished,66,8.0
2023,7,alonso,aston_martin,8,7,Finished,66,6.0
2023,7,ocon,alpine,6,8,Finished,66,4.0
2023,7,zhou,alfa,13,9,Finished,66,2.0
2023,7,gasly,alpine,10,10,Finished,66,1.0
2023,7,leclerc,ferrari,19,11,Finished,66,0.0
2023,7,tsunoda,alphatauri,15,12,Finished,66,0.0
2023,7,piastri,mclaren,9,13,Lapped,65,0.0
2023,7,de_vries,alphatauri,14,14,Lapped,65,0.0
2023,7,hulkenberg,haas,7,15,Lapped,65,0.0
2023,7,albon,williams,18,16,Lapped,65,0.0
2023,7,norris,mclaren,3,17,Lapped,65,0.0
2023,7,kevin_magnussen,haas,17,18,Lapped,65,0.0
2023,7,bottas,alfa,16,19,Lapped,65,0.0
2023,7,sargeant,williams,20,20,Lapped,65,0.0
2023,8,max_verstappen,red_bull,1,1,Finished,70,25.0
2023,8,alonso,aston_martin,2,2,Finished,70,18.0
2023,8,hamilton,mercedes,3,3,Finished,70,15.0
2023,8,leclerc,ferrari,10,4,Finished,70,12.0
2023,8,sainz,ferrari,11,5,Finished,70,10.0
2023,8,perez,red_bull,12,6,Finished,70,9.0
2023,8,albon,williams,9,7,Finished,70,6.0
2023,8,ocon,alpine,6,8,Finished,70,4.0
2023,8,stroll,aston_martin,16,9,Finished,70,2.0
2023,8,bottas,alfa,14,10,Finished,70,1.0
2023,8,piastri,mclaren,8,11,Finished,70,0.0
2023,8,gasly,alpine,15,12,Finished,70,0.0
2023,8,norris,mclaren,7,13,Finished,70,0.0
2023,8,tsunoda,alphatauri,19,14,Finished,70,0.0
2023,8,hulkenberg,haas,5,15,Lapped,69,0.0
2023,8,zhou,alfa,20,16,Lapped,69,0.0
2023,8,kevin_magnussen,haas,13,17,Lapped,69,0.0
2023,8,de_vries,alphatauri,17,18,Lapped,69,0.0
2023,8,russell,mercedes,4,19,Retired,53,0.0
2023,8,sargeant,williams,18,20,Retired,6,0.0
2023,9,max_verstappen,red_bull,1,1,Finished,71,26.0
2023,9,leclerc,ferrari,2,2,Finished,71,18.0
2023,9,perez,red_bull,15,3,Finished,71,15.0
2023,9,norris,mclaren,4,4,Finished,71,12.0
2023,9,alonso,aston_martin,7,5,Finished,71,10.0
2023,9,sainz,ferrari,3,6,Finished,71,8.0
2023,9,russell,mercedes,11,7,Finished,71,6.0
2023,9,hamilton,mercedes,5,8,Finished,71,4.0
2023,9,stroll,aston_martin,6,9,Finished,71,2.0
2023,9,gasly,alpine,9,10,Finished,71,1.0
2023,9,albon,williams,10,11,Finished,71,0.0
2023,9,zhou,alfa,17,12,Lapped,70,0.0
2023,9,sargeant,williams,18,13,Lapped,70,0.0
2023,9,ocon,alpine,12,14,Lapped,70,0.0
2023,9,bottas,alfa,14,15,Lapped,70,0.0
2023,9,piastri,mclaren,13,16,Lapped,70,0.0
2023,9,de_vries,alphatauri,20,17,Lapped,70,0.0
2023,9,kevin_magnussen,haas,19,18,Lapped,70,0.0
2023,9,tsunoda,alphatauri,16,19,Lapped,70,0.0
2023,9,hulkenberg,haas,8,20,Retired,12,0.0
2023,10,max_verstappen,red_bull,1,1,Finished,52,26.0
2023,10,norris,mclaren,2,2,Finished,52,18.0
2023,10,hamilton,mercedes,7,3,Finished,52,15.0
2023,10,piastri,mclaren,3,4,Finished,52,12.0
2023,10,russell,mercedes,6,5,Finished,52,10.0
2023,10,perez,red_bull,15,6,Finished,52,8.0
2023,10,alonso,aston_martin,9,7,Finished,52,6.0
2023,10,albon,williams,8,8,Finished,52,4.0
2023,10,leclerc,ferrari,4,9,Finished,52,2.0
2023,10,sainz,ferrari,5,10,Finished,52,1.0
2023,10,sargeant,williams,14,11,Finished,52,0.0
2023,10,bottas,alfa,20,12,Finished,52,0.0
2023,10,hulkenberg,haas,11,13,Finished,52,0.0
2023,10,stroll,aston_martin,12,14,Finished,52,0.0
2023,10,zhou,alfa,17,15,Finished,52,0.0
2023,10,tsunoda,alphatauri,16,16,Finished,52,0.0
2023,10,de_vries,alphatauri,18,17,Finished,52,0.0
2023,10,gasly,alpine,10,18,Retired,46,0.0
2023,10,kevin_magnussen,haas,19,19,Retired,31,0.0
2023,10,ocon,alpine,13,20,Retired,9,0.0
2023,11,max_verstappen,red_bull,2,1,Finished,70,26.0
2023,11,norris,mclaren,3,2,Finished,70,18.0
2023,11,perez,red_bull,9,3,Finished,70,15.0
2023,11,hamilton,mercedes,1,4,Finished,70,12.0
2023,11,piastri,mclaren,4,5,Finished,70,10.0
2023,11,russell,mercedes,18,6,Finished,70,8.0
2023,11,leclerc,ferrari,6,7,Finished,70,6.0
2023,11,sainz,ferrari,11,8,Finished,70,4.0
2023,11,alonso,aston_martin,8,9,Finished,70,2.0
2023,11,stroll,aston_martin,14,10,Lapped,69,1.0
2023,11,albon,williams,16,11,Lapped,69,0.0
2023,11,bottas,alfa,7,12,Lapped,69,0.0
2023,11,ricciardo,alphatauri,13,13,Lapped,69,0.0
2023,11,hulkenberg,haas,10,14,Lapped,69,0.0
2023,11,tsunoda,alphatauri,17,15,Lapped,69,0.0
2023,11,zhou,alfa,5,16,Lapped,69,0.0
2023,11,kevin_magnussen,haas,19,17,Lapped,69,0.0
2023,11,sargeant,williams,20,18,Retired,67,0.0
2023,11,ocon,alpine,12,19,Retired,2,0.0
2023,11,gasly,alpine,15,20,Retired,1,0.0
2023,12,max_verstappen,red_bull,6,1,Finished,44,25.0
2023,12,perez,red_bull,2,2,Finished,44,18.0
2023,12,leclerc,ferrari,1,3,Finished,44,15.0
2023,12,hamilton,mercedes,3,4,Finished,44,13.0
2023,12,alonso,aston_martin,9,5,Finished,44,10.0
2023,12,russell,mercedes,8,6,Finished,44,8.0
2023,12,norris,mclaren,7,7,Finished,44,6.0
2023,12,ocon,alpine,14,8,Finished,44,4.0
2023,12,stroll,aston_martin,10,9,Finished,44,2.0
2023,12,tsunoda,alphatauri,11,10,Finished,44,1.0
2023,12,gasly,alpine,12,11,Finished,44,0.0
2023,12,bottas,alfa,13,12,Finished,44,0.0
2023,12,zhou,alfa,17,13,Finished,44,0.0
2023,12,albon,williams,15,14,Finished,44,0.0
2023,12,kevin_magnussen,haas,16,15,Finished,44,0.0
2023,12,ricciardo,alphatauri,19,16,Finished,44,0.0
2023,12,sargeant,williams,18,17,Finished,44,0.0
2023,12,hulkenberg,haas,20,18,Finished,44,0.0
2023,12,sainz,ferrari,4,19,Retired,23,0.0
2023,12,piastri,mclaren,5,20,Retired,0,0.0
2023,13,max_verstappen,red_bull,1,1,Finished,72,25.0
2023,13,alonso,aston_martin,5,2,Finished,72,19.0
2023,13,gasly,alpine,12,3,Finished,72,15.0
2023,13,perez,red_bull,7,4,Finished,72,12.0
2023,13,sainz,ferrari,6,5,Finished,72,10.0
2023,13,hamilton,mercedes,13,6,Finished,72,8.0
2023,13,norris,mclaren,2,7,Finished,72,6.0
2023,13,albon,williams,4,8,Finished,72,4.0
2023,13,piastri,mclaren,8,9,Finished,72,2.0
2023,13,ocon,alpine,16,10,Finished,72,1.0
2023,13,stroll,aston_martin,11,11,Finished,72,0.0
2023,13,hulkenberg,haas,14,12,Finished,72,0.0
2023,13,lawson,alphatauri,19,13,Finished,72,0.0
2023,13,bottas,alfa,18,14,Finished,72,0.0
2023,13,tsunoda,alphatauri,17,15,Finished,72,0.0
2023,13,kevin_magnussen,haas,0,16,Finished,72,0.0
2023,13,russell,mercedes,3,17,Finished,72,0.0
2023,13,zhou,alfa,15,18,Accident,62,0.0
2023,13,leclerc,ferrari,9,19,Undertray,41,0.0
2023,13,sargeant,williams,10,20,Accident,14,0.0
2023,14,max_verstappen,red_bull,2,1,Finished,51,25.0
2023,14,perez,red_bull,5,2,Finished,51,18.0
2023,14,sainz,ferrari,1,3,Finished,51,15.0
2023,14,leclerc,ferrari,3,4,Finished,51,12.0
2023,14,russell,mercedes,4,5,Finished,51,10.0
2023,14,hamilton,mercedes,8,6,Finished,51,8.0
2023,14,albon,williams,6,7,Finished,51,6.0
2023,14,norris,mclaren,9,8,Finished,51,4.0
2023,14,alonso,aston_martin,10,9,Finished,51,2.0
2023,14,bottas,alfa,14,10,Finished,51,1.0
2023,14,lawson,alphatauri,12,11,Finished,51,0.0
2023,14,piastri,mclaren,7,12,Finished,51,0.0
2023,14,sargeant,williams,15,13,Finished,51,0.0
2023,14,zhou,alfa,16,14,Finished,51,0.0
2023,14,gasly,alpine,17,15,Finished,51,0.0
2023,14,stroll,aston_martin,20,16,Finished,51,0.0
2023,14,hulkenberg,haas,13,17,Lapped,50,0.0
2023,14,kevin_magnussen,haas,19,18,Lapped,50,0.0
2023,14,ocon,alpine,18,19,Retired,39,0.0
2023,14,tsunoda,alphatauri,11,20,Did not start,0,0.0
2023,15,sainz,ferrari,1,1,Finished,62,25.0
2023,15,norris,mclaren,4,2,Finished,62,18.0
2023,15,hamilton,mercedes,5,3,Finished,62,16.0
2023,15,leclerc,ferrari,3,4,Finished,62,12.0
2023,15,max_verstappen,red_bull,11,5,Finished,62,10.0
2023,15,gasly,alpine,12,6,Finished,62,8.0
2023,15,piastri,mclaren,17,7,Finished,62,6.0
2023,15,perez,red_bull,13,8,Finished,62,4.0
2023,15,lawson,alphatauri,10,9,Finished,62,2.0
2023,15,kevin_magnussen,haas,6,10,Finished,62,1.0
2023,15,albon,williams,14,11,Finished,62,0.0
2023,15,zhou,alfa,19,12,Finished,62,0.0
2023,15,hulkenberg,haas,9,13,Finished,62,0.0
2023,15,sargeant,williams,18,14,Finished,62,0.0
2023,15,alonso,aston_martin,7,15,Finished,62,0.0
2023,15,russell,mercedes,2,16,Retired,61,0.0
2023,15,bottas,alfa,16,17,Retired,51,0.0
2023,15,ocon,alpine,8,18,Retired,42,0.0
2023,15,tsunoda,alphatauri,15,19,Retired,0,0.0
2023,15,stroll,aston_martin,0,20,Withdrew,0,0.0
2023,16,max_verstappen,red_bull,1,1,Finished,53,26.0
2023,16,norris,mclaren,3,2,Finished,53,18.0
2023,16,piastri,mclaren,2,3,Finished,53,15.0
2023,16,leclerc,ferrari,4,4,Finished,53,12.0
2023,16,hamilton,mercedes,7,5,Finished,53,10.0
2023,16,sainz,ferrari,6,6,Finished,53,8.0
2023,16,russell,mercedes,8,7,Finished,53,6.0
2023,16,alonso,aston_martin,10,8,Finished,53,4.0
2023,16,ocon,alpine,14,9,Finished,53,2.0
2023,16,gasly,alpine,12,10,Finished,53,1.0
2023,16,lawson,alphatauri,11,11,Lapped,52,0.0
2023,16,tsunoda,alphatauri,9,12,Lapped,52,0.0
2023,16,zhou,alfa,19,13,Lapped,52,0.0
2023,16,hulkenberg,haas,18,14,Lapped,52,0.0
2023,16,kevin_magnussen,haas,15,15,Lapped,52,0.0
2023,16,albon,williams,13,16,Retired,26,0.0
2023,16,sargeant,williams,20,17,Retired,22,0.0
2023,16,stroll,aston_martin,17,18,Retired,20,0.0
2023,16,perez,red_bull,5,19,Retired,15,0.0
2023,16,bottas,alfa,16,20,Retired,7,0.0
2023,17,max_verstappen,red_bull,1,1,Finished,57,26.0
2023,17,piastri,mclaren,6,2,Finished,57,18.0
2023,17,norris,mclaren,10,3,Finished,57,15.0
2023,17,russell,mercedes,2,4,Finished,57,12.0
2023,17,leclerc,ferrari,5,5,Finished,57,10.0
2023,17,alonso,aston_martin,4,6,Finished,57,8.0
2023,17,ocon,alpine,8,7,Finished,57,6.0
2023,17,bottas,alfa,9,8,Finished,57,4.0
2023,17,zhou,alfa,19,9,Finished,57,2.0
2023,17,perez,red_bull,20,10,Finished,57,1.0
2023,17,stroll,aston_martin,16,11,Finished,57,0.0
2023,17,gasly,alpine,7,12,Finished,57,0.0
2023,17,albon,williams,13,13,Finished,57,0.0
2023,17,kevin_magnussen,haas,18,14,Lapped,56,0.0
2023,17,tsunoda,alphatauri,11,15,Lapped,56,0.0
2023,17,hulkenberg,haas,14,16,Lapped,56,0.0
2023,17,lawson,alphatauri,17,17,Lapped,56,0.0
2023,17,sargeant,williams,15,18,Retired,40,0.0
2023,17,hamilton,mercedes,3,19,Retired,0,0.0
2023,17,sainz,ferrari,12,20,Did not start,0,0.0
2023,18,max_verstappen,red_bull,6,1,Finished,56,25.0
2023,18,norris,mclaren,2,2,Finished,56,18.0
2023,18,sainz,ferrari,4,3,Finished,56,15.0
2023,18,perez,red_bull,9,4,Finished,56,12.0
2023,18,russell,mercedes,5,5,Finished,56,10.0
2023,18,gasly,alpine,7,6,Finished,56,8.0
2023,18,stroll,aston_martin,20,7,Finished,56,6.0
2023,18,tsunoda,alphatauri,11,8,Finished,56,5.0
2023,18,albon,williams,15,9,Finished,56,2.0
2023,18,sargeant,williams,16,10,Finished,56,1.0
2023,18,hulkenberg,haas,18,11,Finished,56,0.0
2023,18,bottas,alfa,13,12,Finished,56,0.0
2023,18,zhou,alfa,12,13,Lapped,55,0.0
2023,18,kevin_magnussen,haas,17,14,Lapped,55,0.0
2023,18,ricciardo,alphatauri,14,15,Lapped,55,0.0
2023,18,alonso,aston_martin,19,16,Retired,49,0.0
2023,18,piastri,mclaren,10,17,Retired,10,0.0
2023,18,ocon,alpine,8,18,Retired,6,0.0
2023,18,hamilton,mercedes,3,19,Disqualified,56,0.0
2023,18,leclerc,ferrari,1,20,Disqualified,56,0.0
2023,19,max_verstappen,red_bull,3,1,Finished,71,25.0
2023,19,hamilton,mercedes,6,2,Finished,71,19.0
2023,19,leclerc,ferrari,1,3,Finished,71,15.0
2023,19,sainz,ferrari,2,4,Finished,71,12.0
2023,19,norris,mclaren,17,5,Finished,71,10.0
2023,19,russell,mercedes,8,6,Finished,71,8.0
2023,19,ricciardo,alphatauri,4,7,Finished,71,6.0
2023,19,piastri,mclaren,7,8,Finished,71,4.0
2023,19,albon,williams,14,9,Finished,71,2.0
2023,19,ocon,alpine,15,10,Finished,71,1.0
2023,19,gasly,alpine,11,11,Finished,71,0.0
2023,19,tsunoda,alphatauri,18,12,Finished,71,0.0
2023,19,hulkenberg,haas,12,13,Finished,71,0.0
2023,19,zhou,alfa,10,14,Finished,71,0.0
2023,19,bottas,alfa,9,15,Finished,71,0.0
2023,19,sargeant,williams,19,16,Retired,70,0.0
2023,19,stroll,aston_martin,0,17,Collision damage,66,0.0
2023,19,alonso,aston_martin,13,18,Withdrew,47,0.0
2023,19,kevin_magnussen,haas,16,19,Accident,31,0.0
2023,19,perez,red_bull,5,20,Collision damage,1,0.0
2023,20,max_verstappen,red_bull,1,1,Finished,71,25.0
2023,20,norris,mclaren,6,2,Finished,71,19.0
2023,20,alonso,aston_martin,4,3,Finished,71,15.0
2023,20,perez,red_bull,9,4,Finished,71,12.0
2023,20,stroll,aston_martin,3,5,Finished,71,10.0
2023,20,sainz,ferrari,7,6,Finished,71,8.0
2023,20,gasly,alpine,15,7,Finished,71,6.0
2023,20,hamilton,mercedes,5,8,Finished,71,4.0
2023,20,tsunoda,alphatauri,16,9,Finished,71,2.0
2023,20,ocon,alpine,14,10,Lapped,70,1.0
2023,20,sargeant,williams,19,11,Lapped,70,0.0
2023,20,hulkenberg,haas,11,12,Lapped,70,0.0
2023,20,ricciardo,alphatauri,17,13,Lapped,70,0.0
2023,20,piastri,mclaren,10,14,Lapped,69,0.0
2023,20,russell,mercedes,8,15,Retired,57,0.0
2023,20,bottas,alfa,18,16,Retired,39,0.0
2023,20,zhou,alfa,20,17,Retired,22,0.0
2023,20,kevin_magnussen,haas,12,18,Retired,0,0.0
2023,20,albon,williams,13,19,Retired,0,0.0
2023,20,leclerc,ferrari,2,20,Did not start,0,0.0
2023,21,max_verstappen,red_bull,2,1,Finished,50,25.0
2023,21,leclerc,ferrari,1,2,Finished,50,18.0
2023,21,perez,red_bull,11,3,Finished,50,15.0
2023,21,ocon,alpine,16,4,Finished,50,12.0
2023,21,stroll,aston_martin,19,5,Finished,50,10.0
2023,21,sainz,ferrari,12,6,Finished,50,8.0
2023,21,hamilton,mercedes,10,7,Finished,50,6.0
2023,21,russell,mercedes,3,8,Finished,50,4.0
2023,21,alonso,aston_martin,9,9,Finished,50,2.0
2023,21,piastri,mclaren,18,10,Finished,50,2.0
2023,21,gasly,alpine,4,11,Finished,50,0.0
2023,21,albon,williams,5,12,Finished,50,0.0
2023,21,kevin_magnussen,haas,8,13,Finished,50,0.0
2023,21,ricciardo,alphatauri,14,14,Finished,50,0.0
2023,21,zhou,alfa,17,15,Finished,50,0.0
2023,21,sargeant,williams,6,16,Finished,50,0.0
2023,21,bottas,alfa,7,17,Finished,50,0.0
2023,21,tsunoda,alphatauri,20,18,Retired,46,0.0
2023,21,hulkenberg,haas,13,19,Retired,45,0.0
2023,21,norris,mclaren,15,20,Retired,2,0.0
2023,22,max_verstappen,red_bull,1,1,Finished,58,26.0
2023,22,leclerc,ferrari,2,2,Finished,58,18.0
2023,22,russell,mercedes,4,3,Finished,58,15.0
2023,22,perez,red_bull,9,4,Finished,58,12.0
2023,22,norris,mclaren,5,5,Finished,58,10.0
2023,22,piastri,mclaren,3,6,Finished,58,8.0
2023,22,alonso,aston_martin,7,7,Finished,58,6.0
2023,22,tsunoda,alphatauri,6,8,Finished,58,4.0
2023,22,hamilton,mercedes,11,9,Finished,58,2.0
2023,22,stroll,aston_martin,13,10,Finished,58,1.0
2023,22,ricciardo,alphatauri,15,11,Finished,58,0.0
2023,22,ocon,alpine,12,12,Finished,58,0.0
2023,22,gasly,alpine,10,13,Finished,58,0.0
2023,22,albon,williams,14,14,Finished,58,0.0
2023,22,hulkenberg,haas,8,15,Finished,58,0.0
2023,22,sargeant,williams,20,16,Finished,58,0.0
2023,22,zhou,alfa,19,17,Finished,58,0.0
2023,22,sainz,ferrari,16,18,Retired,57,0.0
2023,22,bottas,alfa,18,19,Lapped,57,0.0
2023,22,kevin_magnussen,haas,17,20,Lapped,57,0.0
